"0","1","2","3","4","5","6","7"
13.6645962732919,4.4980965738329,1.10198357042677,71.9094369865758,0.286476898965281,8.76577840112202,0.0343897288226791,0.00731421615639924
13.4816736295358,3.60396436079688,1.36149764741215,72.8100911002102,0.480528581439583,7.83862248473321,0.0229227923960445,9.69202776285431e-05
13.5598316295851,3.49892872146909,1.54339547003408,73.1509320505111,0.390859891761876,7.79715373822409,0.0258055507155882,0.000632968631989346
13.2643839742946,3.47250064419824,1.29531077417411,75.925990091158,0.49412801970449,8.25384074706296,0.0247842980298664,0.00142057598691253
13.2925974156065,3.62616447961535,1.24211158970249,72.0256835096971,0.374307090336789,8.08374236201543,0.0253815795261317,0.000375502403345797
12.7951180472189,3.61144457783113,1.62064825930372,72.9991996798719,0.640256102440976,8.07322929171669,0.0345532834659474,0.260104041616647
13.31597917501,3.55398169302017,1.42486939206347,73.6145555460855,0.580696836203444,8.17981577893472,0.0270053618419573,0.00119588915771191
13.1684358101342,3.61506108551973,1.3937280123614,71.1980220960899,0.570799118766273,8.25155217304226,0.0294299463146709,0.00146122708683398
14.0498348844191,3.5825077554288,1.37095967177024,72.1304913439408,0.355040263365741,8.30581406984889,0.0256664047786667,2.33416177932156e-05
12.9961011696491,3.59892032390283,1.52855898976921,72.9681095671299,0.569829051284615,8.39748075577327,0.0353147438181942,0.109967009897031
12.7276365819492,3.46207724634781,1.56093656193716,74.5035012789372,0.645723008549802,8.158541849131,0.0326589684348679,0.240144086451871
13.3394873437486,3.66366366366366,1.31152683236936,73.0830830830831,0.6006006006006,8.56856856856857,0.0290189133248811,0.00110642566559281
12.8838651595479,3.34900337371206,1.85989796333777,73.3019905971792,0.690207062118636,8.05241572471741,0.0356295825187771,0.240072021606482
12.8612861286129,3.56035603560356,1.27012701270127,73.2173217321732,0.260699612408357,8.38083808380838,0.0339439996313624,0.17001700170017
12.6251501802163,3.59431317581097,1.16626576098142,73.3780536643973,0.580696836203444,8.51021225470565,0.0292814919207089,0.019544379063346
12.8369576109831,3.54744964425293,1.12548532599251,73.394127668103,0.530566649088182,8.4076560777633,0.0257122094789706,0.001665660839992
13.3854905947093,3.67257079955969,1.28682761339539,73.1612128489943,0.610427299109377,8.70609426598619,0.0294272503324409,0.000912816377572907
14.3945469125902,3.85926222935044,0.892141138732959,77.2353402856307,0.150360866078589,9.1720128307939,0.0239069678992442,3.08741162186132e-05
13.9167000400481,3.73448137765318,1.18141770124149,72.2066479775731,0.0600720865038046,8.20912529733019,0.0323542286538878,0.00943367271048694
13.0029966639724,3.53893831850445,1.51949949983717,72.7081875437369,0.539838048585424,8.43746875937219,0.035393129600233,0.0699790062981106
13.0448801568376,3.55497696775486,1.49208892449429,75.3671104080548,0.540757059883837,8.53194472261166,0.0346562341640224,0.190266372922091
14.7907069897857,3.75525736030443,0.290406569196876,72.1209693570999,0.0300420588824354,9.01261766473062,0.0079619026170922,1.18742222914901e-13
12.8094617620527,3.62834519394608,1.29297383983161,72.9578029467776,0.591360128295079,8.72005612909692,0.0343006918877975,0.0470175920707005
12.8151260504202,3.57142857142857,1.35054021608643,72.3867546394011,0.620248099239696,8.59343737494998,0.0337354959811062,0.0348877998016842
13.2949888789304,3.5066626590522,1.15071195619613,76.4599226906846,0.500951808436028,8.44604749023144,0.0230510729588685,0.00039797197643871
12.9916925232709,3.54318886998298,1.21108998098288,73.3595061880265,0.569449561533785,8.53768391552397,0.0277849519794424,0.00217147867256199
13.0921022098351,3.48837209302325,1.41339214113873,72.8147554129912,0.570101961805518,8.45028067361668,0.0310721065071492,0.00665582968257294
13.3033394599441,3.67830956735009,1.33386821783171,73.2524320529536,0.561628723297563,8.45451810249724,0.0291254209222656,0.00202283131157303
12.5889545955698,3.52811466372657,1.13807698677622,73.3186328555678,0.571314022251178,8.34485969920496,0.0266176571493239,0.0067983840368183
13.1062124248497,3.49699398797595,1.28256513026052,73.0060120240481,0.601202404809619,8.50701402805611,0.0279038902103675,0.00119290024838873
12.6462061381586,3.55893232030391,1.29961011696491,73.0580825752274,0.609817054883535,8.68739378186544,0.0346115040614777,0.139958012596221
12.8580012016824,3.50490686961746,1.14159823753255,73.3727218105347,0.560785099138794,8.56198678149409,0.0268329372060926,0.00188106793113949
12.8487151284872,3.83502911986371,3.80254608964963,72.962703729627,2.35521282050716,8.55914408559144,0.08999100089991,55374.8385477795
12.5674865026995,3.59158969514309,1.37972405518896,65.813990483408,0.526981396833671,8.14528585981072,0.035047584056743,0.0060542427257142
13.2856139256492,3.54567307692308,1.34214743589744,73.066907051282,0.570913461538461,8.76402243589744,0.0316294030578665,0.00287846582780687
13.3016061513366,3.68556846389765,1.21218192746944,72.8711681025846,0.561009817671809,8.58545381687037,0.0275031694114074,0.000513090537687076
13.8969484742371,5.69193258922325,1.32066033016508,38.9297158486261,0.510255127563782,9.97622841250167,0.110055027513757,1.34867063564789e-08
12.7591387080621,3.48522784176264,1.35202804206309,73.0696044066099,0.640961442163245,8.3763648748723,0.0304293809562264,0.0190668403094216
14.2171085542771,3.82191095547774,0.470235117558779,71.8059029514757,0.110055027513757,8.56270658550218,0.010642120646176,4.00554947425699e-11
14.2171085542771,3.82191095547774,0.470235117558779,71.8059029514757,0.110055027513757,9.57478739369685,0.0150263390018929,9.44638861013952e-10
