dataset,method,n,d,r2_mean,r2_std,seeds,sumdev
steel,none (reference),312,13,0.8151,0.0,0,
steel,CRISP,312,13,0.699,0.0146,5,0.0
steel,MICE,312,13,0.7269,0.0288,5,0.3559
steel,KNN,312,13,0.7573,0.0167,5,4.704
steel,mean,312,13,0.701,0.0217,5,10.5903
steel,SoftImpute,312,13,0.56,0.061,5,1.888
cement,none (reference),1030,7,0.4668,0.0,0,
cement,CRISP,1030,7,0.4386,0.007,5,0.0
cement,MICE,1030,7,0.4446,0.0119,5,0.004
cement,KNN,1030,7,0.4369,0.0192,5,0.9132
cement,mean,1030,7,0.4191,0.0194,5,1.9564
cement,SoftImpute,1030,7,0.4301,0.0192,5,0.7127
ge,none (reference),86,9,0.3994,0.0,0,
ge,CRISP,86,9,0.3721,0.0346,5,0.0
ge,MICE,86,9,0.3691,0.0611,5,0.1857
ge,KNN,86,9,0.3517,0.0558,5,9.3878
ge,mean,86,9,0.3743,0.0467,5,10.0761
ge,SoftImpute,86,9,0.4397,0.0442,5,9.0135
glass,none (reference),40,8,0.6748,0.0,0,
glass,CRISP,40,8,0.4385,0.2111,5,0.0
glass,MICE,40,8,0.2736,0.6718,5,0.0526
glass,KNN,40,8,0.1872,0.6892,5,0.1562
glass,mean,40,8,-0.0151,0.836,5,0.2418
glass,SoftImpute,40,8,-0.2387,1.4852,5,0.0882
