dataset,method,mae,sumdev,seeds,mae_std
ge_nd_MAR_10,impKNNa,8.75,2.1875,1,
ge_nd_MAR_10,missForest,10.0397,2.5099,1,
ge_nd_MAR_10,CRISP,2.5,0.0,5,5.0
ge_nd_MAR_10,MICE,3.0397,0.5995,5,2.2227
ge_nd_MAR_10,KNN,9.6683,2.7433,5,1.3149
ge_nd_MAR_10,mean,12.3628,3.4012,5,2.9126
ge_nd_MAR_30,impKNNa,10.3728,9.3542,1,
ge_nd_MAR_30,missForest,10.1721,9.6635,1,
ge_nd_MAR_30,CRISP,6.9918,0.0,5,2.9208
ge_nd_MAR_30,MICE,8.4802,7.6609,5,3.0439
ge_nd_MAR_30,KNN,10.3565,9.7267,5,0.6624
ge_nd_MAR_30,mean,12.5448,12.204,5,1.7797
ge_nd_MCAR_10,impKNNa,6.6667,4.0,1,
ge_nd_MCAR_10,missForest,8.6437,5.1862,1,
ge_nd_MCAR_10,CRISP,6.0454,0.0,5,4.3446
ge_nd_MCAR_10,MICE,4.5541,1.5367,5,3.9467
ge_nd_MCAR_10,KNN,8.529,3.57,5,2.5141
ge_nd_MCAR_10,mean,12.4246,5.4626,5,2.7911
ge_nd_MCAR_30,impKNNa,13.2682,19.3958,1,
ge_nd_MCAR_30,missForest,11.8607,18.5409,1,
ge_nd_MCAR_30,CRISP,10.4655,0.0,5,2.9291
ge_nd_MCAR_30,MICE,11.5729,11.8016,5,1.5316
ge_nd_MCAR_30,KNN,11.1293,12.3467,5,2.1389
ge_nd_MCAR_30,mean,14.4178,16.8071,5,1.4252
ge_nd_MNAR_10,impKNNa,8.75,0.875,1,
ge_nd_MNAR_10,missForest,5.8813,0.5881,1,
ge_nd_MNAR_10,CRISP,,0.0,5,
ge_nd_MNAR_10,MICE,,0.1115,5,
ge_nd_MNAR_10,KNN,,1.0983,5,
ge_nd_MNAR_10,mean,,1.2586,5,
ge_nd_MNAR_30,impKNNa,6.4062,2.3125,1,
ge_nd_MNAR_30,missForest,7.8468,3.1387,1,
ge_nd_MNAR_30,CRISP,3.7597,0.0,5,2.3511
ge_nd_MNAR_30,MICE,2.9632,1.1139,5,1.7516
ge_nd_MNAR_30,KNN,9.2719,4.2633,5,0.3476
ge_nd_MNAR_30,mean,10.9016,5.3657,5,1.7984
synA1_MAR_10,impKNNa,8.3789,6.0344,1,
synA1_MAR_10,missForest,7.356,5.1626,1,
synA1_MAR_10,CRISP,2.8352,0.0033,5,1.041
synA1_MAR_10,MICE,7.6308,7.906,5,1.8466
synA1_MAR_10,KNN,7.1828,6.6911,5,1.8669
synA1_MAR_10,mean,7.4303,7.5492,5,1.7359
synA1_MAR_30,impKNNa,,,1,
synA1_MAR_30,missForest,6.8543,23.1517,1,
synA1_MAR_30,CRISP,6.798,0.0001,5,1.8696
synA1_MAR_30,MICE,7.9174,22.9453,5,1.0786
synA1_MAR_30,KNN,7.3338,21.2943,5,0.8409
synA1_MAR_30,mean,7.3189,23.0135,5,0.7194
synA1_MCAR_10,impKNNa,8.5827,7.8292,1,
synA1_MCAR_10,missForest,7.5832,7.3803,1,
synA1_MCAR_10,CRISP,3.0452,0.0026,5,0.5334
synA1_MCAR_10,MICE,8.393,8.2189,5,0.4371
synA1_MCAR_10,KNN,8.1625,7.804,5,0.4247
synA1_MCAR_10,mean,7.958,8.3261,5,0.5757
synA1_MCAR_30,impKNNa,,,1,
synA1_MCAR_30,missForest,7.1289,22.6569,1,
synA1_MCAR_30,CRISP,6.2046,0.0001,5,2.2783
synA1_MCAR_30,MICE,8.6546,26.4624,5,0.2213
synA1_MCAR_30,KNN,8.1253,24.9983,5,0.3577
synA1_MCAR_30,mean,8.0435,26.4631,5,0.4223
synA1_MNAR_10,impKNNa,6.9607,4.0316,1,
synA1_MNAR_10,missForest,6.7483,3.8286,1,
synA1_MNAR_10,CRISP,1.4097,0.0043,5,0.8342
synA1_MNAR_10,MICE,5.6208,3.9077,5,1.0798
synA1_MNAR_10,KNN,4.9301,3.057,5,1.3024
synA1_MNAR_10,mean,4.9794,3.3944,5,1.0867
synA1_MNAR_30,impKNNa,7.2979,13.18,1,
synA1_MNAR_30,missForest,4.5858,9.8092,1,
synA1_MNAR_30,CRISP,3.5192,0.0009,5,0.6323
synA1_MNAR_30,MICE,5.7106,10.656,5,0.479
synA1_MNAR_30,KNN,5.0202,8.0493,5,0.4922
synA1_MNAR_30,mean,4.7493,9.3553,5,0.483
synA2_MAR_10,impKNNa,7.9917,6.6273,1,
synA2_MAR_10,missForest,6.6266,6.509,1,
synA2_MAR_10,CRISP,1.6551,0.0031,5,0.6793
synA2_MAR_10,MICE,6.6574,5.794,5,1.1135
synA2_MAR_10,KNN,6.3943,5.2587,5,0.8472
synA2_MAR_10,mean,6.48,5.6506,5,1.1755
synA2_MAR_30,impKNNa,8.0996,21.3977,1,
synA2_MAR_30,missForest,7.5474,24.1666,1,
synA2_MAR_30,CRISP,7.6724,0.0001,5,1.751
synA2_MAR_30,MICE,7.6677,22.8117,5,0.8894
synA2_MAR_30,KNN,7.524,20.4397,5,0.7354
synA2_MAR_30,mean,7.4695,22.6336,5,0.9105
synA2_MCAR_10,impKNNa,8.5383,8.7743,1,
synA2_MCAR_10,missForest,6.9881,7.5546,1,
synA2_MCAR_10,CRISP,3.4925,0.0031,5,1.1795
synA2_MCAR_10,MICE,7.5814,7.742,5,1.2021
synA2_MCAR_10,KNN,6.9401,6.4797,5,1.1903
synA2_MCAR_10,mean,7.2054,7.3865,5,1.188
synA2_MCAR_30,impKNNa,,,1,
synA2_MCAR_30,missForest,7.2293,24.8392,1,
synA2_MCAR_30,CRISP,7.614,0.0003,5,1.7999
synA2_MCAR_30,MICE,7.3637,23.1136,5,0.454
synA2_MCAR_30,KNN,7.0806,19.6949,5,0.2053
synA2_MCAR_30,mean,7.1396,22.8247,5,0.336
synA2_MNAR_10,impKNNa,6.0528,3.4147,1,
synA2_MNAR_10,missForest,4.7539,2.76,1,
synA2_MNAR_10,CRISP,1.2693,0.0044,5,0.436
synA2_MNAR_10,MICE,4.9287,2.9465,5,0.774
synA2_MNAR_10,KNN,5.0978,2.9359,5,0.2009
synA2_MNAR_10,mean,4.7926,2.8758,5,0.5293
synA2_MNAR_30,impKNNa,6.3754,9.9723,1,
synA2_MNAR_30,missForest,4.8469,10.6523,1,
synA2_MNAR_30,CRISP,3.9803,0.0011,5,0.882
synA2_MNAR_30,MICE,5.0226,9.1039,5,0.4251
synA2_MNAR_30,KNN,4.9423,7.3453,5,0.4124
synA2_MNAR_30,mean,4.6473,8.9349,5,0.5005
synA3_MAR_10,impKNNa,7.6625,7.6177,1,
synA3_MAR_10,missForest,8.2344,8.7224,1,
synA3_MAR_10,CRISP,3.0159,0.0024,5,1.6356
synA3_MAR_10,MICE,7.2653,7.0309,5,0.5913
synA3_MAR_10,KNN,6.4402,5.6218,5,0.9071
synA3_MAR_10,mean,6.4546,6.3308,5,0.7033
synA3_MAR_30,impKNNa,8.7258,23.396,1,
synA3_MAR_30,missForest,7.8554,24.3735,1,
synA3_MAR_30,CRISP,7.3078,0.0005,5,1.1359
synA3_MAR_30,MICE,8.2971,22.9444,5,0.6355
synA3_MAR_30,KNN,7.7393,20.2153,5,0.7073
synA3_MAR_30,mean,7.5565,21.8636,5,0.6555
synA3_MCAR_10,impKNNa,12.7478,14.4225,1,
synA3_MCAR_10,missForest,7.8548,9.5997,1,
synA3_MCAR_10,CRISP,2.9534,0.003,5,0.653
synA3_MCAR_10,MICE,7.9266,7.4593,5,1.5068
synA3_MCAR_10,KNN,7.0576,6.5181,5,1.3796
synA3_MCAR_10,mean,7.1735,7.2612,5,1.5379
synA3_MCAR_30,impKNNa,,,1,
synA3_MCAR_30,missForest,7.1894,24.5449,1,
synA3_MCAR_30,CRISP,4.3654,0.0,5,0.4142
synA3_MCAR_30,MICE,7.5226,22.5254,5,0.8589
synA3_MCAR_30,KNN,6.7522,19.6398,5,0.3369
synA3_MCAR_30,mean,6.9671,22.3438,5,0.1726
synA3_MNAR_10,impKNNa,5.7744,4.3445,1,
synA3_MNAR_10,missForest,5.3322,4.2475,1,
synA3_MNAR_10,CRISP,1.9473,0.0036,5,2.2913
synA3_MNAR_10,MICE,5.7549,3.8314,5,0.6741
synA3_MNAR_10,KNN,5.5168,3.4705,5,1.0879
synA3_MNAR_10,mean,4.8252,3.2051,5,1.1001
synA3_MNAR_30,impKNNa,6.5426,10.1315,1,
synA3_MNAR_30,missForest,4.5928,9.0691,1,
synA3_MNAR_30,CRISP,4.8857,0.0008,5,1.5751
synA3_MNAR_30,MICE,5.8853,9.826,5,0.2189
synA3_MNAR_30,KNN,5.0586,7.4202,5,0.2209
synA3_MNAR_30,mean,4.8184,8.643,5,0.401
synA4_MAR_10,impKNNa,5.6418,5.7884,1,
synA4_MAR_10,missForest,5.295,5.7259,1,
synA4_MAR_10,CRISP,2.7206,0.0022,5,0.9087
synA4_MAR_10,MICE,5.6744,6.5055,5,0.5726
synA4_MAR_10,KNN,5.3335,5.9236,5,0.5325
synA4_MAR_10,mean,5.3012,6.4121,5,0.6814
synA4_MAR_30,impKNNa,,,1,
synA4_MAR_30,missForest,5.4116,18.8744,1,
synA4_MAR_30,CRISP,4.9464,0.0002,5,1.6004
synA4_MAR_30,MICE,5.9238,20.2858,5,0.3511
synA4_MAR_30,KNN,5.3094,18.695,5,0.4951
synA4_MAR_30,mean,5.3645,20.4434,5,0.4734
synA4_MCAR_10,impKNNa,6.8813,10.2924,1,
synA4_MCAR_10,missForest,6.0409,9.1056,1,
synA4_MCAR_10,CRISP,3.332,0.0015,5,1.0172
synA4_MCAR_10,MICE,6.5695,8.3394,5,1.2448
synA4_MCAR_10,KNN,5.9043,7.5381,5,1.2332
synA4_MCAR_10,mean,5.9906,8.3773,5,1.1549
synA4_MCAR_30,impKNNa,7.0983,26.1324,1,
synA4_MCAR_30,missForest,6.3506,25.1022,1,
synA4_MCAR_30,CRISP,4.6093,0.0,5,0.9836
synA4_MCAR_30,MICE,6.5871,25.4525,5,0.2211
synA4_MCAR_30,KNN,5.9256,22.8922,5,0.2786
synA4_MCAR_30,mean,5.9636,24.8249,5,0.4383
synA4_MNAR_10,impKNNa,6.2941,3.7424,1,
synA4_MNAR_10,missForest,5.8325,3.9669,1,
synA4_MNAR_10,CRISP,1.9745,0.0025,5,0.704
synA4_MNAR_10,MICE,4.7201,4.0536,5,0.9737
synA4_MNAR_10,KNN,4.1566,3.2869,5,0.4889
synA4_MNAR_10,mean,4.1002,3.473,5,0.7306
synA4_MNAR_30,impKNNa,4.773,8.8808,1,
synA4_MNAR_30,missForest,3.8123,8.4141,1,
synA4_MNAR_30,CRISP,3.7072,0.0006,5,0.6395
synA4_MNAR_30,MICE,4.6939,9.8142,5,0.5628
synA4_MNAR_30,KNN,3.9374,8.1664,5,0.1986
synA4_MNAR_30,mean,3.707,9.2191,5,0.1782
