dataset,method,mae,mae_std,sumdev,seeds
ge_nd_MAR_10,CRISP,2.7187,3.4693,0.0,20
ge_nd_MAR_10,MICE,2.8056,3.0059,0.5788,20
ge_nd_MAR_10,KNN,9.715,2.0443,3.0492,20
ge_nd_MAR_10,mean,11.8909,3.4378,3.8312,20
ge_nd_MAR_10,SoftImpute,8.1432,2.0859,3.7663,20
ge_nd_MAR_10,impKNNa,8.75,,2.1875,1
ge_nd_MAR_10,missForest,10.0397,,2.5099,1
ge_nd_MAR_30,CRISP,11.2685,3.9565,0.0,20
ge_nd_MAR_30,MICE,9.1949,2.8457,8.2466,20
ge_nd_MAR_30,KNN,10.3699,1.1447,10.2508,20
ge_nd_MAR_30,mean,12.9103,1.5551,13.4699,20
ge_nd_MAR_30,SoftImpute,10.8793,1.5167,12.1219,20
ge_nd_MAR_30,impKNNa,10.3728,,9.3542,1
ge_nd_MAR_30,missForest,10.1721,,9.6635,1
ge_nd_MCAR_10,CRISP,4.2735,4.4554,0.0,20
ge_nd_MCAR_10,MICE,3.8717,3.5826,0.9408,20
ge_nd_MCAR_10,KNN,9.0438,2.139,3.4854,20
ge_nd_MCAR_10,mean,12.4754,2.3431,5.2396,20
ge_nd_MCAR_10,SoftImpute,8.5406,2.1829,4.8946,20
ge_nd_MCAR_10,impKNNa,6.6667,,4.0,1
ge_nd_MCAR_10,missForest,8.6437,,5.1862,1
ge_nd_MCAR_30,CRISP,12.4936,3.9101,0.0,20
ge_nd_MCAR_30,MICE,10.2495,2.036,10.8403,20
ge_nd_MCAR_30,KNN,10.614,1.5749,12.2142,20
ge_nd_MCAR_30,mean,13.6672,1.3844,16.8919,20
ge_nd_MCAR_30,SoftImpute,11.3456,1.5674,14.7368,20
ge_nd_MCAR_30,impKNNa,13.2682,,19.3958,1
ge_nd_MCAR_30,missForest,11.8607,,18.5409,1
ge_nd_MNAR_10,CRISP,,,0.0,20
ge_nd_MNAR_10,MICE,,,0.0655,20
ge_nd_MNAR_10,KNN,,,1.4621,20
ge_nd_MNAR_10,mean,,,1.641,20
ge_nd_MNAR_10,SoftImpute,,,1.7539,20
ge_nd_MNAR_10,impKNNa,8.75,,0.875,1
ge_nd_MNAR_10,missForest,5.8813,,0.5881,1
ge_nd_MNAR_30,CRISP,4.1854,2.9722,0.0,20
ge_nd_MNAR_30,MICE,3.3089,2.7482,1.4594,20
ge_nd_MNAR_30,KNN,9.1274,1.1189,4.3788,20
ge_nd_MNAR_30,mean,10.2186,1.8788,5.1288,20
ge_nd_MNAR_30,SoftImpute,7.7016,1.2792,4.9195,20
ge_nd_MNAR_30,impKNNa,6.4062,,2.3125,1
ge_nd_MNAR_30,missForest,7.8468,,3.1387,1
synA1_MAR_10,CRISP,2.5381,0.8976,0.003,20
synA1_MAR_10,MICE,7.0168,1.3329,7.2027,20
synA1_MAR_10,KNN,6.634,1.2631,6.2975,20
synA1_MAR_10,mean,6.6367,1.2721,6.928,20
synA1_MAR_10,SoftImpute,6.8354,1.2311,7.0015,20
synA1_MAR_10,impKNNa,8.3789,,6.0344,1
synA1_MAR_10,missForest,7.356,,5.1626,1
synA1_MAR_30,CRISP,6.5913,1.4651,0.0002,20
synA1_MAR_30,MICE,7.3781,0.7857,21.1906,20
synA1_MAR_30,KNN,6.974,0.6914,19.233,20
synA1_MAR_30,mean,6.8868,0.6739,21.3222,20
synA1_MAR_30,SoftImpute,7.1055,0.623,21.2931,20
synA1_MAR_30,impKNNa,,,,1
synA1_MAR_30,missForest,6.8543,,23.1517,1
synA1_MCAR_10,CRISP,3.4586,1.0145,0.0029,20
synA1_MCAR_10,MICE,8.3911,1.499,8.5837,20
synA1_MCAR_10,KNN,7.9649,1.3624,7.7878,20
synA1_MCAR_10,mean,8.0673,1.351,8.6214,20
synA1_MCAR_10,SoftImpute,8.2992,1.3553,8.6047,20
synA1_MCAR_10,impKNNa,8.5827,,7.8292,1
synA1_MCAR_10,missForest,7.5832,,7.3803,1
synA1_MCAR_30,CRISP,6.5185,1.833,0.0002,20
synA1_MCAR_30,MICE,8.1787,0.7864,25.3371,20
synA1_MCAR_30,KNN,7.7422,0.7021,23.7987,20
synA1_MCAR_30,mean,7.6844,0.7177,25.7177,20
synA1_MCAR_30,SoftImpute,7.8681,0.6627,25.6228,20
synA1_MCAR_30,impKNNa,,,,1
synA1_MCAR_30,missForest,7.1289,,22.6569,1
synA1_MNAR_10,CRISP,1.3825,0.85,0.004,20
synA1_MNAR_10,MICE,5.1805,0.9203,3.5957,20
synA1_MNAR_10,KNN,4.8873,1.1599,3.1224,20
synA1_MNAR_10,mean,4.5907,1.0789,3.2482,20
synA1_MNAR_10,SoftImpute,4.8737,0.9995,3.3811,20
synA1_MNAR_10,impKNNa,6.9607,,4.0316,1
synA1_MNAR_10,missForest,6.7483,,3.8286,1
synA1_MNAR_30,CRISP,3.4445,0.8605,0.0007,20
synA1_MNAR_30,MICE,5.5011,0.5324,9.8735,20
synA1_MNAR_30,KNN,4.9584,0.5616,7.6124,20
synA1_MNAR_30,mean,4.5734,0.7001,9.0993,20
synA1_MNAR_30,SoftImpute,4.9618,0.5417,9.2817,20
synA1_MNAR_30,impKNNa,7.2979,,13.18,1
synA1_MNAR_30,missForest,4.5858,,9.8092,1
synA2_MAR_10,CRISP,2.7764,1.0921,0.0028,20
synA2_MAR_10,MICE,6.9248,1.1798,7.1098,20
synA2_MAR_10,KNN,6.6211,1.1282,6.2387,20
synA2_MAR_10,mean,6.743,1.2757,6.9679,20
synA2_MAR_10,SoftImpute,7.1699,1.2758,7.136,20
synA2_MAR_10,impKNNa,7.9917,,6.6273,1
synA2_MAR_10,missForest,6.6266,,6.509,1
synA2_MAR_30,CRISP,7.3663,1.671,0.0002,20
synA2_MAR_30,MICE,7.1801,0.7384,21.0387,20
synA2_MAR_30,KNN,6.9769,0.7227,18.436,20
synA2_MAR_30,mean,6.9034,0.7421,20.9009,20
synA2_MAR_30,SoftImpute,7.2697,0.7088,20.8347,20
synA2_MAR_30,impKNNa,8.0996,,21.3977,1
synA2_MAR_30,missForest,7.5474,,24.1666,1
synA2_MCAR_10,CRISP,2.9692,0.9617,0.0026,20
synA2_MCAR_10,MICE,6.6704,1.1933,6.861,20
synA2_MCAR_10,KNN,6.3896,1.0545,6.0287,20
synA2_MCAR_10,mean,6.3086,1.2326,6.5868,20
synA2_MCAR_10,SoftImpute,6.8839,1.0822,6.7868,20
synA2_MCAR_10,impKNNa,8.5383,,8.7743,1
synA2_MCAR_10,missForest,6.9881,,7.5546,1
synA2_MCAR_30,CRISP,7.7542,2.0936,0.0002,20
synA2_MCAR_30,MICE,7.2095,0.5477,22.4308,20
synA2_MCAR_30,KNN,6.8969,0.3782,19.4043,20
synA2_MCAR_30,mean,6.8972,0.4781,22.2151,20
synA2_MCAR_30,SoftImpute,7.2353,0.4096,22.1435,20
synA2_MCAR_30,impKNNa,,,,1
synA2_MCAR_30,missForest,7.2293,,24.8392,1
synA2_MNAR_10,CRISP,1.7403,0.5955,0.0036,20
synA2_MNAR_10,MICE,5.2555,1.0804,3.855,20
synA2_MNAR_10,KNN,5.1778,1.0859,3.6028,20
synA2_MNAR_10,mean,4.9964,1.1992,3.7436,20
synA2_MNAR_10,SoftImpute,5.5821,1.1451,4.0465,20
synA2_MNAR_10,impKNNa,6.0528,,3.4147,1
synA2_MNAR_10,missForest,4.7539,,2.76,1
synA2_MNAR_30,CRISP,4.3871,0.9781,0.0008,20
synA2_MNAR_30,MICE,5.1524,0.6733,10.0347,20
synA2_MNAR_30,KNN,5.142,0.6558,8.2771,20
synA2_MNAR_30,mean,4.8408,0.6974,9.9575,20
synA2_MNAR_30,SoftImpute,5.5049,0.693,10.0598,20
synA2_MNAR_30,impKNNa,6.3754,,9.9723,1
synA2_MNAR_30,missForest,4.8469,,10.6523,1
synA3_MAR_10,CRISP,2.8754,1.1673,0.0027,20
synA3_MAR_10,MICE,7.597,1.1897,7.2411,20
synA3_MAR_10,KNN,6.731,1.2494,6.1354,20
synA3_MAR_10,mean,6.7683,1.4626,6.796,20
synA3_MAR_10,SoftImpute,7.0299,1.326,6.8133,20
synA3_MAR_10,impKNNa,7.6625,,7.6177,1
synA3_MAR_10,missForest,8.2344,,8.7224,1
synA3_MAR_30,CRISP,6.66,2.3762,0.0002,20
synA3_MAR_30,MICE,8.1932,0.6618,22.4066,20
synA3_MAR_30,KNN,7.284,0.7134,19.6847,20
synA3_MAR_30,mean,7.2736,0.7571,21.9024,20
synA3_MAR_30,SoftImpute,7.517,0.6434,22.0066,20
synA3_MAR_30,impKNNa,8.7258,,23.396,1
synA3_MAR_30,missForest,7.8554,,24.3735,1
synA3_MCAR_10,CRISP,3.0483,1.0027,0.0026,20
synA3_MCAR_10,MICE,7.7381,1.283,7.1206,20
synA3_MCAR_10,KNN,6.821,1.4064,6.1568,20
synA3_MCAR_10,mean,6.7628,1.4936,6.7549,20
synA3_MCAR_10,SoftImpute,7.1261,1.4069,6.9091,20
synA3_MCAR_10,impKNNa,12.7478,,14.4225,1
synA3_MCAR_10,missForest,7.8548,,9.5997,1
synA3_MCAR_30,CRISP,5.7982,2.308,0.0001,20
synA3_MCAR_30,MICE,7.9005,0.7508,22.989,20
synA3_MCAR_30,KNN,7.1354,0.6562,20.8599,20
synA3_MCAR_30,mean,7.1848,0.549,23.1301,20
synA3_MCAR_30,SoftImpute,7.4196,0.5648,23.1772,20
synA3_MCAR_30,impKNNa,,,,1
synA3_MCAR_30,missForest,7.1894,,24.5449,1
synA3_MNAR_10,CRISP,1.4434,1.3435,0.0039,20
synA3_MNAR_10,MICE,5.4172,1.3319,3.3372,20
synA3_MNAR_10,KNN,4.6839,1.2506,2.7511,20
synA3_MNAR_10,mean,4.4233,1.4157,2.7848,20
synA3_MNAR_10,SoftImpute,4.7714,1.3222,2.963,20
synA3_MNAR_10,impKNNa,5.7744,,4.3445,1
synA3_MNAR_10,missForest,5.3322,,4.2475,1
synA3_MNAR_30,CRISP,4.2831,1.2119,0.0007,20
synA3_MNAR_30,MICE,5.8694,0.488,9.0193,20
synA3_MNAR_30,KNN,4.7532,0.63,6.8669,20
synA3_MNAR_30,mean,4.5947,0.6783,8.1428,20
synA3_MNAR_30,SoftImpute,4.9585,0.5679,8.2008,20
synA3_MNAR_30,impKNNa,6.5426,,10.1315,1
synA3_MNAR_30,missForest,4.5928,,9.0691,1
synA4_MAR_10,CRISP,2.6314,0.7421,0.0015,20
synA4_MAR_10,MICE,5.835,0.7319,7.2907,20
synA4_MAR_10,KNN,5.2125,0.6785,6.4633,20
synA4_MAR_10,mean,5.2949,0.7922,7.0926,20
synA4_MAR_10,SoftImpute,5.395,0.7531,7.032,20
synA4_MAR_10,impKNNa,5.6418,,5.7884,1
synA4_MAR_10,missForest,5.295,,5.7259,1
synA4_MAR_30,CRISP,4.6573,1.2391,0.0001,20
synA4_MAR_30,MICE,6.265,0.4534,22.4223,20
synA4_MAR_30,KNN,5.5912,0.4992,20.4956,20
synA4_MAR_30,mean,5.626,0.4706,22.2689,20
synA4_MAR_30,SoftImpute,5.7064,0.4602,22.3237,20
synA4_MAR_30,impKNNa,,,,1
synA4_MAR_30,missForest,5.4116,,18.8744,1
synA4_MCAR_10,CRISP,3.1379,1.0666,0.0014,20
synA4_MCAR_10,MICE,6.4385,0.8505,8.3585,20
synA4_MCAR_10,KNN,5.6952,0.7885,7.4018,20
synA4_MCAR_10,mean,5.7971,0.8568,8.1207,20
synA4_MCAR_10,SoftImpute,5.8297,0.8816,8.0387,20
synA4_MCAR_10,impKNNa,6.8813,,10.2924,1
synA4_MCAR_10,missForest,6.0409,,9.1056,1
synA4_MCAR_30,CRISP,4.9535,1.4128,0.0,20
synA4_MCAR_30,MICE,6.5558,0.4623,25.059,20
synA4_MCAR_30,KNN,5.8917,0.4613,22.8581,20
synA4_MCAR_30,mean,5.9315,0.4659,24.7237,20
synA4_MCAR_30,SoftImpute,6.0263,0.4713,24.8454,20
synA4_MCAR_30,impKNNa,7.0983,,26.1324,1
synA4_MCAR_30,missForest,6.3506,,25.1022,1
synA4_MNAR_10,CRISP,1.8557,0.6078,0.0022,20
synA4_MNAR_10,MICE,4.6559,1.0222,3.7347,20
synA4_MNAR_10,KNN,3.8304,0.7095,3.0261,20
synA4_MNAR_10,mean,3.7382,0.9078,3.2094,20
synA4_MNAR_10,SoftImpute,3.8914,0.9067,3.2152,20
synA4_MNAR_10,impKNNa,6.2941,,3.7424,1
synA4_MNAR_10,missForest,5.8325,,3.9669,1
synA4_MNAR_30,CRISP,4.1584,0.9182,0.0004,20
synA4_MNAR_30,MICE,4.7487,0.4746,10.194,20
synA4_MNAR_30,KNN,3.8586,0.3567,8.2974,20
synA4_MNAR_30,mean,3.7912,0.4192,9.6524,20
synA4_MNAR_30,SoftImpute,3.9054,0.4136,9.5719,20
synA4_MNAR_30,impKNNa,4.773,,8.8808,1
synA4_MNAR_30,missForest,3.8123,,8.4141,1
