dataset,mechanism,missing,method,mae_mean,mae_std,sumdev,seeds
synthetic,MCAR,0.1,CRISP,4.2857,0.9748,0.0025,20
synthetic,MCAR,0.1,MICE,3.7361,0.7264,0.0033,20
synthetic,MCAR,0.1,KNN,12.3653,0.9847,4.5438,20
synthetic,MCAR,0.1,mean,15.1506,0.952,6.3773,20
synthetic,MCAR,0.1,SoftImpute,10.5502,0.9369,3.8466,20
synthetic,MCAR,0.1,impKNNa,12.5488,,5.053,1
synthetic,MCAR,0.1,missForest,14.0446,,6.4302,1
synthetic,MCAR,0.2,CRISP,8.5354,1.5184,0.0014,20
synthetic,MCAR,0.2,MICE,6.7682,0.7945,0.0075,20
synthetic,MCAR,0.2,KNN,15.0649,1.0037,10.7751,20
synthetic,MCAR,0.2,mean,15.3607,0.7868,12.4728,20
synthetic,MCAR,0.2,SoftImpute,13.0795,0.957,9.1548,20
synthetic,MCAR,0.2,impKNNa,13.386,,8.0676,1
synthetic,MCAR,0.2,missForest,14.6204,,12.545,1
synthetic,MAR,0.1,CRISP,3.16,0.9049,0.0026,20
synthetic,MAR,0.1,MICE,3.2944,1.0511,0.0033,20
synthetic,MAR,0.1,KNN,10.9093,1.1715,3.5747,20
synthetic,MAR,0.1,mean,13.0006,1.3056,4.8347,20
synthetic,MAR,0.1,SoftImpute,7.6603,1.5591,2.4025,20
synthetic,MAR,0.1,impKNNa,11.8927,,3.4164,1
synthetic,MAR,0.1,missForest,13.1152,,4.1216,1
synthetic,MAR,0.2,CRISP,6.4553,1.0343,0.0016,20
synthetic,MAR,0.2,MICE,5.6873,0.7726,0.0053,20
synthetic,MAR,0.2,KNN,12.7755,1.1108,7.3652,20
synthetic,MAR,0.2,mean,13.1744,0.7429,9.1973,20
synthetic,MAR,0.2,SoftImpute,10.2152,0.8919,5.4495,20
synthetic,MAR,0.2,impKNNa,14.1787,,7.1555,1
synthetic,MAR,0.2,missForest,12.6815,,7.7838,1
synthetic,MNAR,0.1,CRISP,2.7056,0.9042,0.0027,20
synthetic,MNAR,0.1,MICE,2.8151,0.9333,0.0032,20
synthetic,MNAR,0.1,KNN,9.8243,1.0856,2.9079,20
synthetic,MNAR,0.1,mean,11.454,1.2562,3.8401,20
synthetic,MNAR,0.1,SoftImpute,5.687,1.1973,1.5347,20
synthetic,MNAR,0.1,impKNNa,10.68,,3.2171,1
synthetic,MNAR,0.1,missForest,11.3604,,3.5298,1
synthetic,MNAR,0.2,CRISP,5.4227,0.7696,0.0017,20
synthetic,MNAR,0.2,MICE,4.9395,0.8065,0.0049,20
synthetic,MNAR,0.2,KNN,11.4707,1.0668,6.0638,20
synthetic,MNAR,0.2,mean,11.7384,0.8673,7.4452,20
synthetic,MNAR,0.2,SoftImpute,8.193,1.0347,3.5202,20
synthetic,MNAR,0.2,impKNNa,13.4509,,6.4802,1
synthetic,MNAR,0.2,missForest,11.6968,,6.8453,1
steel,MCAR,0.1,CRISP,1.5133,0.3008,0.0,20
steel,MCAR,0.1,MICE,1.5481,0.2893,0.0151,20
steel,MCAR,0.1,KNN,1.9467,0.2605,1.6462,20
steel,MCAR,0.1,mean,6.243,0.4614,5.8504,20
steel,MCAR,0.1,SoftImpute,2.9249,0.3001,0.689,20
steel,MCAR,0.1,impKNNa,1.7586,,1.219,1
steel,MCAR,0.1,missForest,2.2726,,1.8977,1
steel,MCAR,0.2,CRISP,2.6652,0.3845,0.0,20
steel,MCAR,0.2,MICE,2.5853,0.4004,0.2803,20
steel,MCAR,0.2,KNN,3.0122,0.2388,4.3677,20
steel,MCAR,0.2,mean,6.3263,0.324,10.2661,20
steel,MCAR,0.2,SoftImpute,3.6699,0.3388,1.6492,20
steel,MCAR,0.2,impKNNa,2.1072,,2.3781,1
steel,MCAR,0.2,missForest,2.3332,,3.2055,1
steel,MAR,0.1,CRISP,1.2694,0.2715,0.0,20
steel,MAR,0.1,MICE,1.2965,0.3204,0.015,20
steel,MAR,0.1,KNN,1.7314,0.2503,1.4431,20
steel,MAR,0.1,mean,5.6502,0.4725,5.132,20
steel,MAR,0.1,SoftImpute,2.6485,0.2118,0.9588,20
steel,MAR,0.1,impKNNa,1.0111,,0.7239,1
steel,MAR,0.1,missForest,1.4682,,1.2371,1
steel,MAR,0.2,CRISP,2.1885,0.2816,0.0,20
steel,MAR,0.2,MICE,2.1683,0.2608,0.1533,20
steel,MAR,0.2,KNN,2.5883,0.2447,3.7993,20
steel,MAR,0.2,mean,5.6841,0.384,9.1397,20
steel,MAR,0.2,SoftImpute,3.2266,0.3097,2.0686,20
steel,MAR,0.2,impKNNa,1.6827,,1.9202,1
steel,MAR,0.2,missForest,1.8008,,2.928,1
steel,MNAR,0.1,CRISP,0.7991,0.2817,0.0,20
steel,MNAR,0.1,MICE,0.8981,0.2507,0.01,20
steel,MNAR,0.1,KNN,1.4577,0.2446,1.1599,20
steel,MNAR,0.1,mean,5.203,0.4916,4.3846,20
steel,MNAR,0.1,SoftImpute,2.3589,0.213,1.8439,20
steel,MNAR,0.1,impKNNa,0.8459,,0.5443,1
steel,MNAR,0.1,missForest,1.3437,,1.0271,1
steel,MNAR,0.2,CRISP,1.5883,0.2706,0.0,20
steel,MNAR,0.2,MICE,1.7253,0.282,0.1458,20
steel,MNAR,0.2,KNN,2.2928,0.2954,3.3597,20
steel,MNAR,0.2,mean,5.3153,0.4586,8.1991,20
steel,MNAR,0.2,SoftImpute,3.0322,0.375,3.6443,20
steel,MNAR,0.2,impKNNa,1.2646,,1.405,1
steel,MNAR,0.2,missForest,1.637,,2.4948,1
glass,MCAR,0.1,CRISP,0.0734,0.0421,0.0,20
glass,MCAR,0.1,MICE,0.0749,0.0393,0.0065,20
glass,MCAR,0.1,KNN,0.1556,0.0319,0.0783,20
glass,MCAR,0.1,mean,0.2529,0.0526,0.1344,20
glass,MCAR,0.1,SoftImpute,0.1353,0.0326,0.0495,20
glass,MCAR,0.1,impKNNa,0.1983,,0.0847,1
glass,MCAR,0.1,missForest,0.19,,0.0923,1
glass,MCAR,0.2,CRISP,0.1291,0.0391,0.0,20
glass,MCAR,0.2,MICE,0.1323,0.0321,0.0401,20
glass,MCAR,0.2,KNN,0.1848,0.0227,0.1512,20
glass,MCAR,0.2,mean,0.2673,0.0306,0.23,20
glass,MCAR,0.2,SoftImpute,0.1659,0.0301,0.0804,20
glass,MCAR,0.2,impKNNa,0.1632,,0.1602,1
glass,MCAR,0.2,missForest,0.1644,,0.1647,1
glass,MAR,0.1,CRISP,0.0624,0.0369,0.0,20
glass,MAR,0.1,MICE,0.071,0.0358,0.0073,20
glass,MAR,0.1,KNN,0.1603,0.0393,0.0837,20
glass,MAR,0.1,mean,0.2466,0.0445,0.1311,20
glass,MAR,0.1,SoftImpute,0.1258,0.0294,0.0532,20
glass,MAR,0.1,impKNNa,0.1738,,0.0798,1
glass,MAR,0.1,missForest,0.1844,,0.0824,1
glass,MAR,0.2,CRISP,0.1129,0.0248,0.0,20
glass,MAR,0.2,MICE,0.1172,0.0288,0.0396,20
glass,MAR,0.2,KNN,0.1795,0.0216,0.1573,20
glass,MAR,0.2,mean,0.2513,0.0282,0.2357,20
glass,MAR,0.2,SoftImpute,0.1524,0.0198,0.087,20
glass,MAR,0.2,impKNNa,0.2083,,0.1862,1
glass,MAR,0.2,missForest,0.2354,,0.2109,1
glass,MNAR,0.1,CRISP,0.0171,0.0269,0.0,20
glass,MNAR,0.1,MICE,0.0166,0.0237,0.0006,20
glass,MNAR,0.1,KNN,0.1439,0.0499,0.0269,20
glass,MNAR,0.1,mean,0.2288,0.0821,0.0458,20
glass,MNAR,0.1,SoftImpute,0.1074,0.0434,0.0242,20
glass,MNAR,0.1,impKNNa,0.1594,,0.0194,1
glass,MNAR,0.1,missForest,0.1944,,0.0292,1
glass,MNAR,0.2,CRISP,0.0469,0.0465,0.0,20
glass,MNAR,0.2,MICE,0.0582,0.0474,0.0039,20
glass,MNAR,0.2,KNN,0.1585,0.0473,0.0541,20
glass,MNAR,0.2,mean,0.2387,0.0634,0.0888,20
glass,MNAR,0.2,SoftImpute,0.1188,0.0337,0.0388,20
glass,MNAR,0.2,impKNNa,0.1207,,0.043,1
glass,MNAR,0.2,missForest,0.142,,0.0557,1
ge,MCAR,0.1,CRISP,2.4353,1.8858,0.0,20
ge,MCAR,0.1,MICE,1.6456,0.9194,0.0006,20
ge,MCAR,0.1,KNN,11.0952,0.9079,4.2585,20
ge,MCAR,0.1,mean,11.8015,0.9803,4.6088,20
ge,MCAR,0.1,SoftImpute,8.2409,1.1717,3.9263,20
ge,MCAR,0.1,impKNNa,10.86,,4.5768,1
ge,MCAR,0.1,missForest,11.0346,,4.8758,1
ge,MCAR,0.2,CRISP,4.3124,1.8051,0.0,20
ge,MCAR,0.2,MICE,2.5549,0.6523,0.0835,20
ge,MCAR,0.2,KNN,11.582,0.5339,9.2236,20
ge,MCAR,0.2,mean,12.7314,0.7437,10.3104,20
ge,MCAR,0.2,SoftImpute,10.7563,0.8582,9.1505,20
ge,MCAR,0.2,impKNNa,10.6624,,9.7373,1
ge,MCAR,0.2,missForest,12.5264,,11.7981,1
ge,MAR,0.1,CRISP,1.6962,1.5246,0.0,20
ge,MAR,0.1,MICE,1.4975,1.0209,0.0007,20
ge,MAR,0.1,KNN,10.9162,1.0522,3.627,20
ge,MAR,0.1,mean,11.3495,1.0645,3.8145,20
ge,MAR,0.1,SoftImpute,7.3777,1.1528,3.2749,20
ge,MAR,0.1,impKNNa,14.0795,,3.7074,1
ge,MAR,0.1,missForest,11.201,,3.0839,1
ge,MAR,0.2,CRISP,4.1351,1.9611,0.0,20
ge,MAR,0.2,MICE,2.1727,0.6922,0.0243,20
ge,MAR,0.2,KNN,11.1394,0.7594,7.6227,20
ge,MAR,0.2,mean,11.7936,0.9801,8.1826,20
ge,MAR,0.2,SoftImpute,9.4685,1.0572,7.1112,20
ge,MAR,0.2,impKNNa,8.137,,5.5065,1
ge,MAR,0.2,missForest,11.8468,,8.5393,1
ge,MNAR,0.1,CRISP,0.5067,0.9142,0.0,20
ge,MNAR,0.1,MICE,0.7344,1.0064,0.0002,20
ge,MNAR,0.1,KNN,10.584,1.1923,2.1928,20
ge,MNAR,0.1,mean,10.2024,1.2689,2.1329,20
ge,MNAR,0.1,SoftImpute,5.4316,0.8993,2.0341,20
ge,MNAR,0.1,impKNNa,10.3446,,2.1651,1
ge,MNAR,0.1,missForest,9.4666,,1.9814,1
ge,MNAR,0.2,CRISP,1.9309,1.0353,0.0,20
ge,MNAR,0.2,MICE,1.5349,0.7311,0.0009,20
ge,MNAR,0.2,KNN,10.5009,0.6559,4.3807,20
ge,MNAR,0.2,mean,10.3302,0.8744,4.348,20
ge,MNAR,0.2,SoftImpute,7.0001,0.996,3.7459,20
ge,MNAR,0.2,impKNNa,12.6007,,4.9817,1
ge,MNAR,0.2,missForest,10.3147,,4.0779,1
cement,MCAR,0.1,CRISP,1.0741,0.1065,0.0,20
cement,MCAR,0.1,MICE,0.5662,0.071,0.0004,20
cement,MCAR,0.1,KNN,0.7785,0.0517,0.347,20
cement,MCAR,0.1,mean,2.3075,0.0875,1.1184,20
cement,MCAR,0.1,SoftImpute,1.1457,0.0747,0.2707,20
cement,MCAR,0.1,impKNNa,0.5857,,0.2266,1
cement,MCAR,0.1,missForest,0.6099,,0.2378,1
cement,MCAR,0.2,CRISP,1.7944,0.1082,0.0,20
cement,MCAR,0.2,MICE,0.9681,0.0589,0.0039,20
cement,MCAR,0.2,KNN,1.1373,0.0849,0.8974,20
cement,MCAR,0.2,mean,2.3179,0.0611,1.9656,20
cement,MCAR,0.2,SoftImpute,1.6046,0.0782,0.7544,20
cement,MCAR,0.2,impKNNa,0.7301,,0.4276,1
cement,MCAR,0.2,missForest,0.8652,,0.4266,1
cement,MAR,0.1,CRISP,0.9846,0.1109,0.0,20
cement,MAR,0.1,MICE,0.5489,0.0822,0.0004,20
cement,MAR,0.1,KNN,0.7433,0.0677,0.3225,20
cement,MAR,0.1,mean,2.2638,0.0777,1.0793,20
cement,MAR,0.1,SoftImpute,1.0828,0.0804,0.2554,20
cement,MAR,0.1,impKNNa,0.5343,,0.1993,1
cement,MAR,0.1,missForest,0.5307,,0.2113,1
cement,MAR,0.2,CRISP,1.6986,0.122,0.0,20
cement,MAR,0.2,MICE,0.9242,0.0726,0.0032,20
cement,MAR,0.2,KNN,1.1066,0.0865,0.8521,20
cement,MAR,0.2,mean,2.2901,0.0657,1.8964,20
cement,MAR,0.2,SoftImpute,1.5483,0.0839,0.6841,20
cement,MAR,0.2,impKNNa,0.7722,,0.4106,1
cement,MAR,0.2,missForest,0.7698,,0.4644,1
cement,MNAR,0.1,CRISP,0.5477,0.1347,0.0,20
cement,MNAR,0.1,MICE,0.3165,0.0903,0.0,20
cement,MNAR,0.1,KNN,0.5198,0.0583,0.1183,20
cement,MNAR,0.1,mean,2.1391,0.1142,0.548,20
cement,MNAR,0.1,SoftImpute,0.7873,0.0564,0.0537,20
cement,MNAR,0.1,impKNNa,0.4354,,0.0915,1
cement,MNAR,0.1,missForest,0.4598,,0.0994,1
cement,MNAR,0.2,CRISP,0.9796,0.1134,0.0,20
cement,MNAR,0.2,MICE,0.5555,0.0728,0.0003,20
cement,MNAR,0.2,KNN,0.6969,0.0626,0.3068,20
cement,MNAR,0.2,mean,2.1564,0.0721,1.043,20
cement,MNAR,0.2,SoftImpute,0.9452,0.057,0.0883,20
cement,MNAR,0.2,impKNNa,0.5407,,0.2089,1
cement,MNAR,0.2,missForest,0.5668,,0.2152,1
