dataset,method,mae_mean,mae_std,sumdev
steel,CRISP,3.695,3.095,0.0
steel,MICE,5.711,2.076,2.954
steel,KNN,9.028,2.563,7.483
steel,mean,10.572,2.891,9.492
steel,impKNNa,13.749,3.887,12.172
steel,missForest,10.531,2.986,9.471
ge,CRISP,0.0,0.0,0.0
ge,MICE,9.759,7.602,2.278
ge,KNN,9.725,6.988,2.115
ge,mean,9.246,6.627,1.941
ge,impKNNa,10.615,8.287,2.394
ge,missForest,9.204,6.684,1.921
glass,CRISP,0.0,0.0,0.0
glass,MICE,0.136,0.098,0.068
glass,KNN,0.15,0.078,0.075
glass,mean,0.15,0.078,0.075
glass,impKNNa,0.132,0.067,0.066
glass,missForest,0.15,0.078,0.075
cement,CRISP,0.0,0.0,0.0
cement,MICE,1.807,1.081,0.819
cement,KNN,1.435,0.874,0.683
cement,mean,1.435,0.874,0.683
cement,impKNNa,1.485,1.048,0.707
cement,missForest,1.43,0.862,0.681
