dataset,mechanism,missing,method,missing_mae,zero_err,sum_dev
synthetic,MCAR,0.1,CRISP,4.7415,0.0,0.0024
synthetic,MCAR,0.1,impKNNa,12.5488,0.0,5.053033
synthetic,MCAR,0.1,missForest,14.0446,0.0,6.430245
synthetic,MCAR,0.1,KNN直接,12.1841,0.0,4.791927
synthetic,MCAR,0.1,均值填充,15.3118,0.0,7.205648
synthetic,MCAR,0.2,CRISP,9.4883,0.0,0.001167
synthetic,MCAR,0.2,impKNNa,13.386,0.0,8.067567
synthetic,MCAR,0.2,missForest,14.6204,0.0,12.544971
synthetic,MCAR,0.2,KNN直接,14.0553,0.0,11.457
synthetic,MCAR,0.2,均值填充,15.3732,0.0,13.540385
synthetic,MAR,0.1,CRISP,4.4719,0.0,0.0029
synthetic,MAR,0.1,impKNNa,11.8927,0.0,3.4164
synthetic,MAR,0.1,missForest,13.1152,0.0,4.121591
synthetic,MAR,0.1,KNN直接,12.4594,0.0,3.24932
synthetic,MAR,0.1,均值填充,14.0447,0.0,4.945973
synthetic,MAR,0.2,CRISP,9.2654,0.0,0.001767
synthetic,MAR,0.2,impKNNa,14.1787,0.0,7.155467
synthetic,MAR,0.2,missForest,12.6815,0.0,7.783794
synthetic,MAR,0.2,KNN直接,13.0914,0.0,7.35714
synthetic,MAR,0.2,均值填充,13.4453,0.0,9.403979
synthetic,MNAR,0.1,CRISP,2.6534,0.0,0.002967
synthetic,MNAR,0.1,impKNNa,10.68,0.0,3.217117
synthetic,MNAR,0.1,missForest,11.3604,0.0,3.529829
synthetic,MNAR,0.1,KNN直接,10.5018,0.0,3.05082
synthetic,MNAR,0.1,均值填充,12.5109,0.0,4.188351
synthetic,MNAR,0.2,CRISP,7.4342,0.0,0.001967
synthetic,MNAR,0.2,impKNNa,13.4509,0.0,6.480167
synthetic,MNAR,0.2,missForest,11.6968,0.0,6.845262
synthetic,MNAR,0.2,KNN直接,12.3757,0.0,6.152127
synthetic,MNAR,0.2,均值填充,12.5366,0.0,8.210807
steel,MCAR,0.1,CRISP,2.2123,0.0,0.0
steel,MCAR,0.1,impKNNa,1.7586,0.0,1.218982
steel,MCAR,0.1,missForest,2.2726,0.0,1.897656
steel,MCAR,0.1,KNN直接,2.4355,0.0,1.93154
steel,MCAR,0.1,均值填充,7.8083,0.0,7.168617
steel,MCAR,0.2,CRISP,3.5762,0.0,0.0
steel,MCAR,0.2,impKNNa,2.1072,0.0,2.378053
steel,MCAR,0.2,missForest,2.3332,0.0,3.205471
steel,MCAR,0.2,KNN直接,3.6334,0.0,4.780401
steel,MCAR,0.2,均值填充,7.2813,0.0,11.21625
steel,MAR,0.1,CRISP,1.0558,0.0,0.0
steel,MAR,0.1,impKNNa,1.0111,0.0,0.723909
steel,MAR,0.1,missForest,1.4682,0.0,1.237113
steel,MAR,0.1,KNN直接,1.4329,0.0,1.17449
steel,MAR,0.1,均值填充,5.0901,0.0,4.549078
steel,MAR,0.2,CRISP,1.9574,0.0,0.0
steel,MAR,0.2,impKNNa,1.6827,0.0,1.920168
steel,MAR,0.2,missForest,1.8008,0.0,2.928011
steel,MAR,0.2,KNN直接,2.3312,0.0,3.751192
steel,MAR,0.2,均值填充,5.5165,0.0,9.379132
steel,MNAR,0.1,CRISP,0.8951,0.0,0.0
steel,MNAR,0.1,impKNNa,0.8459,0.0,0.544308
steel,MNAR,0.1,missForest,1.3437,0.0,1.027074
steel,MNAR,0.1,KNN直接,1.2547,0.0,0.908755
steel,MNAR,0.1,均值填充,4.9405,0.0,4.067303
steel,MNAR,0.2,CRISP,1.5006,0.0,0.0
steel,MNAR,0.2,impKNNa,1.2646,0.0,1.404976
steel,MNAR,0.2,missForest,1.637,0.0,2.494791
steel,MNAR,0.2,KNN直接,1.9688,0.0,2.87292
steel,MNAR,0.2,均值填充,5.3031,0.0,8.589925
glass,MCAR,0.1,CRISP,0.0409,0.0,0.0
glass,MCAR,0.1,impKNNa,0.1983,0.0,0.084719
glass,MCAR,0.1,missForest,0.19,0.0,0.092294
glass,MCAR,0.1,KNN直接,0.1975,0.0,0.088662
glass,MCAR,0.1,均值填充,0.2547,0.0,0.1316
glass,MCAR,0.2,CRISP,0.1114,0.0,0.0
glass,MCAR,0.2,impKNNa,0.1632,0.0,0.160227
glass,MCAR,0.2,missForest,0.1644,0.0,0.164659
glass,MCAR,0.2,KNN直接,0.1824,0.0,0.187342
glass,MCAR,0.2,均值填充,0.2423,0.0,0.287552
glass,MAR,0.1,CRISP,0.0974,0.0,0.0
glass,MAR,0.1,impKNNa,0.1738,0.0,0.079831
glass,MAR,0.1,missForest,0.1844,0.0,0.082392
glass,MAR,0.1,KNN直接,0.1509,0.0,0.06326
glass,MAR,0.1,均值填充,0.2738,0.0,0.1114
glass,MAR,0.2,CRISP,0.13,0.0,0.0
glass,MAR,0.2,impKNNa,0.2083,0.0,0.186174
glass,MAR,0.2,missForest,0.2354,0.0,0.21093
glass,MAR,0.2,KNN直接,0.254,0.0,0.223737
glass,MAR,0.2,均值填充,0.284,0.0,0.27264
glass,MNAR,0.1,CRISP,0.0045,0.0,0.0
glass,MNAR,0.1,impKNNa,0.1594,0.0,0.01942
glass,MNAR,0.1,missForest,0.1944,0.0,0.029154
glass,MNAR,0.1,KNN直接,0.1486,0.0,0.019416
glass,MNAR,0.1,均值填充,0.2833,0.0,0.042292
glass,MNAR,0.2,CRISP,0.0025,0.0,0.0
glass,MNAR,0.2,impKNNa,0.1207,0.0,0.043041
glass,MNAR,0.2,missForest,0.142,0.0,0.055676
glass,MNAR,0.2,KNN直接,0.1095,0.0,0.041242
glass,MNAR,0.2,均值填充,0.2423,0.0,0.096939
ge,MCAR,0.1,CRISP,1.428,0.0,0.0
ge,MCAR,0.1,impKNNa,10.86,0.0,4.576842
ge,MCAR,0.1,missForest,11.0346,0.0,4.875767
ge,MCAR,0.1,KNN直接,10.9955,0.0,4.636704
ge,MCAR,0.1,均值填充,12.1923,0.0,5.387291
ge,MCAR,0.2,CRISP,5.3728,0.0,0.0
ge,MCAR,0.2,impKNNa,10.6624,0.0,9.737301
ge,MCAR,0.2,missForest,12.5264,0.0,11.798126
ge,MCAR,0.2,KNN直接,12.5224,0.0,11.766396
ge,MCAR,0.2,均值填充,13.9145,0.0,13.105478
ge,MAR,0.1,CRISP,1.4845,0.0,0.0
ge,MAR,0.1,impKNNa,14.0795,0.0,3.70741
ge,MAR,0.1,missForest,11.201,0.0,3.083907
ge,MAR,0.1,KNN直接,11.8295,0.0,3.079503
ge,MAR,0.1,均值填充,10.8408,0.0,3.025336
ge,MAR,0.2,CRISP,4.7358,0.0,0.0
ge,MAR,0.2,impKNNa,8.137,0.0,5.50649
ge,MAR,0.2,missForest,11.8468,0.0,8.539293
ge,MAR,0.2,KNN直接,11.348,0.0,8.102915
ge,MAR,0.2,均值填充,11.5517,0.0,8.462322
ge,MNAR,0.1,CRISP,0.3819,0.0,0.0
ge,MNAR,0.1,impKNNa,10.3446,0.0,2.165145
ge,MNAR,0.1,missForest,9.4666,0.0,1.981382
ge,MNAR,0.1,KNN直接,10.0853,0.0,2.110881
ge,MNAR,0.1,均值填充,9.0417,0.0,1.892459
ge,MNAR,0.2,CRISP,0.5673,0.0,0.0
ge,MNAR,0.2,impKNNa,12.6007,0.0,4.981667
ge,MNAR,0.2,missForest,10.3147,0.0,4.077918
ge,MNAR,0.2,KNN直接,11.2428,0.0,4.444846
ge,MNAR,0.2,均值填充,9.2874,0.0,3.671753
cement,MCAR,0.1,CRISP,1.0032,0.0,0.0
cement,MCAR,0.1,impKNNa,0.5857,0.0,0.226579
cement,MCAR,0.1,missForest,0.6099,0.0,0.23778
cement,MCAR,0.1,KNN直接,0.7782,0.0,0.357062
cement,MCAR,0.1,均值填充,2.2571,0.0,1.128956
cement,MCAR,0.2,CRISP,1.8716,0.0,0.0
cement,MCAR,0.2,impKNNa,0.7301,0.0,0.427598
cement,MCAR,0.2,missForest,0.8652,0.0,0.426555
cement,MCAR,0.2,KNN直接,1.2301,0.0,0.956876
cement,MCAR,0.2,均值填充,2.293,0.0,1.931497
cement,MAR,0.1,CRISP,0.9434,0.0,0.0
cement,MAR,0.1,impKNNa,0.5343,0.0,0.199289
cement,MAR,0.1,missForest,0.5307,0.0,0.211271
cement,MAR,0.1,KNN直接,0.6575,0.0,0.296858
cement,MAR,0.1,均值填充,2.1612,0.0,1.050061
cement,MAR,0.2,CRISP,1.7537,0.0,0.0
cement,MAR,0.2,impKNNa,0.7722,0.0,0.410568
cement,MAR,0.2,missForest,0.7698,0.0,0.464426
cement,MAR,0.2,KNN直接,1.0955,0.0,0.932611
cement,MAR,0.2,均值填充,2.1972,0.0,1.893308
cement,MNAR,0.1,CRISP,0.5127,0.0,0.0
cement,MNAR,0.1,impKNNa,0.4354,0.0,0.09148
cement,MNAR,0.1,missForest,0.4598,0.0,0.099431
cement,MNAR,0.1,KNN直接,0.4865,0.0,0.115952
cement,MNAR,0.1,均值填充,2.071,0.0,0.542117
cement,MNAR,0.2,CRISP,0.9663,0.0,0.0
cement,MNAR,0.2,impKNNa,0.5407,0.0,0.208893
cement,MNAR,0.2,missForest,0.5668,0.0,0.215211
cement,MNAR,0.2,KNN直接,0.6616,0.0,0.28662
cement,MNAR,0.2,均值填充,2.0653,0.0,1.020028
