config,mechanism,nominal_rate,method,variant,mae_mean,mae_std,sumdev_mean,seeds_used,actual_missing_per_seed,actual_missing_pct,single_missing_rows_per_seed,pct_missing_from_single_rows
cement|lowmiss,MAR,0.1,CRISP,raw,0.9846,0.1109,0.0,20,561.9,7.793,346.85,61.7
cement|lowmiss,MAR,0.1,CRISP,+closure,0.9846,0.1109,0.0,20,561.9,7.793,346.85,61.7
cement|lowmiss,MAR,0.1,CRISP,+backfill,0.9846,0.1109,0.0,20,561.9,7.793,346.85,61.7
cement|lowmiss,MAR,0.1,MICE,raw,0.5489,0.0822,0.0004,20,561.9,7.793,346.85,61.7
cement|lowmiss,MAR,0.1,MICE,+closure,0.544,0.0834,0.0,20,561.9,7.793,346.85,61.7
cement|lowmiss,MAR,0.1,MICE,+backfill,0.5435,0.0835,0.0,20,561.9,7.793,346.85,61.7
cement|lowmiss,MAR,0.1,KNN,raw,0.7454,0.0695,0.3228,20,561.9,7.793,346.85,61.7
cement|lowmiss,MAR,0.1,KNN,+closure,0.64,0.0693,0.0,20,561.9,7.793,346.85,61.7
cement|lowmiss,MAR,0.1,KNN,+backfill,0.3099,0.0525,0.0,20,561.9,7.793,346.85,61.7
cement|lowmiss,MAR,0.1,mean,raw,2.2638,0.0777,1.0793,20,561.9,7.793,346.85,61.7
cement|lowmiss,MAR,0.1,mean,+closure,1.9042,0.0768,0.0,20,561.9,7.793,346.85,61.7
cement|lowmiss,MAR,0.1,mean,+backfill,0.7662,0.0806,0.0,20,561.9,7.793,346.85,61.7
cement|lowmiss,MAR,0.1,SoftImpute,raw,3.4584,0.1669,1.7471,20,561.9,7.793,346.85,61.7
cement|lowmiss,MAR,0.1,SoftImpute,+closure,2.576,0.1305,0.0,20,561.9,7.793,346.85,61.7
cement|lowmiss,MAR,0.1,SoftImpute,+backfill,0.9331,0.1008,0.0,20,561.9,7.793,346.85,61.7
cement|lowmiss,MAR,0.2,CRISP,raw,1.6986,0.122,0.0,20,1114.7,15.46,406.85,36.5
cement|lowmiss,MAR,0.2,CRISP,+closure,1.6986,0.122,0.0,20,1114.7,15.46,406.85,36.5
cement|lowmiss,MAR,0.2,CRISP,+backfill,1.6986,0.122,0.0,20,1114.7,15.46,406.85,36.5
cement|lowmiss,MAR,0.2,MICE,raw,0.9242,0.0726,0.0032,20,1114.7,15.46,406.85,36.5
cement|lowmiss,MAR,0.2,MICE,+closure,0.9161,0.0717,0.0,20,1114.7,15.46,406.85,36.5
cement|lowmiss,MAR,0.2,MICE,+backfill,0.9146,0.0718,0.0,20,1114.7,15.46,406.85,36.5
cement|lowmiss,MAR,0.2,KNN,raw,1.1093,0.0846,0.8558,20,1114.7,15.46,406.85,36.5
cement|lowmiss,MAR,0.2,KNN,+closure,0.9735,0.0857,0.0,20,1114.7,15.46,406.85,36.5
cement|lowmiss,MAR,0.2,KNN,+backfill,0.6939,0.074,0.0,20,1114.7,15.46,406.85,36.5
cement|lowmiss,MAR,0.2,mean,raw,2.2901,0.0657,1.8964,20,1114.7,15.46,406.85,36.5
cement|lowmiss,MAR,0.2,mean,+closure,1.9883,0.0678,0.0,20,1114.7,15.46,406.85,36.5
cement|lowmiss,MAR,0.2,mean,+backfill,1.3086,0.071,0.0,20,1114.7,15.46,406.85,36.5
cement|lowmiss,MAR,0.2,SoftImpute,raw,3.3304,0.1148,3.0446,20,1114.7,15.46,406.85,36.5
cement|lowmiss,MAR,0.2,SoftImpute,+closure,2.5249,0.1049,0.0,20,1114.7,15.46,406.85,36.5
cement|lowmiss,MAR,0.2,SoftImpute,+backfill,1.5825,0.0892,0.0,20,1114.7,15.46,406.85,36.5
cement|lowmiss,MCAR,0.1,CRISP,raw,1.0741,0.1065,0.0,20,578.1,8.018,346.95,60.0
cement|lowmiss,MCAR,0.1,CRISP,+closure,1.0741,0.1065,0.0,20,578.1,8.018,346.95,60.0
cement|lowmiss,MCAR,0.1,CRISP,+backfill,1.0741,0.1065,0.0,20,578.1,8.018,346.95,60.0
cement|lowmiss,MCAR,0.1,MICE,raw,0.5662,0.071,0.0004,20,578.1,8.018,346.95,60.0
cement|lowmiss,MCAR,0.1,MICE,+closure,0.561,0.0697,0.0,20,578.1,8.018,346.95,60.0
cement|lowmiss,MCAR,0.1,MICE,+backfill,0.5605,0.0697,0.0,20,578.1,8.018,346.95,60.0
cement|lowmiss,MCAR,0.1,KNN,raw,0.779,0.0518,0.3468,20,578.1,8.018,346.95,60.0
cement|lowmiss,MCAR,0.1,KNN,+closure,0.6673,0.0506,0.0,20,578.1,8.018,346.95,60.0
cement|lowmiss,MCAR,0.1,KNN,+backfill,0.3355,0.0539,0.0,20,578.1,8.018,346.95,60.0
cement|lowmiss,MCAR,0.1,mean,raw,2.3075,0.0875,1.1184,20,578.1,8.018,346.95,60.0
cement|lowmiss,MCAR,0.1,mean,+closure,1.94,0.0687,0.0,20,578.1,8.018,346.95,60.0
cement|lowmiss,MCAR,0.1,mean,+backfill,0.8184,0.0741,0.0,20,578.1,8.018,346.95,60.0
cement|lowmiss,MCAR,0.1,SoftImpute,raw,3.4501,0.1402,1.7657,20,578.1,8.018,346.95,60.0
cement|lowmiss,MCAR,0.1,SoftImpute,+closure,2.5832,0.1112,0.0,20,578.1,8.018,346.95,60.0
cement|lowmiss,MCAR,0.1,SoftImpute,+backfill,1.0006,0.0863,0.0,20,578.1,8.018,346.95,60.0
cement|lowmiss,MCAR,0.2,CRISP,raw,1.7944,0.1082,0.0,20,1155.5,16.026,398.65,34.5
cement|lowmiss,MCAR,0.2,CRISP,+closure,1.7944,0.1082,0.0,20,1155.5,16.026,398.65,34.5
cement|lowmiss,MCAR,0.2,CRISP,+backfill,1.7944,0.1082,0.0,20,1155.5,16.026,398.65,34.5
cement|lowmiss,MCAR,0.2,MICE,raw,0.9681,0.0589,0.0039,20,1155.5,16.026,398.65,34.5
cement|lowmiss,MCAR,0.2,MICE,+closure,0.9595,0.0578,0.0,20,1155.5,16.026,398.65,34.5
cement|lowmiss,MCAR,0.2,MICE,+backfill,0.9578,0.0579,0.0,20,1155.5,16.026,398.65,34.5
cement|lowmiss,MCAR,0.2,KNN,raw,1.1404,0.0862,0.8964,20,1155.5,16.026,398.65,34.5
cement|lowmiss,MCAR,0.2,KNN,+closure,1.0062,0.0777,0.0,20,1155.5,16.026,398.65,34.5
cement|lowmiss,MCAR,0.2,KNN,+backfill,0.7343,0.0619,0.0,20,1155.5,16.026,398.65,34.5
cement|lowmiss,MCAR,0.2,mean,raw,2.3179,0.0611,1.9656,20,1155.5,16.026,398.65,34.5
cement|lowmiss,MCAR,0.2,mean,+closure,2.0189,0.0628,0.0,20,1155.5,16.026,398.65,34.5
cement|lowmiss,MCAR,0.2,mean,+backfill,1.3606,0.0538,0.0,20,1155.5,16.026,398.65,34.5
cement|lowmiss,MCAR,0.2,SoftImpute,raw,3.3373,0.1041,3.1214,20,1155.5,16.026,398.65,34.5
cement|lowmiss,MCAR,0.2,SoftImpute,+closure,2.5473,0.0878,0.0,20,1155.5,16.026,398.65,34.5
cement|lowmiss,MCAR,0.2,SoftImpute,+backfill,1.6318,0.078,0.0,20,1155.5,16.026,398.65,34.5
cement|lowmiss,MNAR,0.1,CRISP,raw,0.5477,0.1347,0.0,20,284.0,3.939,221.3,77.9
cement|lowmiss,MNAR,0.1,CRISP,+closure,0.5477,0.1347,0.0,20,284.0,3.939,221.3,77.9
cement|lowmiss,MNAR,0.1,CRISP,+backfill,0.5477,0.1347,0.0,20,284.0,3.939,221.3,77.9
cement|lowmiss,MNAR,0.1,MICE,raw,0.3165,0.0903,0.0,20,284.0,3.939,221.3,77.9
cement|lowmiss,MNAR,0.1,MICE,+closure,0.3115,0.0908,0.0,20,284.0,3.939,221.3,77.9
cement|lowmiss,MNAR,0.1,MICE,+backfill,0.3115,0.0908,0.0,20,284.0,3.939,221.3,77.9
cement|lowmiss,MNAR,0.1,KNN,raw,0.5191,0.0576,0.1182,20,284.0,3.939,221.3,77.9
cement|lowmiss,MNAR,0.1,KNN,+closure,0.4505,0.0587,0.0,20,284.0,3.939,221.3,77.9
cement|lowmiss,MNAR,0.1,KNN,+backfill,0.1493,0.0496,0.0,20,284.0,3.939,221.3,77.9
cement|lowmiss,MNAR,0.1,mean,raw,2.1391,0.1142,0.548,20,284.0,3.939,221.3,77.9
cement|lowmiss,MNAR,0.1,mean,+closure,1.8251,0.1005,0.0,20,284.0,3.939,221.3,77.9
cement|lowmiss,MNAR,0.1,mean,+backfill,0.429,0.0827,0.0,20,284.0,3.939,221.3,77.9
cement|lowmiss,MNAR,0.1,SoftImpute,raw,3.436,0.2482,0.9089,20,284.0,3.939,221.3,77.9
cement|lowmiss,MNAR,0.1,SoftImpute,+closure,2.5576,0.1985,0.0,20,284.0,3.939,221.3,77.9
cement|lowmiss,MNAR,0.1,SoftImpute,+backfill,0.535,0.1024,0.0,20,284.0,3.939,221.3,77.9
cement|lowmiss,MNAR,0.2,CRISP,raw,0.9796,0.1134,0.0,20,575.4,7.981,348.75,60.6
cement|lowmiss,MNAR,0.2,CRISP,+closure,0.9796,0.1134,0.0,20,575.4,7.981,348.75,60.6
cement|lowmiss,MNAR,0.2,CRISP,+backfill,0.9796,0.1134,0.0,20,575.4,7.981,348.75,60.6
cement|lowmiss,MNAR,0.2,MICE,raw,0.5555,0.0728,0.0003,20,575.4,7.981,348.75,60.6
cement|lowmiss,MNAR,0.2,MICE,+closure,0.5492,0.0738,0.0,20,575.4,7.981,348.75,60.6
cement|lowmiss,MNAR,0.2,MICE,+backfill,0.5488,0.0738,0.0,20,575.4,7.981,348.75,60.6
cement|lowmiss,MNAR,0.2,KNN,raw,0.6969,0.0627,0.3067,20,575.4,7.981,348.75,60.6
cement|lowmiss,MNAR,0.2,KNN,+closure,0.6149,0.0599,0.0,20,575.4,7.981,348.75,60.6
cement|lowmiss,MNAR,0.2,KNN,+backfill,0.2973,0.0445,0.0,20,575.4,7.981,348.75,60.6
cement|lowmiss,MNAR,0.2,mean,raw,2.1564,0.0721,1.043,20,575.4,7.981,348.75,60.6
cement|lowmiss,MNAR,0.2,mean,+closure,1.8685,0.0695,0.0,20,575.4,7.981,348.75,60.6
cement|lowmiss,MNAR,0.2,mean,+backfill,0.7628,0.0679,0.0,20,575.4,7.981,348.75,60.6
cement|lowmiss,MNAR,0.2,SoftImpute,raw,3.3633,0.176,1.7415,20,575.4,7.981,348.75,60.6
cement|lowmiss,MNAR,0.2,SoftImpute,+closure,2.5334,0.1371,0.0,20,575.4,7.981,348.75,60.6
cement|lowmiss,MNAR,0.2,SoftImpute,+backfill,0.9533,0.0953,0.0,20,575.4,7.981,348.75,60.6
ge|lowmiss,MAR,0.1,CRISP,raw,1.6962,1.5246,0.0,20,28.85,3.727,22.65,78.5
ge|lowmiss,MAR,0.1,CRISP,+closure,1.6962,1.5246,0.0,20,28.85,3.727,22.65,78.5
ge|lowmiss,MAR,0.1,CRISP,+backfill,1.6962,1.5246,0.0,20,28.85,3.727,22.65,78.5
ge|lowmiss,MAR,0.1,MICE,raw,1.4975,1.0209,0.0007,20,28.85,3.727,22.65,78.5
ge|lowmiss,MAR,0.1,MICE,+closure,1.497,1.0207,0.0,20,28.85,3.727,22.65,78.5
ge|lowmiss,MAR,0.1,MICE,+backfill,1.4957,1.0202,0.0,20,28.85,3.727,22.65,78.5
ge|lowmiss,MAR,0.1,KNN,raw,10.9162,1.0522,3.627,20,28.85,3.727,22.65,78.5
ge|lowmiss,MAR,0.1,KNN,+closure,9.1547,0.9993,0.0,20,28.85,3.727,22.65,78.5
ge|lowmiss,MAR,0.1,KNN,+backfill,1.3039,1.0151,0.0,20,28.85,3.727,22.65,78.5
ge|lowmiss,MAR,0.1,mean,raw,11.3495,1.0645,3.8145,20,28.85,3.727,22.65,78.5
ge|lowmiss,MAR,0.1,mean,+closure,9.1859,0.8688,0.0,20,28.85,3.727,22.65,78.5
ge|lowmiss,MAR,0.1,mean,+backfill,1.4917,1.0259,0.0,20,28.85,3.727,22.65,78.5
ge|lowmiss,MAR,0.1,SoftImpute,raw,27.5829,3.2317,9.0248,20,28.85,3.727,22.65,78.5
ge|lowmiss,MAR,0.1,SoftImpute,+closure,16.2868,1.4635,0.0,20,28.85,3.727,22.65,78.5
ge|lowmiss,MAR,0.1,SoftImpute,+backfill,3.5881,2.6413,0.0,20,28.85,3.727,22.65,78.5
ge|lowmiss,MAR,0.2,CRISP,raw,4.1351,1.9611,0.0,20,59.55,7.694,33.05,55.5
ge|lowmiss,MAR,0.2,CRISP,+closure,4.1351,1.9611,0.0,20,59.55,7.694,33.05,55.5
ge|lowmiss,MAR,0.2,CRISP,+backfill,4.1351,1.9611,0.0,20,59.55,7.694,33.05,55.5
ge|lowmiss,MAR,0.2,MICE,raw,2.1727,0.6922,0.0243,20,59.55,7.694,33.05,55.5
ge|lowmiss,MAR,0.2,MICE,+closure,2.1691,0.6927,0.0,20,59.55,7.694,33.05,55.5
ge|lowmiss,MAR,0.2,MICE,+backfill,2.1498,0.6995,0.0,20,59.55,7.694,33.05,55.5
ge|lowmiss,MAR,0.2,KNN,raw,11.1394,0.7594,7.6227,20,59.55,7.694,33.05,55.5
ge|lowmiss,MAR,0.2,KNN,+closure,9.0474,0.6308,0.0,20,59.55,7.694,33.05,55.5
ge|lowmiss,MAR,0.2,KNN,+backfill,3.0525,0.9167,0.0,20,59.55,7.694,33.05,55.5
ge|lowmiss,MAR,0.2,mean,raw,11.7936,0.9801,8.1826,20,59.55,7.694,33.05,55.5
ge|lowmiss,MAR,0.2,mean,+closure,9.027,0.7827,0.0,20,59.55,7.694,33.05,55.5
ge|lowmiss,MAR,0.2,mean,+backfill,3.0655,0.752,0.0,20,59.55,7.694,33.05,55.5
ge|lowmiss,MAR,0.2,SoftImpute,raw,27.2712,2.9341,17.1503,20,59.55,7.694,33.05,55.5
ge|lowmiss,MAR,0.2,SoftImpute,+closure,16.1103,1.1755,0.0,20,59.55,7.694,33.05,55.5
ge|lowmiss,MAR,0.2,SoftImpute,+backfill,7.3227,1.832,0.0,20,59.55,7.694,33.05,55.5
ge|lowmiss,MCAR,0.1,CRISP,raw,2.4353,1.8858,0.0,20,33.45,4.322,24.3,72.6
ge|lowmiss,MCAR,0.1,CRISP,+closure,2.4353,1.8858,0.0,20,33.45,4.322,24.3,72.6
ge|lowmiss,MCAR,0.1,CRISP,+backfill,2.4353,1.8858,0.0,20,33.45,4.322,24.3,72.6
ge|lowmiss,MCAR,0.1,MICE,raw,1.6456,0.9194,0.0006,20,33.45,4.322,24.3,72.6
ge|lowmiss,MCAR,0.1,MICE,+closure,1.6453,0.9194,0.0,20,33.45,4.322,24.3,72.6
ge|lowmiss,MCAR,0.1,MICE,+backfill,1.6442,0.9196,0.0,20,33.45,4.322,24.3,72.6
ge|lowmiss,MCAR,0.1,KNN,raw,11.0952,0.9079,4.2585,20,33.45,4.322,24.3,72.6
ge|lowmiss,MCAR,0.1,KNN,+closure,9.166,0.8538,0.0,20,33.45,4.322,24.3,72.6
ge|lowmiss,MCAR,0.1,KNN,+backfill,1.7313,0.6663,0.0,20,33.45,4.322,24.3,72.6
ge|lowmiss,MCAR,0.1,mean,raw,11.8015,0.9803,4.6088,20,33.45,4.322,24.3,72.6
ge|lowmiss,MCAR,0.1,mean,+closure,9.4782,0.7147,0.0,20,33.45,4.322,24.3,72.6
ge|lowmiss,MCAR,0.1,mean,+backfill,1.8902,0.8403,0.0,20,33.45,4.322,24.3,72.6
ge|lowmiss,MCAR,0.1,SoftImpute,raw,29.3427,3.9394,10.8669,20,33.45,4.322,24.3,72.6
ge|lowmiss,MCAR,0.1,SoftImpute,+closure,16.7421,1.5357,0.0,20,33.45,4.322,24.3,72.6
ge|lowmiss,MCAR,0.1,SoftImpute,+backfill,4.5664,2.1822,0.0,20,33.45,4.322,24.3,72.6
ge|lowmiss,MCAR,0.2,CRISP,raw,4.3124,1.8051,0.0,20,69.55,8.986,35.2,50.6
ge|lowmiss,MCAR,0.2,CRISP,+closure,4.3124,1.8051,0.0,20,69.55,8.986,35.2,50.6
ge|lowmiss,MCAR,0.2,CRISP,+backfill,4.3124,1.8051,0.0,20,69.55,8.986,35.2,50.6
ge|lowmiss,MCAR,0.2,MICE,raw,2.5549,0.6523,0.0835,20,69.55,8.986,35.2,50.6
ge|lowmiss,MCAR,0.2,MICE,+closure,2.539,0.6405,0.0,20,69.55,8.986,35.2,50.6
ge|lowmiss,MCAR,0.2,MICE,+backfill,2.4575,0.6296,0.0,20,69.55,8.986,35.2,50.6
ge|lowmiss,MCAR,0.2,KNN,raw,11.582,0.5339,9.2236,20,69.55,8.986,35.2,50.6
ge|lowmiss,MCAR,0.2,KNN,+closure,9.2386,0.4993,0.0,20,69.55,8.986,35.2,50.6
ge|lowmiss,MCAR,0.2,KNN,+backfill,3.4723,0.5124,0.0,20,69.55,8.986,35.2,50.6
ge|lowmiss,MCAR,0.2,mean,raw,12.7314,0.7437,10.3104,20,69.55,8.986,35.2,50.6
ge|lowmiss,MCAR,0.2,mean,+closure,9.4833,0.5842,0.0,20,69.55,8.986,35.2,50.6
ge|lowmiss,MCAR,0.2,mean,+backfill,3.6123,0.5343,0.0,20,69.55,8.986,35.2,50.6
ge|lowmiss,MCAR,0.2,SoftImpute,raw,26.7513,2.6423,19.541,20,69.55,8.986,35.2,50.6
ge|lowmiss,MCAR,0.2,SoftImpute,+closure,16.8946,1.2096,0.0,20,69.55,8.986,35.2,50.6
ge|lowmiss,MCAR,0.2,SoftImpute,+backfill,8.6044,1.1959,0.0,20,69.55,8.986,35.2,50.6
ge|lowmiss,MNAR,0.1,CRISP,raw,0.5067,0.9142,0.0,20,17.95,2.319,15.95,88.9
ge|lowmiss,MNAR,0.1,CRISP,+closure,0.5067,0.9142,0.0,20,17.95,2.319,15.95,88.9
ge|lowmiss,MNAR,0.1,CRISP,+backfill,0.5067,0.9142,0.0,20,17.95,2.319,15.95,88.9
ge|lowmiss,MNAR,0.1,MICE,raw,0.7344,1.0064,0.0002,20,17.95,2.319,15.95,88.9
ge|lowmiss,MNAR,0.1,MICE,+closure,0.7343,1.0064,0.0,20,17.95,2.319,15.95,88.9
ge|lowmiss,MNAR,0.1,MICE,+backfill,0.7337,1.0063,0.0,20,17.95,2.319,15.95,88.9
ge|lowmiss,MNAR,0.1,KNN,raw,10.584,1.1923,2.1928,20,17.95,2.319,15.95,88.9
ge|lowmiss,MNAR,0.1,KNN,+closure,9.0502,1.118,0.0,20,17.95,2.319,15.95,88.9
ge|lowmiss,MNAR,0.1,KNN,+backfill,0.6361,0.7006,0.0,20,17.95,2.319,15.95,88.9
ge|lowmiss,MNAR,0.1,mean,raw,10.2024,1.2689,2.1329,20,17.95,2.319,15.95,88.9
ge|lowmiss,MNAR,0.1,mean,+closure,8.5441,0.9361,0.0,20,17.95,2.319,15.95,88.9
ge|lowmiss,MNAR,0.1,mean,+backfill,0.5951,0.688,0.0,20,17.95,2.319,15.95,88.9
ge|lowmiss,MNAR,0.1,SoftImpute,raw,28.0856,6.6139,5.7604,20,17.95,2.319,15.95,88.9
ge|lowmiss,MNAR,0.1,SoftImpute,+closure,15.6561,2.3686,0.0,20,17.95,2.319,15.95,88.9
ge|lowmiss,MNAR,0.1,SoftImpute,+backfill,1.5418,1.6052,0.0,20,17.95,2.319,15.95,88.9
ge|lowmiss,MNAR,0.2,CRISP,raw,1.9309,1.0353,0.0,20,36.1,4.664,25.4,70.4
ge|lowmiss,MNAR,0.2,CRISP,+closure,1.9309,1.0353,0.0,20,36.1,4.664,25.4,70.4
ge|lowmiss,MNAR,0.2,CRISP,+backfill,1.9309,1.0353,0.0,20,36.1,4.664,25.4,70.4
ge|lowmiss,MNAR,0.2,MICE,raw,1.5349,0.7311,0.0009,20,36.1,4.664,25.4,70.4
ge|lowmiss,MNAR,0.2,MICE,+closure,1.5345,0.731,0.0,20,36.1,4.664,25.4,70.4
ge|lowmiss,MNAR,0.2,MICE,+backfill,1.5331,0.7307,0.0,20,36.1,4.664,25.4,70.4
ge|lowmiss,MNAR,0.2,KNN,raw,10.5009,0.6559,4.3807,20,36.1,4.664,25.4,70.4
ge|lowmiss,MNAR,0.2,KNN,+closure,8.7949,0.6454,0.0,20,36.1,4.664,25.4,70.4
ge|lowmiss,MNAR,0.2,KNN,+backfill,1.7448,0.7746,0.0,20,36.1,4.664,25.4,70.4
ge|lowmiss,MNAR,0.2,mean,raw,10.3302,0.8744,4.348,20,36.1,4.664,25.4,70.4
ge|lowmiss,MNAR,0.2,mean,+closure,8.2845,0.7255,0.0,20,36.1,4.664,25.4,70.4
ge|lowmiss,MNAR,0.2,mean,+backfill,1.7868,0.764,0.0,20,36.1,4.664,25.4,70.4
ge|lowmiss,MNAR,0.2,SoftImpute,raw,25.6741,3.3653,10.1048,20,36.1,4.664,25.4,70.4
ge|lowmiss,MNAR,0.2,SoftImpute,+closure,15.6094,1.0872,0.0,20,36.1,4.664,25.4,70.4
ge|lowmiss,MNAR,0.2,SoftImpute,+backfill,4.7755,2.2627,0.0,20,36.1,4.664,25.4,70.4
glass|lowmiss,MAR,0.1,CRISP,raw,0.0624,0.0369,0.0,20,25.1,7.844,14.35,57.2
glass|lowmiss,MAR,0.1,CRISP,+closure,0.0624,0.0369,0.0,20,25.1,7.844,14.35,57.2
glass|lowmiss,MAR,0.1,CRISP,+backfill,0.0624,0.0369,0.0,20,25.1,7.844,14.35,57.2
glass|lowmiss,MAR,0.1,MICE,raw,0.071,0.0358,0.0073,20,25.1,7.844,14.35,57.2
glass|lowmiss,MAR,0.1,MICE,+closure,0.069,0.0337,0.0,20,25.1,7.844,14.35,57.2
glass|lowmiss,MAR,0.1,MICE,+backfill,0.0634,0.0333,0.0,20,25.1,7.844,14.35,57.2
glass|lowmiss,MAR,0.1,KNN,raw,0.1603,0.0393,0.0837,20,25.1,7.844,14.35,57.2
glass|lowmiss,MAR,0.1,KNN,+closure,0.1321,0.0296,0.0,20,25.1,7.844,14.35,57.2
glass|lowmiss,MAR,0.1,KNN,+backfill,0.0662,0.0262,0.0,20,25.1,7.844,14.35,57.2
glass|lowmiss,MAR,0.1,mean,raw,0.2466,0.0445,0.1311,20,25.1,7.844,14.35,57.2
glass|lowmiss,MAR,0.1,mean,+closure,0.1872,0.0444,0.0,20,25.1,7.844,14.35,57.2
glass|lowmiss,MAR,0.1,mean,+backfill,0.0867,0.044,0.0,20,25.1,7.844,14.35,57.2
glass|lowmiss,MAR,0.1,SoftImpute,raw,0.3093,0.0432,0.1695,20,25.1,7.844,14.35,57.2
glass|lowmiss,MAR,0.1,SoftImpute,+closure,0.2471,0.0384,0.0,20,25.1,7.844,14.35,57.2
glass|lowmiss,MAR,0.1,SoftImpute,+backfill,0.1063,0.0576,0.0,20,25.1,7.844,14.35,57.2
glass|lowmiss,MAR,0.2,CRISP,raw,0.1129,0.0248,0.0,20,49.95,15.609,14.7,29.4
glass|lowmiss,MAR,0.2,CRISP,+closure,0.1129,0.0248,0.0,20,49.95,15.609,14.7,29.4
glass|lowmiss,MAR,0.2,CRISP,+backfill,0.1129,0.0248,0.0,20,49.95,15.609,14.7,29.4
glass|lowmiss,MAR,0.2,MICE,raw,0.1172,0.0288,0.0396,20,49.95,15.609,14.7,29.4
glass|lowmiss,MAR,0.2,MICE,+closure,0.1128,0.0272,0.0,20,49.95,15.609,14.7,29.4
glass|lowmiss,MAR,0.2,MICE,+backfill,0.0999,0.0262,0.0,20,49.95,15.609,14.7,29.4
glass|lowmiss,MAR,0.2,KNN,raw,0.1795,0.0216,0.1573,20,49.95,15.609,14.7,29.4
glass|lowmiss,MAR,0.2,KNN,+closure,0.1539,0.0179,0.0,20,49.95,15.609,14.7,29.4
glass|lowmiss,MAR,0.2,KNN,+backfill,0.1131,0.0214,0.0,20,49.95,15.609,14.7,29.4
glass|lowmiss,MAR,0.2,mean,raw,0.2513,0.0282,0.2357,20,49.95,15.609,14.7,29.4
glass|lowmiss,MAR,0.2,mean,+closure,0.2029,0.0259,0.0,20,49.95,15.609,14.7,29.4
glass|lowmiss,MAR,0.2,mean,+backfill,0.1446,0.0314,0.0,20,49.95,15.609,14.7,29.4
glass|lowmiss,MAR,0.2,SoftImpute,raw,0.3026,0.0379,0.291,20,49.95,15.609,14.7,29.4
glass|lowmiss,MAR,0.2,SoftImpute,+closure,0.2614,0.0393,0.0,20,49.95,15.609,14.7,29.4
glass|lowmiss,MAR,0.2,SoftImpute,+backfill,0.1784,0.0411,0.0,20,49.95,15.609,14.7,29.4
glass|lowmiss,MCAR,0.1,CRISP,raw,0.0734,0.0421,0.0,20,25.05,7.828,14.0,55.9
glass|lowmiss,MCAR,0.1,CRISP,+closure,0.0734,0.0421,0.0,20,25.05,7.828,14.0,55.9
glass|lowmiss,MCAR,0.1,CRISP,+backfill,0.0734,0.0421,0.0,20,25.05,7.828,14.0,55.9
glass|lowmiss,MCAR,0.1,MICE,raw,0.0749,0.0393,0.0065,20,25.05,7.828,14.0,55.9
glass|lowmiss,MCAR,0.1,MICE,+closure,0.073,0.0391,0.0,20,25.05,7.828,14.0,55.9
glass|lowmiss,MCAR,0.1,MICE,+backfill,0.0668,0.04,0.0,20,25.05,7.828,14.0,55.9
glass|lowmiss,MCAR,0.1,KNN,raw,0.1556,0.0319,0.0783,20,25.05,7.828,14.0,55.9
glass|lowmiss,MCAR,0.1,KNN,+closure,0.1236,0.0271,0.0,20,25.05,7.828,14.0,55.9
glass|lowmiss,MCAR,0.1,KNN,+backfill,0.0621,0.0246,0.0,20,25.05,7.828,14.0,55.9
glass|lowmiss,MCAR,0.1,mean,raw,0.2529,0.0526,0.1344,20,25.05,7.828,14.0,55.9
glass|lowmiss,MCAR,0.1,mean,+closure,0.1933,0.051,0.0,20,25.05,7.828,14.0,55.9
glass|lowmiss,MCAR,0.1,mean,+backfill,0.0893,0.0463,0.0,20,25.05,7.828,14.0,55.9
glass|lowmiss,MCAR,0.1,SoftImpute,raw,0.3054,0.0561,0.1656,20,25.05,7.828,14.0,55.9
glass|lowmiss,MCAR,0.1,SoftImpute,+closure,0.2428,0.0551,0.0,20,25.05,7.828,14.0,55.9
glass|lowmiss,MCAR,0.1,SoftImpute,+backfill,0.1089,0.0443,0.0,20,25.05,7.828,14.0,55.9
glass|lowmiss,MCAR,0.2,CRISP,raw,0.1291,0.0391,0.0,20,50.0,15.625,15.3,30.6
glass|lowmiss,MCAR,0.2,CRISP,+closure,0.1291,0.0391,0.0,20,50.0,15.625,15.3,30.6
glass|lowmiss,MCAR,0.2,CRISP,+backfill,0.1291,0.0391,0.0,20,50.0,15.625,15.3,30.6
glass|lowmiss,MCAR,0.2,MICE,raw,0.1323,0.0321,0.0401,20,50.0,15.625,15.3,30.6
glass|lowmiss,MCAR,0.2,MICE,+closure,0.1259,0.0313,0.0,20,50.0,15.625,15.3,30.6
glass|lowmiss,MCAR,0.2,MICE,+backfill,0.1121,0.0335,0.0,20,50.0,15.625,15.3,30.6
glass|lowmiss,MCAR,0.2,KNN,raw,0.1848,0.0227,0.1512,20,50.0,15.625,15.3,30.6
glass|lowmiss,MCAR,0.2,KNN,+closure,0.1553,0.0253,0.0,20,50.0,15.625,15.3,30.6
glass|lowmiss,MCAR,0.2,KNN,+backfill,0.1142,0.0268,0.0,20,50.0,15.625,15.3,30.6
glass|lowmiss,MCAR,0.2,mean,raw,0.2673,0.0306,0.23,20,50.0,15.625,15.3,30.6
glass|lowmiss,MCAR,0.2,mean,+closure,0.2159,0.0298,0.0,20,50.0,15.625,15.3,30.6
glass|lowmiss,MCAR,0.2,mean,+backfill,0.154,0.0348,0.0,20,50.0,15.625,15.3,30.6
glass|lowmiss,MCAR,0.2,SoftImpute,raw,0.3062,0.0313,0.2918,20,50.0,15.625,15.3,30.6
glass|lowmiss,MCAR,0.2,SoftImpute,+closure,0.2578,0.032,0.0,20,50.0,15.625,15.3,30.6
glass|lowmiss,MCAR,0.2,SoftImpute,+backfill,0.1767,0.0368,0.0,20,50.0,15.625,15.3,30.6
glass|lowmiss,MNAR,0.1,CRISP,raw,0.0171,0.0269,0.0,20,8.1,2.531,7.2,88.9
glass|lowmiss,MNAR,0.1,CRISP,+closure,0.0171,0.0269,0.0,20,8.1,2.531,7.2,88.9
glass|lowmiss,MNAR,0.1,CRISP,+backfill,0.0171,0.0269,0.0,20,8.1,2.531,7.2,88.9
glass|lowmiss,MNAR,0.1,MICE,raw,0.0166,0.0237,0.0006,20,8.1,2.531,7.2,88.9
glass|lowmiss,MNAR,0.1,MICE,+closure,0.0163,0.0237,0.0,20,8.1,2.531,7.2,88.9
glass|lowmiss,MNAR,0.1,MICE,+backfill,0.0142,0.0238,0.0,20,8.1,2.531,7.2,88.9
glass|lowmiss,MNAR,0.1,KNN,raw,0.1439,0.0499,0.0269,20,8.1,2.531,7.2,88.9
glass|lowmiss,MNAR,0.1,KNN,+closure,0.1259,0.0417,0.0,20,8.1,2.531,7.2,88.9
glass|lowmiss,MNAR,0.1,KNN,+backfill,0.023,0.0338,0.0,20,8.1,2.531,7.2,88.9
glass|lowmiss,MNAR,0.1,mean,raw,0.2288,0.0821,0.0458,20,8.1,2.531,7.2,88.9
glass|lowmiss,MNAR,0.1,mean,+closure,0.189,0.0641,0.0,20,8.1,2.531,7.2,88.9
glass|lowmiss,MNAR,0.1,mean,+backfill,0.0228,0.0401,0.0,20,8.1,2.531,7.2,88.9
glass|lowmiss,MNAR,0.1,SoftImpute,raw,0.286,0.1195,0.0579,20,8.1,2.531,7.2,88.9
glass|lowmiss,MNAR,0.1,SoftImpute,+closure,0.2391,0.0968,0.0,20,8.1,2.531,7.2,88.9
glass|lowmiss,MNAR,0.1,SoftImpute,+backfill,0.0332,0.0557,0.0,20,8.1,2.531,7.2,88.9
glass|lowmiss,MNAR,0.2,CRISP,raw,0.0469,0.0465,0.0,20,16.3,5.094,11.75,72.1
glass|lowmiss,MNAR,0.2,CRISP,+closure,0.0469,0.0465,0.0,20,16.3,5.094,11.75,72.1
glass|lowmiss,MNAR,0.2,CRISP,+backfill,0.0469,0.0465,0.0,20,16.3,5.094,11.75,72.1
glass|lowmiss,MNAR,0.2,MICE,raw,0.0582,0.0474,0.0039,20,16.3,5.094,11.75,72.1
glass|lowmiss,MNAR,0.2,MICE,+closure,0.0531,0.0391,0.0,20,16.3,5.094,11.75,72.1
glass|lowmiss,MNAR,0.2,MICE,+backfill,0.0482,0.0402,0.0,20,16.3,5.094,11.75,72.1
glass|lowmiss,MNAR,0.2,KNN,raw,0.1585,0.0473,0.0541,20,16.3,5.094,11.75,72.1
glass|lowmiss,MNAR,0.2,KNN,+closure,0.1401,0.0378,0.0,20,16.3,5.094,11.75,72.1
glass|lowmiss,MNAR,0.2,KNN,+backfill,0.0591,0.0408,0.0,20,16.3,5.094,11.75,72.1
glass|lowmiss,MNAR,0.2,mean,raw,0.2387,0.0634,0.0888,20,16.3,5.094,11.75,72.1
glass|lowmiss,MNAR,0.2,mean,+closure,0.1972,0.0532,0.0,20,16.3,5.094,11.75,72.1
glass|lowmiss,MNAR,0.2,mean,+backfill,0.0709,0.0538,0.0,20,16.3,5.094,11.75,72.1
glass|lowmiss,MNAR,0.2,SoftImpute,raw,0.3054,0.0646,0.1107,20,16.3,5.094,11.75,72.1
glass|lowmiss,MNAR,0.2,SoftImpute,+closure,0.2613,0.0526,0.0,20,16.3,5.094,11.75,72.1
glass|lowmiss,MNAR,0.2,SoftImpute,+backfill,0.0895,0.0644,0.0,20,16.3,5.094,11.75,72.1
steel|lowmiss,MAR,0.1,CRISP,raw,1.2694,0.2715,0.0,20,308.55,7.912,117.45,38.1
steel|lowmiss,MAR,0.1,CRISP,+closure,1.2694,0.2715,0.0,20,308.55,7.912,117.45,38.1
steel|lowmiss,MAR,0.1,CRISP,+backfill,1.2694,0.2715,0.0,20,308.55,7.912,117.45,38.1
steel|lowmiss,MAR,0.1,MICE,raw,1.2965,0.3204,0.015,20,308.55,7.912,117.45,38.1
steel|lowmiss,MAR,0.1,MICE,+closure,1.2119,0.3213,0.0,20,308.55,7.912,117.45,38.1
steel|lowmiss,MAR,0.1,MICE,+backfill,1.204,0.3188,0.0,20,308.55,7.912,117.45,38.1
steel|lowmiss,MAR,0.1,KNN,raw,1.7314,0.2503,1.4431,20,308.55,7.912,117.45,38.1
steel|lowmiss,MAR,0.1,KNN,+closure,1.4565,0.2108,0.0,20,308.55,7.912,117.45,38.1
steel|lowmiss,MAR,0.1,KNN,+backfill,1.0038,0.1966,0.0,20,308.55,7.912,117.45,38.1
steel|lowmiss,MAR,0.1,mean,raw,5.6502,0.4725,5.132,20,308.55,7.912,117.45,38.1
steel|lowmiss,MAR,0.1,mean,+closure,4.4425,0.3182,0.0,20,308.55,7.912,117.45,38.1
steel|lowmiss,MAR,0.1,mean,+backfill,2.8315,0.2422,0.0,20,308.55,7.912,117.45,38.1
steel|lowmiss,MAR,0.1,SoftImpute,raw,5.4509,0.4376,5.0228,20,308.55,7.912,117.45,38.1
steel|lowmiss,MAR,0.1,SoftImpute,+closure,3.9952,0.3219,0.0,20,308.55,7.912,117.45,38.1
steel|lowmiss,MAR,0.1,SoftImpute,+backfill,2.5548,0.213,0.0,20,308.55,7.912,117.45,38.1
steel|lowmiss,MAR,0.2,CRISP,raw,2.1885,0.2816,0.0,20,610.7,15.659,79.55,13.0
steel|lowmiss,MAR,0.2,CRISP,+closure,2.1885,0.2816,0.0,20,610.7,15.659,79.55,13.0
steel|lowmiss,MAR,0.2,CRISP,+backfill,2.1885,0.2816,0.0,20,610.7,15.659,79.55,13.0
steel|lowmiss,MAR,0.2,MICE,raw,2.1683,0.2608,0.1533,20,610.7,15.659,79.55,13.0
steel|lowmiss,MAR,0.2,MICE,+closure,2.0255,0.2637,0.0,20,610.7,15.659,79.55,13.0
steel|lowmiss,MAR,0.2,MICE,+backfill,2.0089,0.2659,0.0,20,610.7,15.659,79.55,13.0
steel|lowmiss,MAR,0.2,KNN,raw,2.5883,0.2447,3.7993,20,610.7,15.659,79.55,13.0
steel|lowmiss,MAR,0.2,KNN,+closure,2.1767,0.2222,0.0,20,610.7,15.659,79.55,13.0
steel|lowmiss,MAR,0.2,KNN,+backfill,1.9783,0.2205,0.0,20,610.7,15.659,79.55,13.0
steel|lowmiss,MAR,0.2,mean,raw,5.6841,0.384,9.1397,20,610.7,15.659,79.55,13.0
steel|lowmiss,MAR,0.2,mean,+closure,4.5821,0.3158,0.0,20,610.7,15.659,79.55,13.0
steel|lowmiss,MAR,0.2,mean,+backfill,4.0411,0.2947,0.0,20,610.7,15.659,79.55,13.0
steel|lowmiss,MAR,0.2,SoftImpute,raw,5.5867,0.4265,9.1693,20,610.7,15.659,79.55,13.0
steel|lowmiss,MAR,0.2,SoftImpute,+closure,4.1611,0.3233,0.0,20,610.7,15.659,79.55,13.0
steel|lowmiss,MAR,0.2,SoftImpute,+backfill,3.6828,0.3034,0.0,20,610.7,15.659,79.55,13.0
steel|lowmiss,MCAR,0.1,CRISP,raw,1.5133,0.3008,0.0,20,324.75,8.327,115.0,35.4
steel|lowmiss,MCAR,0.1,CRISP,+closure,1.5133,0.3008,0.0,20,324.75,8.327,115.0,35.4
steel|lowmiss,MCAR,0.1,CRISP,+backfill,1.5133,0.3008,0.0,20,324.75,8.327,115.0,35.4
steel|lowmiss,MCAR,0.1,MICE,raw,1.5481,0.2893,0.0151,20,324.75,8.327,115.0,35.4
steel|lowmiss,MCAR,0.1,MICE,+closure,1.4684,0.2888,0.0,20,324.75,8.327,115.0,35.4
steel|lowmiss,MCAR,0.1,MICE,+backfill,1.4617,0.2897,0.0,20,324.75,8.327,115.0,35.4
steel|lowmiss,MCAR,0.1,KNN,raw,1.9467,0.2605,1.6462,20,324.75,8.327,115.0,35.4
steel|lowmiss,MCAR,0.1,KNN,+closure,1.5976,0.2228,0.0,20,324.75,8.327,115.0,35.4
steel|lowmiss,MCAR,0.1,KNN,+backfill,1.1455,0.1806,0.0,20,324.75,8.327,115.0,35.4
steel|lowmiss,MCAR,0.1,mean,raw,6.243,0.4614,5.8504,20,324.75,8.327,115.0,35.4
steel|lowmiss,MCAR,0.1,mean,+closure,4.7845,0.3646,0.0,20,324.75,8.327,115.0,35.4
steel|lowmiss,MCAR,0.1,mean,+backfill,3.138,0.3151,0.0,20,324.75,8.327,115.0,35.4
steel|lowmiss,MCAR,0.1,SoftImpute,raw,5.8787,0.3835,5.5411,20,324.75,8.327,115.0,35.4
steel|lowmiss,MCAR,0.1,SoftImpute,+closure,4.2933,0.3374,0.0,20,324.75,8.327,115.0,35.4
steel|lowmiss,MCAR,0.1,SoftImpute,+backfill,2.8372,0.2883,0.0,20,324.75,8.327,115.0,35.4
steel|lowmiss,MCAR,0.2,CRISP,raw,2.6652,0.3845,0.0,20,644.55,16.527,70.95,11.0
steel|lowmiss,MCAR,0.2,CRISP,+closure,2.6652,0.3845,0.0,20,644.55,16.527,70.95,11.0
steel|lowmiss,MCAR,0.2,CRISP,+backfill,2.6652,0.3845,0.0,20,644.55,16.527,70.95,11.0
steel|lowmiss,MCAR,0.2,MICE,raw,2.5853,0.4004,0.2803,20,644.55,16.527,70.95,11.0
steel|lowmiss,MCAR,0.2,MICE,+closure,2.4484,0.4008,0.0,20,644.55,16.527,70.95,11.0
steel|lowmiss,MCAR,0.2,MICE,+backfill,2.427,0.3988,0.0,20,644.55,16.527,70.95,11.0
steel|lowmiss,MCAR,0.2,KNN,raw,3.0122,0.2388,4.3677,20,644.55,16.527,70.95,11.0
steel|lowmiss,MCAR,0.2,KNN,+closure,2.5211,0.2167,0.0,20,644.55,16.527,70.95,11.0
steel|lowmiss,MCAR,0.2,KNN,+backfill,2.3222,0.232,0.0,20,644.55,16.527,70.95,11.0
steel|lowmiss,MCAR,0.2,mean,raw,6.3263,0.324,10.2661,20,644.55,16.527,70.95,11.0
steel|lowmiss,MCAR,0.2,mean,+closure,5.0255,0.3305,0.0,20,644.55,16.527,70.95,11.0
steel|lowmiss,MCAR,0.2,mean,+backfill,4.4819,0.3471,0.0,20,644.55,16.527,70.95,11.0
steel|lowmiss,MCAR,0.2,SoftImpute,raw,5.9842,0.2926,9.8762,20,644.55,16.527,70.95,11.0
steel|lowmiss,MCAR,0.2,SoftImpute,+closure,4.4914,0.3224,0.0,20,644.55,16.527,70.95,11.0
steel|lowmiss,MCAR,0.2,SoftImpute,+backfill,4.0121,0.3384,0.0,20,644.55,16.527,70.95,11.0
steel|lowmiss,MNAR,0.1,CRISP,raw,0.7991,0.2817,0.0,20,275.35,7.06,117.65,42.7
steel|lowmiss,MNAR,0.1,CRISP,+closure,0.7991,0.2817,0.0,20,275.35,7.06,117.65,42.7
steel|lowmiss,MNAR,0.1,CRISP,+backfill,0.7991,0.2817,0.0,20,275.35,7.06,117.65,42.7
steel|lowmiss,MNAR,0.1,MICE,raw,0.8981,0.2507,0.01,20,275.35,7.06,117.65,42.7
steel|lowmiss,MNAR,0.1,MICE,+closure,0.7858,0.2481,0.0,20,275.35,7.06,117.65,42.7
steel|lowmiss,MNAR,0.1,MICE,+backfill,0.7789,0.2473,0.0,20,275.35,7.06,117.65,42.7
steel|lowmiss,MNAR,0.1,KNN,raw,1.4577,0.2446,1.1599,20,275.35,7.06,117.65,42.7
steel|lowmiss,MNAR,0.1,KNN,+closure,1.2302,0.2026,0.0,20,275.35,7.06,117.65,42.7
steel|lowmiss,MNAR,0.1,KNN,+backfill,0.7745,0.1815,0.0,20,275.35,7.06,117.65,42.7
steel|lowmiss,MNAR,0.1,mean,raw,5.203,0.4916,4.3846,20,275.35,7.06,117.65,42.7
steel|lowmiss,MNAR,0.1,mean,+closure,4.0936,0.3325,0.0,20,275.35,7.06,117.65,42.7
steel|lowmiss,MNAR,0.1,mean,+backfill,2.3788,0.2524,0.0,20,275.35,7.06,117.65,42.7
steel|lowmiss,MNAR,0.1,SoftImpute,raw,5.2449,0.4457,4.4538,20,275.35,7.06,117.65,42.7
steel|lowmiss,MNAR,0.1,SoftImpute,+closure,3.7917,0.3141,0.0,20,275.35,7.06,117.65,42.7
steel|lowmiss,MNAR,0.1,SoftImpute,+backfill,2.2168,0.2304,0.0,20,275.35,7.06,117.65,42.7
steel|lowmiss,MNAR,0.2,CRISP,raw,1.5883,0.2706,0.0,20,547.95,14.05,89.8,16.4
steel|lowmiss,MNAR,0.2,CRISP,+closure,1.5883,0.2706,0.0,20,547.95,14.05,89.8,16.4
steel|lowmiss,MNAR,0.2,CRISP,+backfill,1.5883,0.2706,0.0,20,547.95,14.05,89.8,16.4
steel|lowmiss,MNAR,0.2,MICE,raw,1.7253,0.282,0.1458,20,547.95,14.05,89.8,16.4
steel|lowmiss,MNAR,0.2,MICE,+closure,1.5314,0.2663,0.0,20,547.95,14.05,89.8,16.4
steel|lowmiss,MNAR,0.2,MICE,+backfill,1.5126,0.2667,0.0,20,547.95,14.05,89.8,16.4
steel|lowmiss,MNAR,0.2,KNN,raw,2.2928,0.2954,3.3597,20,547.95,14.05,89.8,16.4
steel|lowmiss,MNAR,0.2,KNN,+closure,1.9065,0.2453,0.0,20,547.95,14.05,89.8,16.4
steel|lowmiss,MNAR,0.2,KNN,+backfill,1.6674,0.2431,0.0,20,547.95,14.05,89.8,16.4
steel|lowmiss,MNAR,0.2,mean,raw,5.3153,0.4586,8.1991,20,547.95,14.05,89.8,16.4
steel|lowmiss,MNAR,0.2,mean,+closure,4.2682,0.3529,0.0,20,547.95,14.05,89.8,16.4
steel|lowmiss,MNAR,0.2,mean,+backfill,3.6327,0.3073,0.0,20,547.95,14.05,89.8,16.4
steel|lowmiss,MNAR,0.2,SoftImpute,raw,5.4717,0.4876,8.5884,20,547.95,14.05,89.8,16.4
steel|lowmiss,MNAR,0.2,SoftImpute,+closure,3.9751,0.349,0.0,20,547.95,14.05,89.8,16.4
steel|lowmiss,MNAR,0.2,SoftImpute,+backfill,3.3979,0.3067,0.0,20,547.95,14.05,89.8,16.4
synthetic|lowmiss,MAR,0.1,CRISP,raw,3.16,0.9049,0.0026,20,119.95,4.998,83.95,70.0
synthetic|lowmiss,MAR,0.1,CRISP,+closure,3.16,0.9049,0.0,20,119.95,4.998,83.95,70.0
synthetic|lowmiss,MAR,0.1,CRISP,+backfill,3.16,0.9049,0.0,20,119.95,4.998,83.95,70.0
synthetic|lowmiss,MAR,0.1,MICE,raw,3.2944,1.0511,0.0033,20,119.95,4.998,83.95,70.0
synthetic|lowmiss,MAR,0.1,MICE,+closure,3.254,1.0406,0.0,20,119.95,4.998,83.95,70.0
synthetic|lowmiss,MAR,0.1,MICE,+backfill,3.2534,1.0406,0.0,20,119.95,4.998,83.95,70.0
synthetic|lowmiss,MAR,0.1,KNN,raw,10.9093,1.1715,3.5747,20,119.95,4.998,83.95,70.0
synthetic|lowmiss,MAR,0.1,KNN,+closure,8.9802,0.8746,0.0,20,119.95,4.998,83.95,70.0
synthetic|lowmiss,MAR,0.1,KNN,+backfill,3.3688,0.8382,0.0,20,119.95,4.998,83.95,70.0
synthetic|lowmiss,MAR,0.1,mean,raw,13.0006,1.3056,4.8347,20,119.95,4.998,83.95,70.0
synthetic|lowmiss,MAR,0.1,mean,+closure,10.7675,0.9416,0.0,20,119.95,4.998,83.95,70.0
synthetic|lowmiss,MAR,0.1,mean,+backfill,3.1452,0.7773,0.0,20,119.95,4.998,83.95,70.0
synthetic|lowmiss,MAR,0.1,SoftImpute,raw,36.9026,4.0355,13.8903,20,119.95,4.998,83.95,70.0
synthetic|lowmiss,MAR,0.1,SoftImpute,+closure,18.3022,1.4945,0.0,20,119.95,4.998,83.95,70.0
synthetic|lowmiss,MAR,0.1,SoftImpute,+backfill,5.3577,1.3098,0.0,20,119.95,4.998,83.95,70.0
synthetic|lowmiss,MAR,0.2,CRISP,raw,6.4553,1.0343,0.0016,20,241.15,10.048,115.95,48.1
synthetic|lowmiss,MAR,0.2,CRISP,+closure,6.4553,1.0343,0.0,20,241.15,10.048,115.95,48.1
synthetic|lowmiss,MAR,0.2,CRISP,+backfill,6.4553,1.0343,0.0,20,241.15,10.048,115.95,48.1
synthetic|lowmiss,MAR,0.2,MICE,raw,5.6873,0.7726,0.0053,20,241.15,10.048,115.95,48.1
synthetic|lowmiss,MAR,0.2,MICE,+closure,5.6503,0.7772,0.0,20,241.15,10.048,115.95,48.1
synthetic|lowmiss,MAR,0.2,MICE,+backfill,5.6483,0.778,0.0,20,241.15,10.048,115.95,48.1
synthetic|lowmiss,MAR,0.2,KNN,raw,12.7755,1.1108,7.3652,20,241.15,10.048,115.95,48.1
synthetic|lowmiss,MAR,0.2,KNN,+closure,11.1132,0.849,0.0,20,241.15,10.048,115.95,48.1
synthetic|lowmiss,MAR,0.2,KNN,+backfill,6.6089,0.8506,0.0,20,241.15,10.048,115.95,48.1
synthetic|lowmiss,MAR,0.2,mean,raw,13.1744,0.7429,9.1973,20,241.15,10.048,115.95,48.1
synthetic|lowmiss,MAR,0.2,mean,+closure,11.2097,0.6071,0.0,20,241.15,10.048,115.95,48.1
synthetic|lowmiss,MAR,0.2,mean,+backfill,5.7973,0.6895,0.0,20,241.15,10.048,115.95,48.1
synthetic|lowmiss,MAR,0.2,SoftImpute,raw,36.1031,2.7377,25.5198,20,241.15,10.048,115.95,48.1
synthetic|lowmiss,MAR,0.2,SoftImpute,+closure,18.7264,0.9123,0.0,20,241.15,10.048,115.95,48.1
synthetic|lowmiss,MAR,0.2,SoftImpute,+backfill,9.6204,1.1776,0.0,20,241.15,10.048,115.95,48.1
synthetic|lowmiss,MCAR,0.1,CRISP,raw,4.2857,0.9748,0.0025,20,136.3,5.679,89.4,65.6
synthetic|lowmiss,MCAR,0.1,CRISP,+closure,4.2857,0.9748,0.0,20,136.3,5.679,89.4,65.6
synthetic|lowmiss,MCAR,0.1,CRISP,+backfill,4.2857,0.9748,0.0,20,136.3,5.679,89.4,65.6
synthetic|lowmiss,MCAR,0.1,MICE,raw,3.7361,0.7264,0.0033,20,136.3,5.679,89.4,65.6
synthetic|lowmiss,MCAR,0.1,MICE,+closure,3.7053,0.7194,0.0,20,136.3,5.679,89.4,65.6
synthetic|lowmiss,MCAR,0.1,MICE,+backfill,3.7045,0.7194,0.0,20,136.3,5.679,89.4,65.6
synthetic|lowmiss,MCAR,0.1,KNN,raw,12.3653,0.9847,4.5438,20,136.3,5.679,89.4,65.6
synthetic|lowmiss,MCAR,0.1,KNN,+closure,10.0319,0.8488,0.0,20,136.3,5.679,89.4,65.6
synthetic|lowmiss,MCAR,0.1,KNN,+backfill,4.2165,0.7985,0.0,20,136.3,5.679,89.4,65.6
synthetic|lowmiss,MCAR,0.1,mean,raw,15.1506,0.952,6.3773,20,136.3,5.679,89.4,65.6
synthetic|lowmiss,MCAR,0.1,mean,+closure,12.2851,0.6188,0.0,20,136.3,5.679,89.4,65.6
synthetic|lowmiss,MCAR,0.1,mean,+backfill,3.91,0.6826,0.0,20,136.3,5.679,89.4,65.6
synthetic|lowmiss,MCAR,0.1,SoftImpute,raw,38.3613,4.2842,15.8402,20,136.3,5.679,89.4,65.6
synthetic|lowmiss,MCAR,0.1,SoftImpute,+closure,20.1328,1.4838,0.0,20,136.3,5.679,89.4,65.6
synthetic|lowmiss,MCAR,0.1,SoftImpute,+backfill,6.9137,0.8961,0.0,20,136.3,5.679,89.4,65.6
synthetic|lowmiss,MCAR,0.2,CRISP,raw,8.5354,1.5184,0.0014,20,276.7,11.529,116.1,42.0
synthetic|lowmiss,MCAR,0.2,CRISP,+closure,8.5354,1.5184,0.0,20,276.7,11.529,116.1,42.0
synthetic|lowmiss,MCAR,0.2,CRISP,+backfill,8.5354,1.5184,0.0,20,276.7,11.529,116.1,42.0
synthetic|lowmiss,MCAR,0.2,MICE,raw,6.7682,0.7945,0.0075,20,276.7,11.529,116.1,42.0
synthetic|lowmiss,MCAR,0.2,MICE,+closure,6.7512,0.7995,0.0,20,276.7,11.529,116.1,42.0
synthetic|lowmiss,MCAR,0.2,MICE,+backfill,6.7486,0.7996,0.0,20,276.7,11.529,116.1,42.0
synthetic|lowmiss,MCAR,0.2,KNN,raw,15.0649,1.0037,10.7751,20,276.7,11.529,116.1,42.0
synthetic|lowmiss,MCAR,0.2,KNN,+closure,13.0656,1.0127,0.0,20,276.7,11.529,116.1,42.0
synthetic|lowmiss,MCAR,0.2,KNN,+backfill,7.967,0.8017,0.0,20,276.7,11.529,116.1,42.0
synthetic|lowmiss,MCAR,0.2,mean,raw,15.3607,0.7868,12.4728,20,276.7,11.529,116.1,42.0
synthetic|lowmiss,MCAR,0.2,mean,+closure,12.8601,0.7153,0.0,20,276.7,11.529,116.1,42.0
synthetic|lowmiss,MCAR,0.2,mean,+backfill,7.0734,0.7529,0.0,20,276.7,11.529,116.1,42.0
synthetic|lowmiss,MCAR,0.2,SoftImpute,raw,36.8007,2.122,29.9964,20,276.7,11.529,116.1,42.0
synthetic|lowmiss,MCAR,0.2,SoftImpute,+closure,20.2467,0.8556,0.0,20,276.7,11.529,116.1,42.0
synthetic|lowmiss,MCAR,0.2,SoftImpute,+backfill,11.3315,0.9119,0.0,20,276.7,11.529,116.1,42.0
synthetic|lowmiss,MNAR,0.1,CRISP,raw,2.7056,0.9042,0.0027,20,108.35,4.515,77.5,71.5
synthetic|lowmiss,MNAR,0.1,CRISP,+closure,2.7056,0.9042,0.0,20,108.35,4.515,77.5,71.5
synthetic|lowmiss,MNAR,0.1,CRISP,+backfill,2.7056,0.9042,0.0,20,108.35,4.515,77.5,71.5
synthetic|lowmiss,MNAR,0.1,MICE,raw,2.8151,0.9333,0.0032,20,108.35,4.515,77.5,71.5
synthetic|lowmiss,MNAR,0.1,MICE,+closure,2.759,0.9035,0.0,20,108.35,4.515,77.5,71.5
synthetic|lowmiss,MNAR,0.1,MICE,+backfill,2.7585,0.9035,0.0,20,108.35,4.515,77.5,71.5
synthetic|lowmiss,MNAR,0.1,KNN,raw,9.8243,1.0856,2.9079,20,108.35,4.515,77.5,71.5
synthetic|lowmiss,MNAR,0.1,KNN,+closure,8.2663,0.8352,0.0,20,108.35,4.515,77.5,71.5
synthetic|lowmiss,MNAR,0.1,KNN,+backfill,2.9658,0.8425,0.0,20,108.35,4.515,77.5,71.5
synthetic|lowmiss,MNAR,0.1,mean,raw,11.454,1.2562,3.8401,20,108.35,4.515,77.5,71.5
synthetic|lowmiss,MNAR,0.1,mean,+closure,9.5828,0.9438,0.0,20,108.35,4.515,77.5,71.5
synthetic|lowmiss,MNAR,0.1,mean,+backfill,2.6611,0.7343,0.0,20,108.35,4.515,77.5,71.5
synthetic|lowmiss,MNAR,0.1,SoftImpute,raw,36.885,3.8105,12.4786,20,108.35,4.515,77.5,71.5
synthetic|lowmiss,MNAR,0.1,SoftImpute,+closure,17.2901,1.3226,0.0,20,108.35,4.515,77.5,71.5
synthetic|lowmiss,MNAR,0.1,SoftImpute,+backfill,4.8802,1.4062,0.0,20,108.35,4.515,77.5,71.5
synthetic|lowmiss,MNAR,0.2,CRISP,raw,5.4227,0.7696,0.0017,20,220.35,9.181,113.25,51.4
synthetic|lowmiss,MNAR,0.2,CRISP,+closure,5.4227,0.7696,0.0,20,220.35,9.181,113.25,51.4
synthetic|lowmiss,MNAR,0.2,CRISP,+backfill,5.4227,0.7696,0.0,20,220.35,9.181,113.25,51.4
synthetic|lowmiss,MNAR,0.2,MICE,raw,4.9395,0.8065,0.0049,20,220.35,9.181,113.25,51.4
synthetic|lowmiss,MNAR,0.2,MICE,+closure,4.875,0.819,0.0,20,220.35,9.181,113.25,51.4
synthetic|lowmiss,MNAR,0.2,MICE,+backfill,4.8732,0.8188,0.0,20,220.35,9.181,113.25,51.4
synthetic|lowmiss,MNAR,0.2,KNN,raw,11.4707,1.0668,6.0638,20,220.35,9.181,113.25,51.4
synthetic|lowmiss,MNAR,0.2,KNN,+closure,9.952,0.7899,0.0,20,220.35,9.181,113.25,51.4
synthetic|lowmiss,MNAR,0.2,KNN,+backfill,5.6138,0.6802,0.0,20,220.35,9.181,113.25,51.4
synthetic|lowmiss,MNAR,0.2,mean,raw,11.7384,0.8673,7.4452,20,220.35,9.181,113.25,51.4
synthetic|lowmiss,MNAR,0.2,mean,+closure,10.0514,0.6994,0.0,20,220.35,9.181,113.25,51.4
synthetic|lowmiss,MNAR,0.2,mean,+backfill,4.9444,0.688,0.0,20,220.35,9.181,113.25,51.4
synthetic|lowmiss,MNAR,0.2,SoftImpute,raw,35.9455,2.546,23.3541,20,220.35,9.181,113.25,51.4
synthetic|lowmiss,MNAR,0.2,SoftImpute,+closure,17.5155,0.8601,0.0,20,220.35,9.181,113.25,51.4
synthetic|lowmiss,MNAR,0.2,SoftImpute,+backfill,8.6101,0.9781,0.0,20,220.35,9.181,113.25,51.4
ge_nd|nd,MAR,0.1,CRISP,raw,2.7187,3.4693,0.0,20,6.65,1.108,5.45,82.0
ge_nd|nd,MAR,0.1,CRISP,+closure,2.7187,3.4693,0.0,20,6.65,1.108,5.45,82.0
ge_nd|nd,MAR,0.1,CRISP,+backfill,2.7187,3.4693,0.0,20,6.65,1.108,5.45,82.0
ge_nd|nd,MAR,0.1,MICE,raw,2.8056,3.0059,0.5788,20,6.65,1.108,5.45,82.0
ge_nd|nd,MAR,0.1,MICE,+closure,2.4769,2.7072,0.0,20,6.65,1.108,5.45,82.0
ge_nd|nd,MAR,0.1,MICE,+backfill,1.0943,2.0545,0.0,20,6.65,1.108,5.45,82.0
ge_nd|nd,MAR,0.1,KNN,raw,9.715,2.0443,3.0492,20,6.65,1.108,5.45,82.0
ge_nd|nd,MAR,0.1,KNN,+closure,7.8706,1.55,0.0,20,6.65,1.108,5.45,82.0
ge_nd|nd,MAR,0.1,KNN,+backfill,1.0608,1.324,0.0,20,6.65,1.108,5.45,82.0
ge_nd|nd,MAR,0.1,mean,raw,11.8909,3.4378,3.8312,20,6.65,1.108,5.45,82.0
ge_nd|nd,MAR,0.1,mean,+closure,10.2074,2.9436,0.0,20,6.65,1.108,5.45,82.0
ge_nd|nd,MAR,0.1,mean,+backfill,1.2069,1.3877,0.0,20,6.65,1.108,5.45,82.0
ge_nd|nd,MAR,0.1,SoftImpute,raw,22.012,10.6687,6.8552,20,6.65,1.108,5.45,82.0
ge_nd|nd,MAR,0.1,SoftImpute,+closure,13.5571,3.6344,0.0,20,6.65,1.108,5.45,82.0
ge_nd|nd,MAR,0.1,SoftImpute,+backfill,2.0372,2.9026,0.0,20,6.65,1.108,5.45,82.0
ge_nd|nd,MAR,0.3,CRISP,raw,11.2685,3.9565,0.0,20,20.75,3.458,7.8,37.6
ge_nd|nd,MAR,0.3,CRISP,+closure,11.2685,3.9565,0.0,20,20.75,3.458,7.8,37.6
ge_nd|nd,MAR,0.3,CRISP,+backfill,11.2685,3.9565,0.0,20,20.75,3.458,7.8,37.6
ge_nd|nd,MAR,0.3,MICE,raw,9.1949,2.8457,8.2466,20,20.75,3.458,7.8,37.6
ge_nd|nd,MAR,0.3,MICE,+closure,7.9841,2.3198,0.0,20,20.75,3.458,7.8,37.6
ge_nd|nd,MAR,0.3,MICE,+backfill,4.9399,1.7768,0.0,20,20.75,3.458,7.8,37.6
ge_nd|nd,MAR,0.3,KNN,raw,10.3699,1.1447,10.2508,20,20.75,3.458,7.8,37.6
ge_nd|nd,MAR,0.3,KNN,+closure,8.1679,1.236,0.0,20,20.75,3.458,7.8,37.6
ge_nd|nd,MAR,0.3,KNN,+backfill,4.6519,1.7105,0.0,20,20.75,3.458,7.8,37.6
ge_nd|nd,MAR,0.3,mean,raw,12.9103,1.5551,13.4699,20,20.75,3.458,7.8,37.6
ge_nd|nd,MAR,0.3,mean,+closure,10.2324,1.3101,0.0,20,20.75,3.458,7.8,37.6
ge_nd|nd,MAR,0.3,mean,+backfill,5.8431,1.8442,0.0,20,20.75,3.458,7.8,37.6
ge_nd|nd,MAR,0.3,SoftImpute,raw,22.5982,4.1123,21.6286,20,20.75,3.458,7.8,37.6
ge_nd|nd,MAR,0.3,SoftImpute,+closure,14.8933,1.5178,0.25,20,20.75,3.458,7.8,37.6
ge_nd|nd,MAR,0.3,SoftImpute,+backfill,8.8925,2.3764,0.25,20,20.75,3.458,7.8,37.6
ge_nd|nd,MCAR,0.1,CRISP,raw,4.2735,4.4554,0.0,20,8.35,1.392,5.5,65.9
ge_nd|nd,MCAR,0.1,CRISP,+closure,4.2735,4.4554,0.0,20,8.35,1.392,5.5,65.9
ge_nd|nd,MCAR,0.1,CRISP,+backfill,4.2735,4.4554,0.0,20,8.35,1.392,5.5,65.9
ge_nd|nd,MCAR,0.1,MICE,raw,3.8717,3.5826,0.9408,20,8.35,1.392,5.5,65.9
ge_nd|nd,MCAR,0.1,MICE,+closure,3.5036,3.1029,0.0,20,8.35,1.392,5.5,65.9
ge_nd|nd,MCAR,0.1,MICE,+backfill,2.1997,2.112,0.0,20,8.35,1.392,5.5,65.9
ge_nd|nd,MCAR,0.1,KNN,raw,9.0438,2.139,3.4854,20,8.35,1.392,5.5,65.9
ge_nd|nd,MCAR,0.1,KNN,+closure,7.1555,1.8469,0.0,20,8.35,1.392,5.5,65.9
ge_nd|nd,MCAR,0.1,KNN,+backfill,1.9914,1.3881,0.0,20,8.35,1.392,5.5,65.9
ge_nd|nd,MCAR,0.1,mean,raw,12.4754,2.3431,5.2396,20,8.35,1.392,5.5,65.9
ge_nd|nd,MCAR,0.1,mean,+closure,10.482,2.0156,0.0,20,8.35,1.392,5.5,65.9
ge_nd|nd,MCAR,0.1,mean,+backfill,2.7418,1.7867,0.0,20,8.35,1.392,5.5,65.9
ge_nd|nd,MCAR,0.1,SoftImpute,raw,24.7753,10.3304,9.9537,20,8.35,1.392,5.5,65.9
ge_nd|nd,MCAR,0.1,SoftImpute,+closure,15.2373,2.9333,0.0,20,8.35,1.392,5.5,65.9
ge_nd|nd,MCAR,0.1,SoftImpute,+backfill,4.8593,3.2728,0.0,20,8.35,1.392,5.5,65.9
ge_nd|nd,MCAR,0.3,CRISP,raw,12.4936,3.9101,0.0,20,24.8,4.133,7.8,31.5
ge_nd|nd,MCAR,0.3,CRISP,+closure,12.4936,3.9101,0.0,20,24.8,4.133,7.8,31.5
ge_nd|nd,MCAR,0.3,CRISP,+backfill,12.4936,3.9101,0.0,20,24.8,4.133,7.8,31.5
ge_nd|nd,MCAR,0.3,MICE,raw,10.2495,2.036,10.8403,20,24.8,4.133,7.8,31.5
ge_nd|nd,MCAR,0.3,MICE,+closure,8.9453,2.0545,0.0,20,24.8,4.133,7.8,31.5
ge_nd|nd,MCAR,0.3,MICE,+backfill,5.8698,1.9903,0.0,20,24.8,4.133,7.8,31.5
ge_nd|nd,MCAR,0.3,KNN,raw,10.614,1.5749,12.2142,20,24.8,4.133,7.8,31.5
ge_nd|nd,MCAR,0.3,KNN,+closure,8.2566,1.7085,0.0,20,24.8,4.133,7.8,31.5
ge_nd|nd,MCAR,0.3,KNN,+backfill,5.2192,1.6264,0.0,20,24.8,4.133,7.8,31.5
ge_nd|nd,MCAR,0.3,mean,raw,13.6672,1.3844,16.8919,20,24.8,4.133,7.8,31.5
ge_nd|nd,MCAR,0.3,mean,+closure,10.8856,1.3224,0.0,20,24.8,4.133,7.8,31.5
ge_nd|nd,MCAR,0.3,mean,+backfill,6.6695,1.3389,0.0,20,24.8,4.133,7.8,31.5
ge_nd|nd,MCAR,0.3,SoftImpute,raw,24.1713,4.0971,25.0529,20,24.8,4.133,7.8,31.5
ge_nd|nd,MCAR,0.3,SoftImpute,+closure,15.587,2.0448,0.25,20,24.8,4.133,7.8,31.5
ge_nd|nd,MCAR,0.3,SoftImpute,+backfill,10.7153,2.6244,0.25,20,24.8,4.133,7.8,31.5
ge_nd|nd,MNAR,0.1,CRISP,raw,0.9474,2.781,0.0,19,3.42,0.57,3.21,93.8
ge_nd|nd,MNAR,0.1,CRISP,+closure,0.9474,2.781,0.0,19,3.42,0.57,3.21,93.8
ge_nd|nd,MNAR,0.1,CRISP,+backfill,0.9474,2.781,0.0,19,3.42,0.57,3.21,93.8
ge_nd|nd,MNAR,0.1,MICE,raw,0.9675,2.0573,0.069,19,3.42,0.57,3.21,93.8
ge_nd|nd,MNAR,0.1,MICE,+closure,0.7983,1.6968,0.0,19,3.42,0.57,3.21,93.8
ge_nd|nd,MNAR,0.1,MICE,+backfill,0.2416,0.964,0.0,19,3.42,0.57,3.21,93.8
ge_nd|nd,MNAR,0.1,KNN,raw,9.3637,2.7664,1.539,19,3.42,0.57,3.21,93.8
ge_nd|nd,MNAR,0.1,KNN,+closure,7.5445,2.2489,0.0,19,3.42,0.57,3.21,93.8
ge_nd|nd,MNAR,0.1,KNN,+backfill,0.1577,0.4827,0.0,19,3.42,0.57,3.21,93.8
ge_nd|nd,MNAR,0.1,mean,raw,10.4126,4.1309,1.7274,19,3.42,0.57,3.21,93.8
ge_nd|nd,MNAR,0.1,mean,+closure,8.9608,3.5211,0.0,19,3.42,0.57,3.21,93.8
ge_nd|nd,MNAR,0.1,mean,+backfill,0.2533,0.7655,0.0,19,3.42,0.57,3.21,93.8
ge_nd|nd,MNAR,0.1,SoftImpute,raw,20.7803,9.0854,3.5616,19,3.42,0.57,3.21,93.8
ge_nd|nd,MNAR,0.1,SoftImpute,+closure,14.0023,4.1884,0.0,19,3.42,0.57,3.21,93.8
ge_nd|nd,MNAR,0.1,SoftImpute,+backfill,0.5537,1.6143,0.0,19,3.42,0.57,3.21,93.8
ge_nd|nd,MNAR,0.3,CRISP,raw,4.1854,2.9722,0.0,20,9.95,1.658,6.8,68.3
ge_nd|nd,MNAR,0.3,CRISP,+closure,4.1854,2.9722,0.0,20,9.95,1.658,6.8,68.3
ge_nd|nd,MNAR,0.3,CRISP,+backfill,4.1854,2.9722,0.0,20,9.95,1.658,6.8,68.3
ge_nd|nd,MNAR,0.3,MICE,raw,3.3089,2.7482,1.4594,20,9.95,1.658,6.8,68.3
ge_nd|nd,MNAR,0.3,MICE,+closure,2.8335,2.2635,0.0,20,9.95,1.658,6.8,68.3
ge_nd|nd,MNAR,0.3,MICE,+backfill,1.2946,1.0215,0.0,20,9.95,1.658,6.8,68.3
ge_nd|nd,MNAR,0.3,KNN,raw,9.1274,1.1189,4.3788,20,9.95,1.658,6.8,68.3
ge_nd|nd,MNAR,0.3,KNN,+closure,7.2929,0.8968,0.0,20,9.95,1.658,6.8,68.3
ge_nd|nd,MNAR,0.3,KNN,+backfill,1.6531,1.1121,0.0,20,9.95,1.658,6.8,68.3
ge_nd|nd,MNAR,0.3,mean,raw,10.2186,1.8788,5.1288,20,9.95,1.658,6.8,68.3
ge_nd|nd,MNAR,0.3,mean,+closure,8.5979,1.3999,0.0,20,9.95,1.658,6.8,68.3
ge_nd|nd,MNAR,0.3,mean,+backfill,2.0892,1.4943,0.0,20,9.95,1.658,6.8,68.3
ge_nd|nd,MNAR,0.3,SoftImpute,raw,22.5409,8.9371,10.679,20,9.95,1.658,6.8,68.3
ge_nd|nd,MNAR,0.3,SoftImpute,+closure,13.7012,3.0933,0.0,20,9.95,1.658,6.8,68.3
ge_nd|nd,MNAR,0.3,SoftImpute,+backfill,3.5148,2.8159,0.0,20,9.95,1.658,6.8,68.3
synA1|nd,MAR,0.1,CRISP,raw,2.5381,0.8976,0.003,20,26.9,2.152,9.35,34.8
synA1|nd,MAR,0.1,CRISP,+closure,2.5381,0.8976,0.0,20,26.9,2.152,9.35,34.8
synA1|nd,MAR,0.1,CRISP,+backfill,2.5381,0.8976,0.0,20,26.9,2.152,9.35,34.8
synA1|nd,MAR,0.1,MICE,raw,7.0168,1.3329,7.2027,20,26.9,2.152,9.35,34.8
synA1|nd,MAR,0.1,MICE,+closure,6.5192,1.251,0.0,20,26.9,2.152,9.35,34.8
synA1|nd,MAR,0.1,MICE,+backfill,4.2524,1.4973,0.0,20,26.9,2.152,9.35,34.8
synA1|nd,MAR,0.1,KNN,raw,6.634,1.2631,6.2975,20,26.9,2.152,9.35,34.8
synA1|nd,MAR,0.1,KNN,+closure,6.4667,1.2708,0.0,20,26.9,2.152,9.35,34.8
synA1|nd,MAR,0.1,KNN,+backfill,4.2859,1.3908,0.0,20,26.9,2.152,9.35,34.8
synA1|nd,MAR,0.1,mean,raw,6.6367,1.2721,6.928,20,26.9,2.152,9.35,34.8
synA1|nd,MAR,0.1,mean,+closure,6.4004,1.2371,0.0,20,26.9,2.152,9.35,34.8
synA1|nd,MAR,0.1,mean,+backfill,4.2237,1.3306,0.0,20,26.9,2.152,9.35,34.8
synA1|nd,MAR,0.1,SoftImpute,raw,13.4653,2.9588,12.8546,20,26.9,2.152,9.35,34.8
synA1|nd,MAR,0.1,SoftImpute,+closure,8.1872,1.6723,0.0,20,26.9,2.152,9.35,34.8
synA1|nd,MAR,0.1,SoftImpute,+backfill,5.2991,1.684,0.0,20,26.9,2.152,9.35,34.8
synA1|nd,MAR,0.3,CRISP,raw,6.5913,1.4651,0.0002,20,80.75,6.46,2.95,3.7
synA1|nd,MAR,0.3,CRISP,+closure,6.5913,1.4651,0.0,20,80.75,6.46,2.95,3.7
synA1|nd,MAR,0.3,CRISP,+backfill,6.5913,1.4651,0.0,20,80.75,6.46,2.95,3.7
synA1|nd,MAR,0.3,MICE,raw,7.3781,0.7857,21.1906,20,80.75,6.46,2.95,3.7
synA1|nd,MAR,0.3,MICE,+closure,6.6718,0.6931,0.0,20,80.75,6.46,2.95,3.7
synA1|nd,MAR,0.3,MICE,+backfill,6.4333,0.6626,0.0,20,80.75,6.46,2.95,3.7
synA1|nd,MAR,0.3,KNN,raw,6.974,0.6914,19.233,20,80.75,6.46,2.95,3.7
synA1|nd,MAR,0.3,KNN,+closure,6.877,0.6933,0.0,20,80.75,6.46,2.95,3.7
synA1|nd,MAR,0.3,KNN,+backfill,6.6243,0.6724,0.0,20,80.75,6.46,2.95,3.7
synA1|nd,MAR,0.3,mean,raw,6.8868,0.6739,21.3222,20,80.75,6.46,2.95,3.7
synA1|nd,MAR,0.3,mean,+closure,6.4666,0.6115,0.0,20,80.75,6.46,2.95,3.7
synA1|nd,MAR,0.3,mean,+backfill,6.2361,0.5854,0.0,20,80.75,6.46,2.95,3.7
synA1|nd,MAR,0.3,SoftImpute,raw,12.6027,1.5634,33.4664,20,80.75,6.46,2.95,3.7
synA1|nd,MAR,0.3,SoftImpute,+closure,8.8695,0.774,0.0,20,80.75,6.46,2.95,3.7
synA1|nd,MAR,0.3,SoftImpute,+backfill,8.4778,0.7446,0.0,20,80.75,6.46,2.95,3.7
synA1|nd,MCAR,0.1,CRISP,raw,3.4586,1.0145,0.0029,20,27.6,2.208,8.2,29.7
synA1|nd,MCAR,0.1,CRISP,+closure,3.4586,1.0145,0.0,20,27.6,2.208,8.2,29.7
synA1|nd,MCAR,0.1,CRISP,+backfill,3.4586,1.0145,0.0,20,27.6,2.208,8.2,29.7
synA1|nd,MCAR,0.1,MICE,raw,8.3911,1.499,8.5837,20,27.6,2.208,8.2,29.7
synA1|nd,MCAR,0.1,MICE,+closure,7.8143,1.3542,0.0,20,27.6,2.208,8.2,29.7
synA1|nd,MCAR,0.1,MICE,+backfill,5.4713,1.4805,0.0,20,27.6,2.208,8.2,29.7
synA1|nd,MCAR,0.1,KNN,raw,7.9649,1.3624,7.7878,20,27.6,2.208,8.2,29.7
synA1|nd,MCAR,0.1,KNN,+closure,7.7501,1.3683,0.0,20,27.6,2.208,8.2,29.7
synA1|nd,MCAR,0.1,KNN,+backfill,5.5257,1.4368,0.0,20,27.6,2.208,8.2,29.7
synA1|nd,MCAR,0.1,mean,raw,8.0673,1.351,8.6214,20,27.6,2.208,8.2,29.7
synA1|nd,MCAR,0.1,mean,+closure,7.7658,1.3075,0.0,20,27.6,2.208,8.2,29.7
synA1|nd,MCAR,0.1,mean,+backfill,5.4337,1.3304,0.0,20,27.6,2.208,8.2,29.7
synA1|nd,MCAR,0.1,SoftImpute,raw,13.1195,3.2481,13.3406,20,27.6,2.208,8.2,29.7
synA1|nd,MCAR,0.1,SoftImpute,+closure,9.6983,1.8431,0.0,20,27.6,2.208,8.2,29.7
synA1|nd,MCAR,0.1,SoftImpute,+backfill,6.5009,1.4311,0.0,20,27.6,2.208,8.2,29.7
synA1|nd,MCAR,0.3,CRISP,raw,6.5185,1.833,0.0002,20,86.45,6.916,2.25,2.6
synA1|nd,MCAR,0.3,CRISP,+closure,6.5185,1.833,0.0,20,86.45,6.916,2.25,2.6
synA1|nd,MCAR,0.3,CRISP,+backfill,6.5185,1.833,0.0,20,86.45,6.916,2.25,2.6
synA1|nd,MCAR,0.3,MICE,raw,8.1787,0.7864,25.3371,20,86.45,6.916,2.25,2.6
synA1|nd,MCAR,0.3,MICE,+closure,7.5218,0.6895,0.0,20,86.45,6.916,2.25,2.6
synA1|nd,MCAR,0.3,MICE,+backfill,7.287,0.7258,0.0,20,86.45,6.916,2.25,2.6
synA1|nd,MCAR,0.3,KNN,raw,7.7422,0.7021,23.7987,20,86.45,6.916,2.25,2.6
synA1|nd,MCAR,0.3,KNN,+closure,7.5874,0.709,0.0,20,86.45,6.916,2.25,2.6
synA1|nd,MCAR,0.3,KNN,+backfill,7.3631,0.72,0.0,20,86.45,6.916,2.25,2.6
synA1|nd,MCAR,0.3,mean,raw,7.6844,0.7177,25.7177,20,86.45,6.916,2.25,2.6
synA1|nd,MCAR,0.3,mean,+closure,7.23,0.6516,0.0,20,86.45,6.916,2.25,2.6
synA1|nd,MCAR,0.3,mean,+backfill,7.0101,0.652,0.0,20,86.45,6.916,2.25,2.6
synA1|nd,MCAR,0.3,SoftImpute,raw,12.4776,1.4412,37.4805,20,86.45,6.916,2.25,2.6
synA1|nd,MCAR,0.3,SoftImpute,+closure,9.0751,0.9176,0.0,20,86.45,6.916,2.25,2.6
synA1|nd,MCAR,0.3,SoftImpute,+backfill,8.7112,0.9581,0.0,20,86.45,6.916,2.25,2.6
synA1|nd,MNAR,0.1,CRISP,raw,1.3825,0.85,0.004,20,18.55,1.484,9.35,50.4
synA1|nd,MNAR,0.1,CRISP,+closure,1.3825,0.85,0.0,20,18.55,1.484,9.35,50.4
synA1|nd,MNAR,0.1,CRISP,+backfill,1.3825,0.85,0.0,20,18.55,1.484,9.35,50.4
synA1|nd,MNAR,0.1,MICE,raw,5.1805,0.9203,3.5957,20,18.55,1.484,9.35,50.4
synA1|nd,MNAR,0.1,MICE,+closure,4.7288,0.8963,0.0,20,18.55,1.484,9.35,50.4
synA1|nd,MNAR,0.1,MICE,+backfill,2.2397,1.1013,0.0,20,18.55,1.484,9.35,50.4
synA1|nd,MNAR,0.1,KNN,raw,4.8873,1.1599,3.1224,20,18.55,1.484,9.35,50.4
synA1|nd,MNAR,0.1,KNN,+closure,4.7141,1.1404,0.0,20,18.55,1.484,9.35,50.4
synA1|nd,MNAR,0.1,KNN,+backfill,2.2834,1.1172,0.0,20,18.55,1.484,9.35,50.4
synA1|nd,MNAR,0.1,mean,raw,4.5907,1.0789,3.2482,20,18.55,1.484,9.35,50.4
synA1|nd,MNAR,0.1,mean,+closure,4.4562,1.0372,0.0,20,18.55,1.484,9.35,50.4
synA1|nd,MNAR,0.1,mean,+backfill,2.1836,1.1183,0.0,20,18.55,1.484,9.35,50.4
synA1|nd,MNAR,0.1,SoftImpute,raw,14.3765,3.3345,9.5308,20,18.55,1.484,9.35,50.4
synA1|nd,MNAR,0.1,SoftImpute,+closure,7.5372,1.9447,0.0,20,18.55,1.484,9.35,50.4
synA1|nd,MNAR,0.1,SoftImpute,+backfill,3.6544,1.9194,0.0,20,18.55,1.484,9.35,50.4
synA1|nd,MNAR,0.3,CRISP,raw,3.4445,0.8605,0.0007,20,54.45,4.356,5.9,10.8
synA1|nd,MNAR,0.3,CRISP,+closure,3.4445,0.8605,0.0,20,54.45,4.356,5.9,10.8
synA1|nd,MNAR,0.3,CRISP,+backfill,3.4445,0.8605,0.0,20,54.45,4.356,5.9,10.8
synA1|nd,MNAR,0.3,MICE,raw,5.5011,0.5324,9.8735,20,54.45,4.356,5.9,10.8
synA1|nd,MNAR,0.3,MICE,+closure,4.9253,0.5457,0.0,20,54.45,4.356,5.9,10.8
synA1|nd,MNAR,0.3,MICE,+backfill,4.353,0.5388,0.0,20,54.45,4.356,5.9,10.8
synA1|nd,MNAR,0.3,KNN,raw,4.9584,0.5616,7.6124,20,54.45,4.356,5.9,10.8
synA1|nd,MNAR,0.3,KNN,+closure,4.9167,0.5755,0.0,20,54.45,4.356,5.9,10.8
synA1|nd,MNAR,0.3,KNN,+backfill,4.3236,0.6222,0.0,20,54.45,4.356,5.9,10.8
synA1|nd,MNAR,0.3,mean,raw,4.5734,0.7001,9.0993,20,54.45,4.356,5.9,10.8
synA1|nd,MNAR,0.3,mean,+closure,4.3867,0.6589,0.0,20,54.45,4.356,5.9,10.8
synA1|nd,MNAR,0.3,mean,+backfill,3.8507,0.6864,0.0,20,54.45,4.356,5.9,10.8
synA1|nd,MNAR,0.3,SoftImpute,raw,11.0892,2.3827,19.9453,20,54.45,4.356,5.9,10.8
synA1|nd,MNAR,0.3,SoftImpute,+closure,6.9605,0.9329,0.0,20,54.45,4.356,5.9,10.8
synA1|nd,MNAR,0.3,SoftImpute,+backfill,6.0757,0.8329,0.0,20,54.45,4.356,5.9,10.8
synA2|nd,MAR,0.1,CRISP,raw,2.7764,1.0921,0.0028,20,32.25,2.688,11.65,36.1
synA2|nd,MAR,0.1,CRISP,+closure,2.7764,1.0921,0.0,20,32.25,2.688,11.65,36.1
synA2|nd,MAR,0.1,CRISP,+backfill,2.7764,1.0921,0.0,20,32.25,2.688,11.65,36.1
synA2|nd,MAR,0.1,MICE,raw,6.9248,1.1798,7.1098,20,32.25,2.688,11.65,36.1
synA2|nd,MAR,0.1,MICE,+closure,6.4552,1.0766,0.0,20,32.25,2.688,11.65,36.1
synA2|nd,MAR,0.1,MICE,+backfill,3.9796,1.1414,0.0,20,32.25,2.688,11.65,36.1
synA2|nd,MAR,0.1,KNN,raw,6.6211,1.1282,6.2387,20,32.25,2.688,11.65,36.1
synA2|nd,MAR,0.1,KNN,+closure,6.3987,1.1525,0.0,20,32.25,2.688,11.65,36.1
synA2|nd,MAR,0.1,KNN,+backfill,4.0291,1.167,0.0,20,32.25,2.688,11.65,36.1
synA2|nd,MAR,0.1,mean,raw,6.743,1.2757,6.9679,20,32.25,2.688,11.65,36.1
synA2|nd,MAR,0.1,mean,+closure,6.4494,1.1762,0.0,20,32.25,2.688,11.65,36.1
synA2|nd,MAR,0.1,mean,+backfill,4.0078,1.1408,0.0,20,32.25,2.688,11.65,36.1
synA2|nd,MAR,0.1,SoftImpute,raw,11.4184,2.9091,11.2742,20,32.25,2.688,11.65,36.1
synA2|nd,MAR,0.1,SoftImpute,+closure,8.3305,1.3354,0.0,20,32.25,2.688,11.65,36.1
synA2|nd,MAR,0.1,SoftImpute,+backfill,5.2658,1.6301,0.0,20,32.25,2.688,11.65,36.1
synA2|nd,MAR,0.3,CRISP,raw,7.3663,1.671,0.0002,20,95.9,7.992,3.3,3.4
synA2|nd,MAR,0.3,CRISP,+closure,7.3663,1.671,0.0,20,95.9,7.992,3.3,3.4
synA2|nd,MAR,0.3,CRISP,+backfill,7.3663,1.671,0.0,20,95.9,7.992,3.3,3.4
synA2|nd,MAR,0.3,MICE,raw,7.1801,0.7384,21.0387,20,95.9,7.992,3.3,3.4
synA2|nd,MAR,0.3,MICE,+closure,6.4953,0.6878,0.0,20,95.9,7.992,3.3,3.4
synA2|nd,MAR,0.3,MICE,+backfill,6.1659,0.6028,0.0,20,95.9,7.992,3.3,3.4
synA2|nd,MAR,0.3,KNN,raw,6.9769,0.7227,18.436,20,95.9,7.992,3.3,3.4
synA2|nd,MAR,0.3,KNN,+closure,6.8311,0.7533,0.0,20,95.9,7.992,3.3,3.4
synA2|nd,MAR,0.3,KNN,+backfill,6.4845,0.6807,0.0,20,95.9,7.992,3.3,3.4
synA2|nd,MAR,0.3,mean,raw,6.9034,0.7421,20.9009,20,95.9,7.992,3.3,3.4
synA2|nd,MAR,0.3,mean,+closure,6.4002,0.7198,0.0,20,95.9,7.992,3.3,3.4
synA2|nd,MAR,0.3,mean,+backfill,6.0659,0.6315,0.0,20,95.9,7.992,3.3,3.4
synA2|nd,MAR,0.3,SoftImpute,raw,10.9924,1.3759,28.423,20,95.9,7.992,3.3,3.4
synA2|nd,MAR,0.3,SoftImpute,+closure,8.3541,0.7029,0.0,20,95.9,7.992,3.3,3.4
synA2|nd,MAR,0.3,SoftImpute,+backfill,7.9712,0.7104,0.0,20,95.9,7.992,3.3,3.4
synA2|nd,MCAR,0.1,CRISP,raw,2.9692,0.9617,0.0026,20,33.1,2.758,10.9,32.9
synA2|nd,MCAR,0.1,CRISP,+closure,2.9692,0.9617,0.0,20,33.1,2.758,10.9,32.9
synA2|nd,MCAR,0.1,CRISP,+backfill,2.9692,0.9617,0.0,20,33.1,2.758,10.9,32.9
synA2|nd,MCAR,0.1,MICE,raw,6.6704,1.1933,6.861,20,33.1,2.758,10.9,32.9
synA2|nd,MCAR,0.1,MICE,+closure,6.2063,1.1735,0.0,20,33.1,2.758,10.9,32.9
synA2|nd,MCAR,0.1,MICE,+backfill,4.0171,0.9698,0.0,20,33.1,2.758,10.9,32.9
synA2|nd,MCAR,0.1,KNN,raw,6.3896,1.0545,6.0287,20,33.1,2.758,10.9,32.9
synA2|nd,MCAR,0.1,KNN,+closure,6.1701,1.0947,0.0,20,33.1,2.758,10.9,32.9
synA2|nd,MCAR,0.1,KNN,+backfill,4.1098,1.0216,0.0,20,33.1,2.758,10.9,32.9
synA2|nd,MCAR,0.1,mean,raw,6.3086,1.2326,6.5868,20,33.1,2.758,10.9,32.9
synA2|nd,MCAR,0.1,mean,+closure,6.0488,1.1873,0.0,20,33.1,2.758,10.9,32.9
synA2|nd,MCAR,0.1,mean,+backfill,3.8994,0.9529,0.0,20,33.1,2.758,10.9,32.9
synA2|nd,MCAR,0.1,SoftImpute,raw,10.7913,1.8775,11.1965,20,33.1,2.758,10.9,32.9
synA2|nd,MCAR,0.1,SoftImpute,+closure,7.8521,1.1225,0.0,20,33.1,2.758,10.9,32.9
synA2|nd,MCAR,0.1,SoftImpute,+backfill,4.9895,1.2399,0.0,20,33.1,2.758,10.9,32.9
synA2|nd,MCAR,0.3,CRISP,raw,7.7542,2.0936,0.0002,20,101.75,8.479,2.9,2.9
synA2|nd,MCAR,0.3,CRISP,+closure,7.7542,2.0936,0.0,20,101.75,8.479,2.9,2.9
synA2|nd,MCAR,0.3,CRISP,+backfill,7.7542,2.0936,0.0,20,101.75,8.479,2.9,2.9
synA2|nd,MCAR,0.3,MICE,raw,7.2095,0.5477,22.4308,20,101.75,8.479,2.9,2.9
synA2|nd,MCAR,0.3,MICE,+closure,6.5905,0.4086,0.0,20,101.75,8.479,2.9,2.9
synA2|nd,MCAR,0.3,MICE,+backfill,6.3588,0.4881,0.0,20,101.75,8.479,2.9,2.9
synA2|nd,MCAR,0.3,KNN,raw,6.8969,0.3782,19.4043,20,101.75,8.479,2.9,2.9
synA2|nd,MCAR,0.3,KNN,+closure,6.7179,0.3114,0.0,20,101.75,8.479,2.9,2.9
synA2|nd,MCAR,0.3,KNN,+backfill,6.5011,0.373,0.0,20,101.75,8.479,2.9,2.9
synA2|nd,MCAR,0.3,mean,raw,6.8972,0.4781,22.2151,20,101.75,8.479,2.9,2.9
synA2|nd,MCAR,0.3,mean,+closure,6.3967,0.434,0.0,20,101.75,8.479,2.9,2.9
synA2|nd,MCAR,0.3,mean,+backfill,6.167,0.5102,0.0,20,101.75,8.479,2.9,2.9
synA2|nd,MCAR,0.3,SoftImpute,raw,12.0262,1.2327,33.4046,20,101.75,8.479,2.9,2.9
synA2|nd,MCAR,0.3,SoftImpute,+closure,8.7389,0.6061,0.0,20,101.75,8.479,2.9,2.9
synA2|nd,MCAR,0.3,SoftImpute,+backfill,8.4188,0.5894,0.0,20,101.75,8.479,2.9,2.9
synA2|nd,MNAR,0.1,CRISP,raw,1.7403,0.5955,0.0036,20,23.7,1.975,11.0,46.4
synA2|nd,MNAR,0.1,CRISP,+closure,1.7403,0.5955,0.0,20,23.7,1.975,11.0,46.4
synA2|nd,MNAR,0.1,CRISP,+backfill,1.7403,0.5955,0.0,20,23.7,1.975,11.0,46.4
synA2|nd,MNAR,0.1,MICE,raw,5.2555,1.0804,3.855,20,23.7,1.975,11.0,46.4
synA2|nd,MNAR,0.1,MICE,+closure,4.9118,1.0896,0.0,20,23.7,1.975,11.0,46.4
synA2|nd,MNAR,0.1,MICE,+backfill,2.4452,0.6344,0.0,20,23.7,1.975,11.0,46.4
synA2|nd,MNAR,0.1,KNN,raw,5.1778,1.0859,3.6028,20,23.7,1.975,11.0,46.4
synA2|nd,MNAR,0.1,KNN,+closure,4.9319,1.072,0.0,20,23.7,1.975,11.0,46.4
synA2|nd,MNAR,0.1,KNN,+backfill,2.4187,0.6542,0.0,20,23.7,1.975,11.0,46.4
synA2|nd,MNAR,0.1,mean,raw,4.9964,1.1992,3.7436,20,23.7,1.975,11.0,46.4
synA2|nd,MNAR,0.1,mean,+closure,4.8162,1.1656,0.0,20,23.7,1.975,11.0,46.4
synA2|nd,MNAR,0.1,mean,+backfill,2.3724,0.6164,0.0,20,23.7,1.975,11.0,46.4
synA2|nd,MNAR,0.1,SoftImpute,raw,10.7585,3.582,7.9736,20,23.7,1.975,11.0,46.4
synA2|nd,MNAR,0.1,SoftImpute,+closure,7.0612,1.622,0.0,20,23.7,1.975,11.0,46.4
synA2|nd,MNAR,0.1,SoftImpute,+backfill,3.7828,1.2145,0.0,20,23.7,1.975,11.0,46.4
synA2|nd,MNAR,0.3,CRISP,raw,4.3871,0.9781,0.0008,20,69.25,5.771,6.3,9.1
synA2|nd,MNAR,0.3,CRISP,+closure,4.3871,0.9781,0.0,20,69.25,5.771,6.3,9.1
synA2|nd,MNAR,0.3,CRISP,+backfill,4.3871,0.9781,0.0,20,69.25,5.771,6.3,9.1
synA2|nd,MNAR,0.3,MICE,raw,5.1524,0.6733,10.0347,20,69.25,5.771,6.3,9.1
synA2|nd,MNAR,0.3,MICE,+closure,4.8276,0.7021,0.0,20,69.25,5.771,6.3,9.1
synA2|nd,MNAR,0.3,MICE,+backfill,4.3365,0.555,0.0,20,69.25,5.771,6.3,9.1
synA2|nd,MNAR,0.3,KNN,raw,5.142,0.6558,8.2771,20,69.25,5.771,6.3,9.1
synA2|nd,MNAR,0.3,KNN,+closure,5.0473,0.6868,0.0,20,69.25,5.771,6.3,9.1
synA2|nd,MNAR,0.3,KNN,+backfill,4.5521,0.634,0.0,20,69.25,5.771,6.3,9.1
synA2|nd,MNAR,0.3,mean,raw,4.8408,0.6974,9.9575,20,69.25,5.771,6.3,9.1
synA2|nd,MNAR,0.3,mean,+closure,4.5981,0.6759,0.0,20,69.25,5.771,6.3,9.1
synA2|nd,MNAR,0.3,mean,+backfill,4.1258,0.5302,0.0,20,69.25,5.771,6.3,9.1
synA2|nd,MNAR,0.3,SoftImpute,raw,9.693,1.2578,17.7178,20,69.25,5.771,6.3,9.1
synA2|nd,MNAR,0.3,SoftImpute,+closure,6.8284,0.8085,0.0,20,69.25,5.771,6.3,9.1
synA2|nd,MNAR,0.3,SoftImpute,+backfill,5.9363,0.8029,0.0,20,69.25,5.771,6.3,9.1
synA3|nd,MAR,0.1,CRISP,raw,2.8754,1.1673,0.0027,20,21.35,2.669,7.25,34.0
synA3|nd,MAR,0.1,CRISP,+closure,2.8754,1.1673,0.0,20,21.35,2.669,7.25,34.0
synA3|nd,MAR,0.1,CRISP,+backfill,2.8754,1.1673,0.0,20,21.35,2.669,7.25,34.0
synA3|nd,MAR,0.1,MICE,raw,7.597,1.1897,7.2411,20,21.35,2.669,7.25,34.0
synA3|nd,MAR,0.1,MICE,+closure,7.0167,1.2441,0.0,20,21.35,2.669,7.25,34.0
synA3|nd,MAR,0.1,MICE,+backfill,4.562,1.1241,0.0,20,21.35,2.669,7.25,34.0
synA3|nd,MAR,0.1,KNN,raw,6.731,1.2494,6.1354,20,21.35,2.669,7.25,34.0
synA3|nd,MAR,0.1,KNN,+closure,6.5314,1.1963,0.0,20,21.35,2.669,7.25,34.0
synA3|nd,MAR,0.1,KNN,+backfill,4.198,1.1017,0.0,20,21.35,2.669,7.25,34.0
synA3|nd,MAR,0.1,mean,raw,6.7683,1.4626,6.796,20,21.35,2.669,7.25,34.0
synA3|nd,MAR,0.1,mean,+closure,6.492,1.4179,0.0,20,21.35,2.669,7.25,34.0
synA3|nd,MAR,0.1,mean,+backfill,4.0734,1.1645,0.0,20,21.35,2.669,7.25,34.0
synA3|nd,MAR,0.1,SoftImpute,raw,11.0694,2.9678,10.2025,20,21.35,2.669,7.25,34.0
synA3|nd,MAR,0.1,SoftImpute,+closure,8.4522,1.4134,0.0,20,21.35,2.669,7.25,34.0
synA3|nd,MAR,0.1,SoftImpute,+backfill,5.3349,1.5364,0.0,20,21.35,2.669,7.25,34.0
synA3|nd,MAR,0.3,CRISP,raw,6.66,2.3762,0.0002,20,63.9,7.987,2.55,4.0
synA3|nd,MAR,0.3,CRISP,+closure,6.66,2.3762,0.0,20,63.9,7.987,2.55,4.0
synA3|nd,MAR,0.3,CRISP,+backfill,6.66,2.3762,0.0,20,63.9,7.987,2.55,4.0
synA3|nd,MAR,0.3,MICE,raw,8.1932,0.6618,22.4066,20,63.9,7.987,2.55,4.0
synA3|nd,MAR,0.3,MICE,+closure,7.3835,0.5387,0.0,20,63.9,7.987,2.55,4.0
synA3|nd,MAR,0.3,MICE,+backfill,7.0892,0.5138,0.0,20,63.9,7.987,2.55,4.0
synA3|nd,MAR,0.3,KNN,raw,7.284,0.7134,19.6847,20,63.9,7.987,2.55,4.0
synA3|nd,MAR,0.3,KNN,+closure,7.1347,0.6729,0.0,20,63.9,7.987,2.55,4.0
synA3|nd,MAR,0.3,KNN,+backfill,6.8462,0.6739,0.0,20,63.9,7.987,2.55,4.0
synA3|nd,MAR,0.3,mean,raw,7.2736,0.7571,21.9024,20,63.9,7.987,2.55,4.0
synA3|nd,MAR,0.3,mean,+closure,6.7742,0.7503,0.0,20,63.9,7.987,2.55,4.0
synA3|nd,MAR,0.3,mean,+backfill,6.4868,0.7519,0.0,20,63.9,7.987,2.55,4.0
synA3|nd,MAR,0.3,SoftImpute,raw,13.1488,2.0659,33.9363,20,63.9,7.987,2.55,4.0
synA3|nd,MAR,0.3,SoftImpute,+closure,9.0943,0.8666,0.0,20,63.9,7.987,2.55,4.0
synA3|nd,MAR,0.3,SoftImpute,+backfill,8.7357,0.8775,0.0,20,63.9,7.987,2.55,4.0
synA3|nd,MCAR,0.1,CRISP,raw,3.0483,1.0027,0.0026,20,21.2,2.65,7.0,33.0
synA3|nd,MCAR,0.1,CRISP,+closure,3.0483,1.0027,0.0,20,21.2,2.65,7.0,33.0
synA3|nd,MCAR,0.1,CRISP,+backfill,3.0483,1.0027,0.0,20,21.2,2.65,7.0,33.0
synA3|nd,MCAR,0.1,MICE,raw,7.7381,1.283,7.1206,20,21.2,2.65,7.0,33.0
synA3|nd,MCAR,0.1,MICE,+closure,7.1023,1.211,0.0,20,21.2,2.65,7.0,33.0
synA3|nd,MCAR,0.1,MICE,+backfill,4.5961,0.8541,0.0,20,21.2,2.65,7.0,33.0
synA3|nd,MCAR,0.1,KNN,raw,6.821,1.4064,6.1568,20,21.2,2.65,7.0,33.0
synA3|nd,MCAR,0.1,KNN,+closure,6.6336,1.376,0.0,20,21.2,2.65,7.0,33.0
synA3|nd,MCAR,0.1,KNN,+backfill,4.451,0.9884,0.0,20,21.2,2.65,7.0,33.0
synA3|nd,MCAR,0.1,mean,raw,6.7628,1.4936,6.7549,20,21.2,2.65,7.0,33.0
synA3|nd,MCAR,0.1,mean,+closure,6.4934,1.4334,0.0,20,21.2,2.65,7.0,33.0
synA3|nd,MCAR,0.1,mean,+backfill,4.1634,0.8804,0.0,20,21.2,2.65,7.0,33.0
synA3|nd,MCAR,0.1,SoftImpute,raw,11.8975,3.0944,11.5715,20,21.2,2.65,7.0,33.0
synA3|nd,MCAR,0.1,SoftImpute,+closure,8.7938,1.7754,0.0,20,21.2,2.65,7.0,33.0
synA3|nd,MCAR,0.1,SoftImpute,+backfill,5.5583,1.183,0.0,20,21.2,2.65,7.0,33.0
synA3|nd,MCAR,0.3,CRISP,raw,5.7982,2.308,0.0001,20,68.35,8.544,1.9,2.8
synA3|nd,MCAR,0.3,CRISP,+closure,5.7982,2.308,0.0,20,68.35,8.544,1.9,2.8
synA3|nd,MCAR,0.3,CRISP,+backfill,5.7982,2.308,0.0,20,68.35,8.544,1.9,2.8
synA3|nd,MCAR,0.3,MICE,raw,7.9005,0.7508,22.989,20,68.35,8.544,1.9,2.8
synA3|nd,MCAR,0.3,MICE,+closure,7.046,0.6619,0.0,20,68.35,8.544,1.9,2.8
synA3|nd,MCAR,0.3,MICE,+backfill,6.8345,0.7431,0.0,20,68.35,8.544,1.9,2.8
synA3|nd,MCAR,0.3,KNN,raw,7.1354,0.6562,20.8599,20,68.35,8.544,1.9,2.8
synA3|nd,MCAR,0.3,KNN,+closure,6.9218,0.7247,0.0,20,68.35,8.544,1.9,2.8
synA3|nd,MCAR,0.3,KNN,+backfill,6.6995,0.7731,0.0,20,68.35,8.544,1.9,2.8
synA3|nd,MCAR,0.3,mean,raw,7.1848,0.549,23.1301,20,68.35,8.544,1.9,2.8
synA3|nd,MCAR,0.3,mean,+closure,6.6793,0.5594,0.0,20,68.35,8.544,1.9,2.8
synA3|nd,MCAR,0.3,mean,+backfill,6.4459,0.6751,0.0,20,68.35,8.544,1.9,2.8
synA3|nd,MCAR,0.3,SoftImpute,raw,13.1034,2.0684,36.1803,20,68.35,8.544,1.9,2.8
synA3|nd,MCAR,0.3,SoftImpute,+closure,8.9428,0.9872,0.0,20,68.35,8.544,1.9,2.8
synA3|nd,MCAR,0.3,SoftImpute,+backfill,8.6327,0.9584,0.0,20,68.35,8.544,1.9,2.8
synA3|nd,MNAR,0.1,CRISP,raw,1.4434,1.3435,0.0039,20,13.65,1.706,6.8,49.8
synA3|nd,MNAR,0.1,CRISP,+closure,1.4434,1.3435,0.0,20,13.65,1.706,6.8,49.8
synA3|nd,MNAR,0.1,CRISP,+backfill,1.4434,1.3435,0.0,20,13.65,1.706,6.8,49.8
synA3|nd,MNAR,0.1,MICE,raw,5.4172,1.3319,3.3372,20,13.65,1.706,6.8,49.8
synA3|nd,MNAR,0.1,MICE,+closure,4.8004,1.3371,0.0,20,13.65,1.706,6.8,49.8
synA3|nd,MNAR,0.1,MICE,+backfill,2.1604,1.2658,0.0,20,13.65,1.706,6.8,49.8
synA3|nd,MNAR,0.1,KNN,raw,4.6839,1.2506,2.7511,20,13.65,1.706,6.8,49.8
synA3|nd,MNAR,0.1,KNN,+closure,4.51,1.2067,0.0,20,13.65,1.706,6.8,49.8
synA3|nd,MNAR,0.1,KNN,+backfill,2.0881,1.0885,0.0,20,13.65,1.706,6.8,49.8
synA3|nd,MNAR,0.1,mean,raw,4.4233,1.4157,2.7848,20,13.65,1.706,6.8,49.8
synA3|nd,MNAR,0.1,mean,+closure,4.2718,1.4042,0.0,20,13.65,1.706,6.8,49.8
synA3|nd,MNAR,0.1,mean,+backfill,1.91,1.193,0.0,20,13.65,1.706,6.8,49.8
synA3|nd,MNAR,0.1,SoftImpute,raw,10.4767,4.6957,6.5134,20,13.65,1.706,6.8,49.8
synA3|nd,MNAR,0.1,SoftImpute,+closure,6.3433,1.5912,0.0,20,13.65,1.706,6.8,49.8
synA3|nd,MNAR,0.1,SoftImpute,+backfill,2.5278,1.4128,0.0,20,13.65,1.706,6.8,49.8
synA3|nd,MNAR,0.3,CRISP,raw,4.2831,1.2119,0.0007,20,41.2,5.15,5.55,13.5
synA3|nd,MNAR,0.3,CRISP,+closure,4.2831,1.2119,0.0,20,41.2,5.15,5.55,13.5
synA3|nd,MNAR,0.3,CRISP,+backfill,4.2831,1.2119,0.0,20,41.2,5.15,5.55,13.5
synA3|nd,MNAR,0.3,MICE,raw,5.8694,0.488,9.0193,20,41.2,5.15,5.55,13.5
synA3|nd,MNAR,0.3,MICE,+closure,5.1866,0.5417,0.0,20,41.2,5.15,5.55,13.5
synA3|nd,MNAR,0.3,MICE,+backfill,4.5278,0.4652,0.0,20,41.2,5.15,5.55,13.5
synA3|nd,MNAR,0.3,KNN,raw,4.7532,0.63,6.8669,20,41.2,5.15,5.55,13.5
synA3|nd,MNAR,0.3,KNN,+closure,4.6573,0.6397,0.0,20,41.2,5.15,5.55,13.5
synA3|nd,MNAR,0.3,KNN,+backfill,4.043,0.6307,0.0,20,41.2,5.15,5.55,13.5
synA3|nd,MNAR,0.3,mean,raw,4.5947,0.6783,8.1428,20,41.2,5.15,5.55,13.5
synA3|nd,MNAR,0.3,mean,+closure,4.4006,0.6483,0.0,20,41.2,5.15,5.55,13.5
synA3|nd,MNAR,0.3,mean,+backfill,3.782,0.601,0.0,20,41.2,5.15,5.55,13.5
synA3|nd,MNAR,0.3,SoftImpute,raw,11.3181,2.3771,19.434,20,41.2,5.15,5.55,13.5
synA3|nd,MNAR,0.3,SoftImpute,+closure,7.102,1.1886,0.0,20,41.2,5.15,5.55,13.5
synA3|nd,MNAR,0.3,SoftImpute,+backfill,6.0666,1.2056,0.0,20,41.2,5.15,5.55,13.5
synA4|nd,MAR,0.1,CRISP,raw,2.6314,0.7421,0.0015,20,35.0,2.333,8.5,24.3
synA4|nd,MAR,0.1,CRISP,+closure,2.6314,0.7421,0.0,20,35.0,2.333,8.5,24.3
synA4|nd,MAR,0.1,CRISP,+backfill,2.6314,0.7421,0.0,20,35.0,2.333,8.5,24.3
synA4|nd,MAR,0.1,MICE,raw,5.835,0.7319,7.2907,20,35.0,2.333,8.5,24.3
synA4|nd,MAR,0.1,MICE,+closure,5.2578,0.7136,0.0,20,35.0,2.333,8.5,24.3
synA4|nd,MAR,0.1,MICE,+backfill,3.7637,0.6502,0.0,20,35.0,2.333,8.5,24.3
synA4|nd,MAR,0.1,KNN,raw,5.2125,0.6785,6.4633,20,35.0,2.333,8.5,24.3
synA4|nd,MAR,0.1,KNN,+closure,5.0697,0.6653,0.0,20,35.0,2.333,8.5,24.3
synA4|nd,MAR,0.1,KNN,+backfill,3.588,0.6533,0.0,20,35.0,2.333,8.5,24.3
synA4|nd,MAR,0.1,mean,raw,5.2949,0.7922,7.0926,20,35.0,2.333,8.5,24.3
synA4|nd,MAR,0.1,mean,+closure,5.1417,0.7686,0.0,20,35.0,2.333,8.5,24.3
synA4|nd,MAR,0.1,mean,+backfill,3.6537,0.6899,0.0,20,35.0,2.333,8.5,24.3
synA4|nd,MAR,0.1,SoftImpute,raw,8.2419,2.6499,10.8147,20,35.0,2.333,8.5,24.3
synA4|nd,MAR,0.1,SoftImpute,+closure,5.743,0.9284,0.0,20,35.0,2.333,8.5,24.3
synA4|nd,MAR,0.1,SoftImpute,+backfill,4.1053,0.7546,0.0,20,35.0,2.333,8.5,24.3
synA4|nd,MAR,0.3,CRISP,raw,4.6573,1.2391,0.0001,20,103.5,6.9,1.65,1.6
synA4|nd,MAR,0.3,CRISP,+closure,4.6573,1.2391,0.0,20,103.5,6.9,1.65,1.6
synA4|nd,MAR,0.3,CRISP,+backfill,4.6573,1.2391,0.0,20,103.5,6.9,1.65,1.6
synA4|nd,MAR,0.3,MICE,raw,6.265,0.4534,22.4223,20,103.5,6.9,1.65,1.6
synA4|nd,MAR,0.3,MICE,+closure,5.5821,0.4878,0.0,20,103.5,6.9,1.65,1.6
synA4|nd,MAR,0.3,MICE,+backfill,5.4835,0.451,0.0,20,103.5,6.9,1.65,1.6
synA4|nd,MAR,0.3,KNN,raw,5.5912,0.4992,20.4956,20,103.5,6.9,1.65,1.6
synA4|nd,MAR,0.3,KNN,+closure,5.4528,0.5066,0.0,20,103.5,6.9,1.65,1.6
synA4|nd,MAR,0.3,KNN,+backfill,5.3554,0.4597,0.0,20,103.5,6.9,1.65,1.6
synA4|nd,MAR,0.3,mean,raw,5.626,0.4706,22.2689,20,103.5,6.9,1.65,1.6
synA4|nd,MAR,0.3,mean,+closure,5.3177,0.4462,0.0,20,103.5,6.9,1.65,1.6
synA4|nd,MAR,0.3,mean,+backfill,5.2165,0.4107,0.0,20,103.5,6.9,1.65,1.6
synA4|nd,MAR,0.3,SoftImpute,raw,8.6468,0.9298,30.7719,20,103.5,6.9,1.65,1.6
synA4|nd,MAR,0.3,SoftImpute,+closure,6.3831,0.6498,0.0,20,103.5,6.9,1.65,1.6
synA4|nd,MAR,0.3,SoftImpute,+backfill,6.184,0.5839,0.0,20,103.5,6.9,1.65,1.6
synA4|nd,MCAR,0.1,CRISP,raw,3.1379,1.0666,0.0014,20,36.35,2.423,8.65,23.8
synA4|nd,MCAR,0.1,CRISP,+closure,3.1379,1.0666,0.0,20,36.35,2.423,8.65,23.8
synA4|nd,MCAR,0.1,CRISP,+backfill,3.1379,1.0666,0.0,20,36.35,2.423,8.65,23.8
synA4|nd,MCAR,0.1,MICE,raw,6.4385,0.8505,8.3585,20,36.35,2.423,8.65,23.8
synA4|nd,MCAR,0.1,MICE,+closure,5.7586,0.8185,0.0,20,36.35,2.423,8.65,23.8
synA4|nd,MCAR,0.1,MICE,+backfill,4.2752,1.1617,0.0,20,36.35,2.423,8.65,23.8
synA4|nd,MCAR,0.1,KNN,raw,5.6952,0.7885,7.4018,20,36.35,2.423,8.65,23.8
synA4|nd,MCAR,0.1,KNN,+closure,5.5306,0.7765,0.0,20,36.35,2.423,8.65,23.8
synA4|nd,MCAR,0.1,KNN,+backfill,4.0981,1.1415,0.0,20,36.35,2.423,8.65,23.8
synA4|nd,MCAR,0.1,mean,raw,5.7971,0.8568,8.1207,20,36.35,2.423,8.65,23.8
synA4|nd,MCAR,0.1,mean,+closure,5.6005,0.8185,0.0,20,36.35,2.423,8.65,23.8
synA4|nd,MCAR,0.1,mean,+backfill,4.1148,1.0999,0.0,20,36.35,2.423,8.65,23.8
synA4|nd,MCAR,0.1,SoftImpute,raw,8.7436,2.198,11.7575,20,36.35,2.423,8.65,23.8
synA4|nd,MCAR,0.1,SoftImpute,+closure,6.6886,1.0975,0.0,20,36.35,2.423,8.65,23.8
synA4|nd,MCAR,0.1,SoftImpute,+backfill,4.7521,1.1786,0.0,20,36.35,2.423,8.65,23.8
synA4|nd,MCAR,0.3,CRISP,raw,4.9535,1.4128,0.0,20,107.95,7.197,1.35,1.3
synA4|nd,MCAR,0.3,CRISP,+closure,4.9535,1.4128,0.0,20,107.95,7.197,1.35,1.3
synA4|nd,MCAR,0.3,CRISP,+backfill,4.9535,1.4128,0.0,20,107.95,7.197,1.35,1.3
synA4|nd,MCAR,0.3,MICE,raw,6.5558,0.4623,25.059,20,107.95,7.197,1.35,1.3
synA4|nd,MCAR,0.3,MICE,+closure,5.8781,0.4563,0.0,20,107.95,7.197,1.35,1.3
synA4|nd,MCAR,0.3,MICE,+backfill,5.7757,0.4912,0.0,20,107.95,7.197,1.35,1.3
synA4|nd,MCAR,0.3,KNN,raw,5.8917,0.4613,22.8581,20,107.95,7.197,1.35,1.3
synA4|nd,MCAR,0.3,KNN,+closure,5.6808,0.4377,0.0,20,107.95,7.197,1.35,1.3
synA4|nd,MCAR,0.3,KNN,+backfill,5.5689,0.5041,0.0,20,107.95,7.197,1.35,1.3
synA4|nd,MCAR,0.3,mean,raw,5.9315,0.4659,24.7237,20,107.95,7.197,1.35,1.3
synA4|nd,MCAR,0.3,mean,+closure,5.5729,0.4272,0.0,20,107.95,7.197,1.35,1.3
synA4|nd,MCAR,0.3,mean,+backfill,5.4631,0.4838,0.0,20,107.95,7.197,1.35,1.3
synA4|nd,MCAR,0.3,SoftImpute,raw,8.9345,0.9338,33.614,20,107.95,7.197,1.35,1.3
synA4|nd,MCAR,0.3,SoftImpute,+closure,6.6281,0.4646,0.0,20,107.95,7.197,1.35,1.3
synA4|nd,MCAR,0.3,SoftImpute,+backfill,6.4821,0.506,0.0,20,107.95,7.197,1.35,1.3
synA4|nd,MNAR,0.1,CRISP,raw,1.8557,0.6078,0.0022,20,23.05,1.537,9.0,39.0
synA4|nd,MNAR,0.1,CRISP,+closure,1.8557,0.6078,0.0,20,23.05,1.537,9.0,39.0
synA4|nd,MNAR,0.1,CRISP,+backfill,1.8557,0.6078,0.0,20,23.05,1.537,9.0,39.0
synA4|nd,MNAR,0.1,MICE,raw,4.6559,1.0222,3.7347,20,23.05,1.537,9.0,39.0
synA4|nd,MNAR,0.1,MICE,+closure,4.0521,0.9361,0.0,20,23.05,1.537,9.0,39.0
synA4|nd,MNAR,0.1,MICE,+backfill,2.5969,0.5909,0.0,20,23.05,1.537,9.0,39.0
synA4|nd,MNAR,0.1,KNN,raw,3.8304,0.7095,3.0261,20,23.05,1.537,9.0,39.0
synA4|nd,MNAR,0.1,KNN,+closure,3.7191,0.6891,0.0,20,23.05,1.537,9.0,39.0
synA4|nd,MNAR,0.1,KNN,+backfill,2.3388,0.5506,0.0,20,23.05,1.537,9.0,39.0
synA4|nd,MNAR,0.1,mean,raw,3.7382,0.9078,3.2094,20,23.05,1.537,9.0,39.0
synA4|nd,MNAR,0.1,mean,+closure,3.6419,0.8801,0.0,20,23.05,1.537,9.0,39.0
synA4|nd,MNAR,0.1,mean,+backfill,2.371,0.5859,0.0,20,23.05,1.537,9.0,39.0
synA4|nd,MNAR,0.1,SoftImpute,raw,7.7137,3.6631,6.7092,20,23.05,1.537,9.0,39.0
synA4|nd,MNAR,0.1,SoftImpute,+closure,4.3378,0.9422,0.0,20,23.05,1.537,9.0,39.0
synA4|nd,MNAR,0.1,SoftImpute,+backfill,2.7168,0.7188,0.0,20,23.05,1.537,9.0,39.0
synA4|nd,MNAR,0.3,CRISP,raw,4.1584,0.9182,0.0004,20,70.2,4.68,4.2,6.0
synA4|nd,MNAR,0.3,CRISP,+closure,4.1584,0.9182,0.0,20,70.2,4.68,4.2,6.0
synA4|nd,MNAR,0.3,CRISP,+backfill,4.1584,0.9182,0.0,20,70.2,4.68,4.2,6.0
synA4|nd,MNAR,0.3,MICE,raw,4.7487,0.4746,10.194,20,70.2,4.68,4.2,6.0
synA4|nd,MNAR,0.3,MICE,+closure,4.0102,0.4194,0.0,20,70.2,4.68,4.2,6.0
synA4|nd,MNAR,0.3,MICE,+backfill,3.7656,0.4288,0.0,20,70.2,4.68,4.2,6.0
synA4|nd,MNAR,0.3,KNN,raw,3.8586,0.3567,8.2974,20,70.2,4.68,4.2,6.0
synA4|nd,MNAR,0.3,KNN,+closure,3.7926,0.3632,0.0,20,70.2,4.68,4.2,6.0
synA4|nd,MNAR,0.3,KNN,+backfill,3.5556,0.3871,0.0,20,70.2,4.68,4.2,6.0
synA4|nd,MNAR,0.3,mean,raw,3.7912,0.4192,9.6524,20,70.2,4.68,4.2,6.0
synA4|nd,MNAR,0.3,mean,+closure,3.6396,0.4026,0.0,20,70.2,4.68,4.2,6.0
synA4|nd,MNAR,0.3,mean,+backfill,3.4179,0.3927,0.0,20,70.2,4.68,4.2,6.0
synA4|nd,MNAR,0.3,SoftImpute,raw,8.0675,1.5087,19.3772,20,70.2,4.68,4.2,6.0
synA4|nd,MNAR,0.3,SoftImpute,+closure,4.6452,0.6517,0.0,20,70.2,4.68,4.2,6.0
synA4|nd,MNAR,0.3,SoftImpute,+backfill,4.3539,0.6677,0.0,20,70.2,4.68,4.2,6.0
cement|realnd,observed,,CRISP,raw,0.0,0.0,0.0,20,2.8,,2.8,100.0
cement|realnd,observed,,CRISP,+closure,0.0,0.0,0.0,20,2.8,,2.8,100.0
cement|realnd,observed,,CRISP,+backfill,0.0,0.0,0.0,20,2.8,,2.8,100.0
cement|realnd,observed,,MICE,raw,1.807,1.0814,0.8195,20,2.8,,2.8,100.0
cement|realnd,observed,,MICE,+closure,1.3815,0.8276,0.0,20,2.8,,2.8,100.0
cement|realnd,observed,,MICE,+backfill,0.0,0.0,0.0,20,2.8,,2.8,100.0
cement|realnd,observed,,KNN,raw,1.4353,0.8745,0.6829,20,2.8,,2.8,100.0
cement|realnd,observed,,KNN,+closure,1.0855,0.6222,0.0,20,2.8,,2.8,100.0
cement|realnd,observed,,KNN,+backfill,0.0,0.0,0.0,20,2.8,,2.8,100.0
cement|realnd,observed,,mean,raw,1.4353,0.8745,0.6829,20,2.8,,2.8,100.0
cement|realnd,observed,,mean,+closure,1.0855,0.6222,0.0,20,2.8,,2.8,100.0
cement|realnd,observed,,mean,+backfill,0.0,0.0,0.0,20,2.8,,2.8,100.0
cement|realnd,observed,,SoftImpute,raw,1.9066,1.4769,0.9043,20,2.8,,2.8,100.0
cement|realnd,observed,,SoftImpute,+closure,1.4683,1.1298,0.0,20,2.8,,2.8,100.0
cement|realnd,observed,,SoftImpute,+backfill,0.0,0.0,0.0,20,2.8,,2.8,100.0
ge|realnd,observed,,CRISP,raw,0.0,0.0,0.0,19,1.79,,1.79,100.0
ge|realnd,observed,,CRISP,+closure,0.0,0.0,0.0,19,1.79,,1.79,100.0
ge|realnd,observed,,CRISP,+backfill,0.0,0.0,0.0,19,1.79,,1.79,100.0
ge|realnd,observed,,MICE,raw,10.2722,7.4533,2.3976,19,1.79,,1.79,100.0
ge|realnd,observed,,MICE,+closure,9.0441,6.79,0.0,19,1.79,,1.79,100.0
ge|realnd,observed,,MICE,+backfill,0.0,0.0,0.0,19,1.79,,1.79,100.0
ge|realnd,observed,,KNN,raw,10.2366,6.7938,2.2261,19,1.79,,1.79,100.0
ge|realnd,observed,,KNN,+closure,8.9245,6.3198,0.0,19,1.79,,1.79,100.0
ge|realnd,observed,,KNN,+backfill,0.0,0.0,0.0,19,1.79,,1.79,100.0
ge|realnd,observed,,mean,raw,9.7326,6.4417,2.0435,19,1.79,,1.79,100.0
ge|realnd,observed,,mean,+closure,8.3936,5.8308,0.0,19,1.79,,1.79,100.0
ge|realnd,observed,,mean,+backfill,0.0,0.0,0.0,19,1.79,,1.79,100.0
ge|realnd,observed,,SoftImpute,raw,35.1994,24.7015,7.8312,19,1.79,,1.79,100.0
ge|realnd,observed,,SoftImpute,+closure,17.3168,7.8692,0.0,19,1.79,,1.79,100.0
ge|realnd,observed,,SoftImpute,+backfill,0.0,0.0,0.0,19,1.79,,1.79,100.0
glass|realnd,observed,,CRISP,raw,0.0,0.0,0.0,20,3.0,,3.0,100.0
glass|realnd,observed,,CRISP,+closure,0.0,0.0,0.0,20,3.0,,3.0,100.0
glass|realnd,observed,,CRISP,+backfill,0.0,0.0,0.0,20,3.0,,3.0,100.0
glass|realnd,observed,,MICE,raw,0.1357,0.0983,0.0679,20,3.0,,3.0,100.0
glass|realnd,observed,,MICE,+closure,0.0924,0.076,0.0,20,3.0,,3.0,100.0
glass|realnd,observed,,MICE,+backfill,0.0,0.0,0.0,20,3.0,,3.0,100.0
glass|realnd,observed,,KNN,raw,0.1498,0.0777,0.0749,20,3.0,,3.0,100.0
glass|realnd,observed,,KNN,+closure,0.0863,0.0548,0.0,20,3.0,,3.0,100.0
glass|realnd,observed,,KNN,+backfill,0.0,0.0,0.0,20,3.0,,3.0,100.0
glass|realnd,observed,,mean,raw,0.1498,0.0777,0.0749,20,3.0,,3.0,100.0
glass|realnd,observed,,mean,+closure,0.0863,0.0548,0.0,20,3.0,,3.0,100.0
glass|realnd,observed,,mean,+backfill,0.0,0.0,0.0,20,3.0,,3.0,100.0
glass|realnd,observed,,SoftImpute,raw,0.1657,0.0787,0.0829,20,3.0,,3.0,100.0
glass|realnd,observed,,SoftImpute,+closure,0.1086,0.0578,0.0,20,3.0,,3.0,100.0
glass|realnd,observed,,SoftImpute,+backfill,0.0,0.0,0.0,20,3.0,,3.0,100.0
steel|realnd,observed,,CRISP,raw,3.6946,3.0954,0.0,20,10.05,,7.55,75.1
steel|realnd,observed,,CRISP,+closure,3.6946,3.0954,0.0,20,10.05,,7.55,75.1
steel|realnd,observed,,CRISP,+backfill,3.6946,3.0954,0.0,20,10.05,,7.55,75.1
steel|realnd,observed,,MICE,raw,5.711,2.0759,2.954,20,10.05,,7.55,75.1
steel|realnd,observed,,MICE,+closure,4.8463,1.9771,0.0,20,10.05,,7.55,75.1
steel|realnd,observed,,MICE,+backfill,3.1117,2.0125,0.0,20,10.05,,7.55,75.1
steel|realnd,observed,,KNN,raw,9.028,2.5635,7.4831,20,10.05,,7.55,75.1
steel|realnd,observed,,KNN,+closure,7.2048,2.3403,0.0,20,10.05,,7.55,75.1
steel|realnd,observed,,KNN,+backfill,2.8693,1.9591,0.0,20,10.05,,7.55,75.1
steel|realnd,observed,,mean,raw,10.5725,2.8909,9.4919,20,10.05,,7.55,75.1
steel|realnd,observed,,mean,+closure,7.836,2.1405,0.0,20,10.05,,7.55,75.1
steel|realnd,observed,,mean,+backfill,2.769,1.6383,0.0,20,10.05,,7.55,75.1
steel|realnd,observed,,SoftImpute,raw,11.6484,4.4464,10.6798,20,10.05,,7.55,75.1
steel|realnd,observed,,SoftImpute,+closure,9.1288,4.2492,0.0,20,10.05,,7.55,75.1
steel|realnd,observed,,SoftImpute,+backfill,3.489,2.313,0.0,20,10.05,,7.55,75.1
