config,test,p,crisp_mae,other_mae,winner
cement|lowmiss,CRISP(raw) vs MICE(raw),0.0,0.9846,0.5489,MICE
cement|lowmiss,CRISP(raw) vs MICE(+closure),0.0,0.9846,0.544,MICE
cement|lowmiss,CRISP(raw) vs MICE(+backfill),0.0,0.9846,0.5435,MICE
cement|lowmiss,CRISP(raw) vs KNN(raw),0.0,0.9846,0.7454,KNN
cement|lowmiss,CRISP(raw) vs KNN(+closure),0.0,0.9846,0.64,KNN
cement|lowmiss,CRISP(raw) vs KNN(+backfill),0.0,0.9846,0.3099,KNN
cement|lowmiss,CRISP(raw) vs mean(raw),0.0,0.9846,2.2638,CRISP
cement|lowmiss,CRISP(raw) vs mean(+closure),0.0,0.9846,1.9042,CRISP
cement|lowmiss,CRISP(raw) vs mean(+backfill),0.0,0.9846,0.7662,mean
cement|lowmiss,CRISP(raw) vs SoftImpute(raw),0.0006,0.9846,1.0828,CRISP
cement|lowmiss,CRISP(raw) vs SoftImpute(+closure),0.0027,0.9846,1.0532,CRISP
cement|lowmiss,CRISP(raw) vs SoftImpute(+backfill),0.0,0.9846,0.5648,SoftImpute
cement|lowmiss,CRISP(raw) vs LCRISP(raw),0.0,0.9846,0.5069,LCRISP
cement|lowmiss,CRISP(raw) vs LCRISP(+closure),0.0,0.9846,0.5069,LCRISP
cement|lowmiss,CRISP(raw) vs LCRISP(+backfill),0.0,0.9846,0.5069,LCRISP
cement|lowmiss,CRISP(raw) vs AutoCRISP(raw),0.0,0.9846,0.5069,AutoCRISP
cement|lowmiss,CRISP(raw) vs AutoCRISP(+closure),0.0,0.9846,0.5069,AutoCRISP
cement|lowmiss,CRISP(raw) vs AutoCRISP(+backfill),0.0,0.9846,0.5069,AutoCRISP
cement|lowmiss,CRISP(raw) vs MICE(raw),0.0,1.6986,0.9242,MICE
cement|lowmiss,CRISP(raw) vs MICE(+closure),0.0,1.6986,0.9161,MICE
cement|lowmiss,CRISP(raw) vs MICE(+backfill),0.0,1.6986,0.9146,MICE
cement|lowmiss,CRISP(raw) vs KNN(raw),0.0,1.6986,1.1093,KNN
cement|lowmiss,CRISP(raw) vs KNN(+closure),0.0,1.6986,0.9735,KNN
cement|lowmiss,CRISP(raw) vs KNN(+backfill),0.0,1.6986,0.6939,KNN
cement|lowmiss,CRISP(raw) vs mean(raw),0.0,1.6986,2.2901,CRISP
cement|lowmiss,CRISP(raw) vs mean(+closure),0.0,1.6986,1.9883,CRISP
cement|lowmiss,CRISP(raw) vs mean(+backfill),0.0,1.6986,1.3086,mean
cement|lowmiss,CRISP(raw) vs SoftImpute(raw),0.0,1.6986,1.5483,SoftImpute
cement|lowmiss,CRISP(raw) vs SoftImpute(+closure),0.0,1.6986,1.4661,SoftImpute
cement|lowmiss,CRISP(raw) vs SoftImpute(+backfill),0.0,1.6986,1.0554,SoftImpute
cement|lowmiss,CRISP(raw) vs LCRISP(raw),0.0,1.6986,0.9917,LCRISP
cement|lowmiss,CRISP(raw) vs LCRISP(+closure),0.0,1.6986,0.9917,LCRISP
cement|lowmiss,CRISP(raw) vs LCRISP(+backfill),0.0,1.6986,0.9917,LCRISP
cement|lowmiss,CRISP(raw) vs AutoCRISP(raw),0.0001,1.6986,1.0269,AutoCRISP
cement|lowmiss,CRISP(raw) vs AutoCRISP(+closure),0.0001,1.6986,1.0269,AutoCRISP
cement|lowmiss,CRISP(raw) vs AutoCRISP(+backfill),0.0001,1.6986,1.0269,AutoCRISP
cement|lowmiss,CRISP(raw) vs MICE(raw),0.0,1.0741,0.5662,MICE
cement|lowmiss,CRISP(raw) vs MICE(+closure),0.0,1.0741,0.561,MICE
cement|lowmiss,CRISP(raw) vs MICE(+backfill),0.0,1.0741,0.5605,MICE
cement|lowmiss,CRISP(raw) vs KNN(raw),0.0,1.0741,0.779,KNN
cement|lowmiss,CRISP(raw) vs KNN(+closure),0.0,1.0741,0.6673,KNN
cement|lowmiss,CRISP(raw) vs KNN(+backfill),0.0,1.0741,0.3355,KNN
cement|lowmiss,CRISP(raw) vs mean(raw),0.0,1.0741,2.3075,CRISP
cement|lowmiss,CRISP(raw) vs mean(+closure),0.0,1.0741,1.94,CRISP
cement|lowmiss,CRISP(raw) vs mean(+backfill),0.0,1.0741,0.8184,mean
cement|lowmiss,CRISP(raw) vs SoftImpute(raw),0.0107,1.0741,1.1457,CRISP
cement|lowmiss,CRISP(raw) vs SoftImpute(+closure),0.1893,1.0741,1.1092,CRISP
cement|lowmiss,CRISP(raw) vs SoftImpute(+backfill),0.0,1.0741,0.6105,SoftImpute
cement|lowmiss,CRISP(raw) vs LCRISP(raw),0.0,1.0741,0.5513,LCRISP
cement|lowmiss,CRISP(raw) vs LCRISP(+closure),0.0,1.0741,0.5513,LCRISP
cement|lowmiss,CRISP(raw) vs LCRISP(+backfill),0.0,1.0741,0.5513,LCRISP
cement|lowmiss,CRISP(raw) vs AutoCRISP(raw),0.0,1.0741,0.5513,AutoCRISP
cement|lowmiss,CRISP(raw) vs AutoCRISP(+closure),0.0,1.0741,0.5513,AutoCRISP
cement|lowmiss,CRISP(raw) vs AutoCRISP(+backfill),0.0,1.0741,0.5513,AutoCRISP
cement|lowmiss,CRISP(raw) vs MICE(raw),0.0,1.7944,0.9681,MICE
cement|lowmiss,CRISP(raw) vs MICE(+closure),0.0,1.7944,0.9595,MICE
cement|lowmiss,CRISP(raw) vs MICE(+backfill),0.0,1.7944,0.9578,MICE
cement|lowmiss,CRISP(raw) vs KNN(raw),0.0,1.7944,1.1404,KNN
cement|lowmiss,CRISP(raw) vs KNN(+closure),0.0,1.7944,1.0062,KNN
cement|lowmiss,CRISP(raw) vs KNN(+backfill),0.0,1.7944,0.7343,KNN
cement|lowmiss,CRISP(raw) vs mean(raw),0.0,1.7944,2.3179,CRISP
cement|lowmiss,CRISP(raw) vs mean(+closure),0.0,1.7944,2.0189,CRISP
cement|lowmiss,CRISP(raw) vs mean(+backfill),0.0,1.7944,1.3606,mean
cement|lowmiss,CRISP(raw) vs SoftImpute(raw),0.0,1.7944,1.6046,SoftImpute
cement|lowmiss,CRISP(raw) vs SoftImpute(+closure),0.0,1.7944,1.517,SoftImpute
cement|lowmiss,CRISP(raw) vs SoftImpute(+backfill),0.0,1.7944,1.1113,SoftImpute
cement|lowmiss,CRISP(raw) vs LCRISP(raw),0.0,1.7944,1.053,LCRISP
cement|lowmiss,CRISP(raw) vs LCRISP(+closure),0.0,1.7944,1.053,LCRISP
cement|lowmiss,CRISP(raw) vs LCRISP(+backfill),0.0,1.7944,1.053,LCRISP
cement|lowmiss,CRISP(raw) vs AutoCRISP(raw),0.0001,1.7944,1.094,AutoCRISP
cement|lowmiss,CRISP(raw) vs AutoCRISP(+closure),0.0001,1.7944,1.094,AutoCRISP
cement|lowmiss,CRISP(raw) vs AutoCRISP(+backfill),0.0001,1.7944,1.094,AutoCRISP
cement|lowmiss,CRISP(raw) vs MICE(raw),0.0,0.5477,0.3165,MICE
cement|lowmiss,CRISP(raw) vs MICE(+closure),0.0,0.5477,0.3115,MICE
cement|lowmiss,CRISP(raw) vs MICE(+backfill),0.0,0.5477,0.3115,MICE
cement|lowmiss,CRISP(raw) vs KNN(raw),0.3118,0.5477,0.5191,KNN
cement|lowmiss,CRISP(raw) vs KNN(+closure),0.0064,0.5477,0.4505,KNN
cement|lowmiss,CRISP(raw) vs KNN(+backfill),0.0,0.5477,0.1493,KNN
cement|lowmiss,CRISP(raw) vs mean(raw),0.0,0.5477,2.1391,CRISP
cement|lowmiss,CRISP(raw) vs mean(+closure),0.0,0.5477,1.8251,CRISP
cement|lowmiss,CRISP(raw) vs mean(+backfill),0.0,0.5477,0.429,mean
cement|lowmiss,CRISP(raw) vs SoftImpute(raw),0.0,0.5477,0.7873,CRISP
cement|lowmiss,CRISP(raw) vs SoftImpute(+closure),0.0,0.5477,0.7835,CRISP
cement|lowmiss,CRISP(raw) vs SoftImpute(+backfill),0.0,0.5477,0.296,SoftImpute
cement|lowmiss,CRISP(raw) vs LCRISP(raw),0.0,0.5477,0.2327,LCRISP
cement|lowmiss,CRISP(raw) vs LCRISP(+closure),0.0,0.5477,0.2327,LCRISP
cement|lowmiss,CRISP(raw) vs LCRISP(+backfill),0.0,0.5477,0.2327,LCRISP
cement|lowmiss,CRISP(raw) vs AutoCRISP(raw),0.0,0.5477,0.2327,AutoCRISP
cement|lowmiss,CRISP(raw) vs AutoCRISP(+closure),0.0,0.5477,0.2327,AutoCRISP
cement|lowmiss,CRISP(raw) vs AutoCRISP(+backfill),0.0,0.5477,0.2327,AutoCRISP
cement|lowmiss,CRISP(raw) vs MICE(raw),0.0,0.9796,0.5555,MICE
cement|lowmiss,CRISP(raw) vs MICE(+closure),0.0,0.9796,0.5492,MICE
cement|lowmiss,CRISP(raw) vs MICE(+backfill),0.0,0.9796,0.5488,MICE
cement|lowmiss,CRISP(raw) vs KNN(raw),0.0,0.9796,0.6969,KNN
cement|lowmiss,CRISP(raw) vs KNN(+closure),0.0,0.9796,0.6149,KNN
cement|lowmiss,CRISP(raw) vs KNN(+backfill),0.0,0.9796,0.2973,KNN
cement|lowmiss,CRISP(raw) vs mean(raw),0.0,0.9796,2.1564,CRISP
cement|lowmiss,CRISP(raw) vs mean(+closure),0.0,0.9796,1.8685,CRISP
cement|lowmiss,CRISP(raw) vs mean(+backfill),0.0,0.9796,0.7628,mean
cement|lowmiss,CRISP(raw) vs SoftImpute(raw),0.0826,0.9796,0.9452,SoftImpute
cement|lowmiss,CRISP(raw) vs SoftImpute(+closure),0.04,0.9796,0.9378,SoftImpute
cement|lowmiss,CRISP(raw) vs SoftImpute(+backfill),0.0,0.9796,0.5404,SoftImpute
cement|lowmiss,CRISP(raw) vs LCRISP(raw),0.0,0.9796,0.4752,LCRISP
cement|lowmiss,CRISP(raw) vs LCRISP(+closure),0.0,0.9796,0.4752,LCRISP
cement|lowmiss,CRISP(raw) vs LCRISP(+backfill),0.0,0.9796,0.4752,LCRISP
cement|lowmiss,CRISP(raw) vs AutoCRISP(raw),0.0,0.9796,0.4752,AutoCRISP
cement|lowmiss,CRISP(raw) vs AutoCRISP(+closure),0.0,0.9796,0.4752,AutoCRISP
cement|lowmiss,CRISP(raw) vs AutoCRISP(+backfill),0.0,0.9796,0.4752,AutoCRISP
ge|lowmiss,CRISP(raw) vs MICE(raw),0.7841,1.6962,1.4975,MICE
ge|lowmiss,CRISP(raw) vs MICE(+closure),0.7841,1.6962,1.497,MICE
ge|lowmiss,CRISP(raw) vs MICE(+backfill),0.6874,1.6962,1.4957,MICE
ge|lowmiss,CRISP(raw) vs KNN(raw),0.0,1.6962,10.9162,CRISP
ge|lowmiss,CRISP(raw) vs KNN(+closure),0.0,1.6962,9.1547,CRISP
ge|lowmiss,CRISP(raw) vs KNN(+backfill),0.1474,1.6962,1.3039,KNN
ge|lowmiss,CRISP(raw) vs mean(raw),0.0,1.6962,11.3495,CRISP
ge|lowmiss,CRISP(raw) vs mean(+closure),0.0,1.6962,9.1859,CRISP
ge|lowmiss,CRISP(raw) vs mean(+backfill),0.376,1.6962,1.4917,mean
ge|lowmiss,CRISP(raw) vs SoftImpute(raw),0.0,1.6962,7.3777,CRISP
ge|lowmiss,CRISP(raw) vs SoftImpute(+closure),0.0,1.6962,6.3041,CRISP
ge|lowmiss,CRISP(raw) vs SoftImpute(+backfill),0.0062,1.6962,0.7481,SoftImpute
ge|lowmiss,CRISP(raw) vs LCRISP(raw),0.4074,1.6962,1.4211,LCRISP
ge|lowmiss,CRISP(raw) vs LCRISP(+closure),0.3981,1.6962,1.4211,LCRISP
ge|lowmiss,CRISP(raw) vs LCRISP(+backfill),0.3958,1.6962,1.4211,LCRISP
ge|lowmiss,CRISP(raw) vs AutoCRISP(raw),0.4691,1.6962,1.4438,AutoCRISP
ge|lowmiss,CRISP(raw) vs AutoCRISP(+closure),0.4209,1.6962,1.4438,AutoCRISP
ge|lowmiss,CRISP(raw) vs AutoCRISP(+backfill),0.4204,1.6962,1.4438,AutoCRISP
ge|lowmiss,CRISP(raw) vs MICE(raw),0.0001,4.1351,2.1727,MICE
ge|lowmiss,CRISP(raw) vs MICE(+closure),0.0001,4.1351,2.1691,MICE
ge|lowmiss,CRISP(raw) vs MICE(+backfill),0.0001,4.1351,2.1498,MICE
ge|lowmiss,CRISP(raw) vs KNN(raw),0.0,4.1351,11.1394,CRISP
ge|lowmiss,CRISP(raw) vs KNN(+closure),0.0,4.1351,9.0474,CRISP
ge|lowmiss,CRISP(raw) vs KNN(+backfill),0.0215,4.1351,3.0525,KNN
ge|lowmiss,CRISP(raw) vs mean(raw),0.0,4.1351,11.7936,CRISP
ge|lowmiss,CRISP(raw) vs mean(+closure),0.0,4.1351,9.027,CRISP
ge|lowmiss,CRISP(raw) vs mean(+backfill),0.024,4.1351,3.0655,mean
ge|lowmiss,CRISP(raw) vs SoftImpute(raw),0.0,4.1351,9.4685,CRISP
ge|lowmiss,CRISP(raw) vs SoftImpute(+closure),0.0,4.1351,7.5267,CRISP
ge|lowmiss,CRISP(raw) vs SoftImpute(+backfill),0.0005,4.1351,2.074,SoftImpute
ge|lowmiss,CRISP(raw) vs LCRISP(raw),0.7012,4.1351,3.7894,LCRISP
ge|lowmiss,CRISP(raw) vs LCRISP(+closure),0.7012,4.1351,3.7894,LCRISP
ge|lowmiss,CRISP(raw) vs LCRISP(+backfill),0.7012,4.1351,3.7894,LCRISP
ge|lowmiss,CRISP(raw) vs AutoCRISP(raw),0.658,4.1351,3.7898,AutoCRISP
ge|lowmiss,CRISP(raw) vs AutoCRISP(+closure),0.7012,4.1351,3.7898,AutoCRISP
ge|lowmiss,CRISP(raw) vs AutoCRISP(+backfill),0.658,4.1351,3.7898,AutoCRISP
ge|lowmiss,CRISP(raw) vs MICE(raw),0.1054,2.4353,1.6456,MICE
ge|lowmiss,CRISP(raw) vs MICE(+closure),0.1054,2.4353,1.6453,MICE
ge|lowmiss,CRISP(raw) vs MICE(+backfill),0.1054,2.4353,1.6442,MICE
ge|lowmiss,CRISP(raw) vs KNN(raw),0.0,2.4353,11.0952,CRISP
ge|lowmiss,CRISP(raw) vs KNN(+closure),0.0,2.4353,9.166,CRISP
ge|lowmiss,CRISP(raw) vs KNN(+backfill),0.1536,2.4353,1.7313,KNN
ge|lowmiss,CRISP(raw) vs mean(raw),0.0,2.4353,11.8015,CRISP
ge|lowmiss,CRISP(raw) vs mean(+closure),0.0,2.4353,9.4782,CRISP
ge|lowmiss,CRISP(raw) vs mean(+backfill),0.2162,2.4353,1.8902,mean
ge|lowmiss,CRISP(raw) vs SoftImpute(raw),0.0,2.4353,8.2409,CRISP
ge|lowmiss,CRISP(raw) vs SoftImpute(+closure),0.0,2.4353,6.9141,CRISP
ge|lowmiss,CRISP(raw) vs SoftImpute(+backfill),0.001,2.4353,1.0852,SoftImpute
ge|lowmiss,CRISP(raw) vs LCRISP(raw),0.8695,2.4353,2.062,LCRISP
ge|lowmiss,CRISP(raw) vs LCRISP(+closure),0.8695,2.4353,2.062,LCRISP
ge|lowmiss,CRISP(raw) vs LCRISP(+backfill),0.8695,2.4353,2.062,LCRISP
ge|lowmiss,CRISP(raw) vs AutoCRISP(raw),0.8721,2.4353,2.1453,AutoCRISP
ge|lowmiss,CRISP(raw) vs AutoCRISP(+closure),0.8721,2.4353,2.1453,AutoCRISP
ge|lowmiss,CRISP(raw) vs AutoCRISP(+backfill),0.8721,2.4353,2.1453,AutoCRISP
ge|lowmiss,CRISP(raw) vs MICE(raw),0.0003,4.3124,2.5549,MICE
ge|lowmiss,CRISP(raw) vs MICE(+closure),0.0003,4.3124,2.539,MICE
ge|lowmiss,CRISP(raw) vs MICE(+backfill),0.0002,4.3124,2.4575,MICE
ge|lowmiss,CRISP(raw) vs KNN(raw),0.0,4.3124,11.582,CRISP
ge|lowmiss,CRISP(raw) vs KNN(+closure),0.0,4.3124,9.2386,CRISP
ge|lowmiss,CRISP(raw) vs KNN(+backfill),0.0362,4.3124,3.4723,KNN
ge|lowmiss,CRISP(raw) vs mean(raw),0.0,4.3124,12.7314,CRISP
ge|lowmiss,CRISP(raw) vs mean(+closure),0.0,4.3124,9.4833,CRISP
ge|lowmiss,CRISP(raw) vs mean(+backfill),0.0826,4.3124,3.6123,mean
ge|lowmiss,CRISP(raw) vs SoftImpute(raw),0.0,4.3124,10.7563,CRISP
ge|lowmiss,CRISP(raw) vs SoftImpute(+closure),0.0,4.3124,8.365,CRISP
ge|lowmiss,CRISP(raw) vs SoftImpute(+backfill),0.0002,4.3124,2.6253,SoftImpute
ge|lowmiss,CRISP(raw) vs LCRISP(raw),0.1231,4.3124,3.7608,LCRISP
ge|lowmiss,CRISP(raw) vs LCRISP(+closure),0.1231,4.3124,3.7608,LCRISP
ge|lowmiss,CRISP(raw) vs LCRISP(+backfill),0.1231,4.3124,3.7608,LCRISP
ge|lowmiss,CRISP(raw) vs AutoCRISP(raw),0.1208,4.3124,3.8767,AutoCRISP
ge|lowmiss,CRISP(raw) vs AutoCRISP(+closure),0.1208,4.3124,3.8767,AutoCRISP
ge|lowmiss,CRISP(raw) vs AutoCRISP(+backfill),0.1208,4.3124,3.8767,AutoCRISP
ge|lowmiss,CRISP(raw) vs MICE(raw),0.0328,0.5067,0.7344,CRISP
ge|lowmiss,CRISP(raw) vs MICE(+closure),0.0328,0.5067,0.7343,CRISP
ge|lowmiss,CRISP(raw) vs MICE(+backfill),0.0747,0.5067,0.7337,CRISP
ge|lowmiss,CRISP(raw) vs KNN(raw),0.0,0.5067,10.584,CRISP
ge|lowmiss,CRISP(raw) vs KNN(+closure),0.0,0.5067,9.0502,CRISP
ge|lowmiss,CRISP(raw) vs KNN(+backfill),0.1961,0.5067,0.6361,CRISP
ge|lowmiss,CRISP(raw) vs mean(raw),0.0,0.5067,10.2024,CRISP
ge|lowmiss,CRISP(raw) vs mean(+closure),0.0,0.5067,8.5441,CRISP
ge|lowmiss,CRISP(raw) vs mean(+backfill),0.173,0.5067,0.5951,CRISP
ge|lowmiss,CRISP(raw) vs SoftImpute(raw),0.0,0.5067,5.4316,CRISP
ge|lowmiss,CRISP(raw) vs SoftImpute(+closure),0.0,0.5067,4.898,CRISP
ge|lowmiss,CRISP(raw) vs SoftImpute(+backfill),0.4216,0.5067,0.2136,SoftImpute
ge|lowmiss,CRISP(raw) vs LCRISP(raw),0.7671,0.5067,0.5682,CRISP
ge|lowmiss,CRISP(raw) vs LCRISP(+closure),0.7989,0.5067,0.5682,CRISP
ge|lowmiss,CRISP(raw) vs LCRISP(+backfill),0.7213,0.5067,0.5682,CRISP
ge|lowmiss,CRISP(raw) vs AutoCRISP(raw),0.7671,0.5067,0.5682,CRISP
ge|lowmiss,CRISP(raw) vs AutoCRISP(+closure),0.7989,0.5067,0.5682,CRISP
ge|lowmiss,CRISP(raw) vs AutoCRISP(+backfill),0.7213,0.5067,0.5682,CRISP
ge|lowmiss,CRISP(raw) vs MICE(raw),0.165,1.9309,1.5349,MICE
ge|lowmiss,CRISP(raw) vs MICE(+closure),0.165,1.9309,1.5345,MICE
ge|lowmiss,CRISP(raw) vs MICE(+backfill),0.165,1.9309,1.5331,MICE
ge|lowmiss,CRISP(raw) vs KNN(raw),0.0,1.9309,10.5009,CRISP
ge|lowmiss,CRISP(raw) vs KNN(+closure),0.0,1.9309,8.7949,CRISP
ge|lowmiss,CRISP(raw) vs KNN(+backfill),0.5706,1.9309,1.7448,KNN
ge|lowmiss,CRISP(raw) vs mean(raw),0.0,1.9309,10.3302,CRISP
ge|lowmiss,CRISP(raw) vs mean(+closure),0.0,1.9309,8.2845,CRISP
ge|lowmiss,CRISP(raw) vs mean(+backfill),0.6215,1.9309,1.7868,mean
ge|lowmiss,CRISP(raw) vs SoftImpute(raw),0.0,1.9309,7.0001,CRISP
ge|lowmiss,CRISP(raw) vs SoftImpute(+closure),0.0,1.9309,5.9294,CRISP
ge|lowmiss,CRISP(raw) vs SoftImpute(+backfill),0.0,1.9309,0.9565,SoftImpute
ge|lowmiss,CRISP(raw) vs LCRISP(raw),0.1893,1.9309,2.3118,CRISP
ge|lowmiss,CRISP(raw) vs LCRISP(+closure),0.1893,1.9309,2.3118,CRISP
ge|lowmiss,CRISP(raw) vs LCRISP(+backfill),0.1893,1.9309,2.3118,CRISP
ge|lowmiss,CRISP(raw) vs AutoCRISP(raw),0.372,1.9309,2.1597,CRISP
ge|lowmiss,CRISP(raw) vs AutoCRISP(+closure),0.372,1.9309,2.1597,CRISP
ge|lowmiss,CRISP(raw) vs AutoCRISP(+backfill),0.372,1.9309,2.1597,CRISP
glass|lowmiss,CRISP(raw) vs MICE(raw),0.3683,0.0624,0.071,CRISP
glass|lowmiss,CRISP(raw) vs MICE(+closure),0.5958,0.0624,0.069,CRISP
glass|lowmiss,CRISP(raw) vs MICE(+backfill),0.8695,0.0624,0.0634,CRISP
glass|lowmiss,CRISP(raw) vs KNN(raw),0.0,0.0624,0.1603,CRISP
glass|lowmiss,CRISP(raw) vs KNN(+closure),0.0,0.0624,0.1321,CRISP
glass|lowmiss,CRISP(raw) vs KNN(+backfill),0.4524,0.0624,0.0662,CRISP
glass|lowmiss,CRISP(raw) vs mean(raw),0.0,0.0624,0.2466,CRISP
glass|lowmiss,CRISP(raw) vs mean(+closure),0.0,0.0624,0.1872,CRISP
glass|lowmiss,CRISP(raw) vs mean(+backfill),0.0,0.0624,0.0867,CRISP
glass|lowmiss,CRISP(raw) vs SoftImpute(raw),0.0,0.0624,0.1258,CRISP
glass|lowmiss,CRISP(raw) vs SoftImpute(+closure),0.0,0.0624,0.1167,CRISP
glass|lowmiss,CRISP(raw) vs SoftImpute(+backfill),0.114,0.0624,0.0554,SoftImpute
glass|lowmiss,CRISP(raw) vs LCRISP(raw),0.6742,0.0624,0.0555,LCRISP
glass|lowmiss,CRISP(raw) vs LCRISP(+closure),0.6742,0.0624,0.0555,LCRISP
glass|lowmiss,CRISP(raw) vs LCRISP(+backfill),0.6742,0.0624,0.0555,LCRISP
glass|lowmiss,CRISP(raw) vs AutoCRISP(raw),0.7564,0.0624,0.057,AutoCRISP
glass|lowmiss,CRISP(raw) vs AutoCRISP(+closure),1.0,0.0624,0.057,AutoCRISP
glass|lowmiss,CRISP(raw) vs AutoCRISP(+backfill),0.8983,0.0624,0.057,AutoCRISP
glass|lowmiss,CRISP(raw) vs MICE(raw),0.5217,0.1129,0.1172,CRISP
glass|lowmiss,CRISP(raw) vs MICE(+closure),0.8983,0.1129,0.1128,MICE
glass|lowmiss,CRISP(raw) vs MICE(+backfill),0.0094,0.1129,0.0999,MICE
glass|lowmiss,CRISP(raw) vs KNN(raw),0.0,0.1129,0.1795,CRISP
glass|lowmiss,CRISP(raw) vs KNN(+closure),0.0,0.1129,0.1539,CRISP
glass|lowmiss,CRISP(raw) vs KNN(+backfill),0.6742,0.1129,0.1131,CRISP
glass|lowmiss,CRISP(raw) vs mean(raw),0.0,0.1129,0.2513,CRISP
glass|lowmiss,CRISP(raw) vs mean(+closure),0.0,0.1129,0.2029,CRISP
glass|lowmiss,CRISP(raw) vs mean(+backfill),0.0,0.1129,0.1446,CRISP
glass|lowmiss,CRISP(raw) vs SoftImpute(raw),0.0,0.1129,0.1524,CRISP
glass|lowmiss,CRISP(raw) vs SoftImpute(+closure),0.0,0.1129,0.1421,CRISP
glass|lowmiss,CRISP(raw) vs SoftImpute(+backfill),0.0215,0.1129,0.1036,SoftImpute
glass|lowmiss,CRISP(raw) vs LCRISP(raw),0.1769,0.1129,0.1064,LCRISP
glass|lowmiss,CRISP(raw) vs LCRISP(+closure),0.1769,0.1129,0.1064,LCRISP
glass|lowmiss,CRISP(raw) vs LCRISP(+backfill),0.1769,0.1129,0.1064,LCRISP
glass|lowmiss,CRISP(raw) vs AutoCRISP(raw),0.8785,0.1129,0.1132,CRISP
glass|lowmiss,CRISP(raw) vs AutoCRISP(+closure),0.9256,0.1129,0.1132,CRISP
glass|lowmiss,CRISP(raw) vs AutoCRISP(+backfill),0.6742,0.1129,0.1132,CRISP
glass|lowmiss,CRISP(raw) vs MICE(raw),0.5958,0.0734,0.0749,CRISP
glass|lowmiss,CRISP(raw) vs MICE(+closure),0.8124,0.0734,0.073,MICE
glass|lowmiss,CRISP(raw) vs MICE(+backfill),0.33,0.0734,0.0668,MICE
glass|lowmiss,CRISP(raw) vs KNN(raw),0.0,0.0734,0.1556,CRISP
glass|lowmiss,CRISP(raw) vs KNN(+closure),0.0001,0.0734,0.1236,CRISP
glass|lowmiss,CRISP(raw) vs KNN(+backfill),0.165,0.0734,0.0621,KNN
glass|lowmiss,CRISP(raw) vs mean(raw),0.0,0.0734,0.2529,CRISP
glass|lowmiss,CRISP(raw) vs mean(+closure),0.0,0.0734,0.1933,CRISP
glass|lowmiss,CRISP(raw) vs mean(+backfill),0.0121,0.0734,0.0893,CRISP
glass|lowmiss,CRISP(raw) vs SoftImpute(raw),0.0,0.0734,0.1353,CRISP
glass|lowmiss,CRISP(raw) vs SoftImpute(+closure),0.0,0.0734,0.1248,CRISP
glass|lowmiss,CRISP(raw) vs SoftImpute(+backfill),0.0759,0.0734,0.0638,SoftImpute
glass|lowmiss,CRISP(raw) vs LCRISP(raw),0.0973,0.0734,0.0607,LCRISP
glass|lowmiss,CRISP(raw) vs LCRISP(+closure),0.0973,0.0734,0.0607,LCRISP
glass|lowmiss,CRISP(raw) vs LCRISP(+backfill),0.0973,0.0734,0.0607,LCRISP
glass|lowmiss,CRISP(raw) vs AutoCRISP(raw),0.1359,0.0734,0.0616,AutoCRISP
glass|lowmiss,CRISP(raw) vs AutoCRISP(+closure),0.1231,0.0734,0.0616,AutoCRISP
glass|lowmiss,CRISP(raw) vs AutoCRISP(+backfill),0.1536,0.0734,0.0616,AutoCRISP
glass|lowmiss,CRISP(raw) vs MICE(raw),0.5459,0.1291,0.1323,CRISP
glass|lowmiss,CRISP(raw) vs MICE(+closure),0.5459,0.1291,0.1259,MICE
glass|lowmiss,CRISP(raw) vs MICE(+backfill),0.0136,0.1291,0.1121,MICE
glass|lowmiss,CRISP(raw) vs KNN(raw),0.0,0.1291,0.1848,CRISP
glass|lowmiss,CRISP(raw) vs KNN(+closure),0.0005,0.1291,0.1553,CRISP
glass|lowmiss,CRISP(raw) vs KNN(+backfill),0.0172,0.1291,0.1142,KNN
glass|lowmiss,CRISP(raw) vs mean(raw),0.0,0.1291,0.2673,CRISP
glass|lowmiss,CRISP(raw) vs mean(+closure),0.0,0.1291,0.2159,CRISP
glass|lowmiss,CRISP(raw) vs mean(+backfill),0.0,0.1291,0.154,CRISP
glass|lowmiss,CRISP(raw) vs SoftImpute(raw),0.0003,0.1291,0.1659,CRISP
glass|lowmiss,CRISP(raw) vs SoftImpute(+closure),0.0056,0.1291,0.153,CRISP
glass|lowmiss,CRISP(raw) vs SoftImpute(+backfill),0.0083,0.1291,0.1117,SoftImpute
glass|lowmiss,CRISP(raw) vs LCRISP(raw),0.0,0.1291,0.1053,LCRISP
glass|lowmiss,CRISP(raw) vs LCRISP(+closure),0.0,0.1291,0.1053,LCRISP
glass|lowmiss,CRISP(raw) vs LCRISP(+backfill),0.0,0.1291,0.1053,LCRISP
glass|lowmiss,CRISP(raw) vs AutoCRISP(raw),0.0029,0.1291,0.118,AutoCRISP
glass|lowmiss,CRISP(raw) vs AutoCRISP(+closure),0.0005,0.1291,0.118,AutoCRISP
glass|lowmiss,CRISP(raw) vs AutoCRISP(+backfill),0.0034,0.1291,0.118,AutoCRISP
glass|lowmiss,CRISP(raw) vs MICE(raw),0.165,0.0171,0.0166,MICE
glass|lowmiss,CRISP(raw) vs MICE(+closure),0.1893,0.0171,0.0163,MICE
glass|lowmiss,CRISP(raw) vs MICE(+backfill),0.7771,0.0171,0.0142,MICE
glass|lowmiss,CRISP(raw) vs KNN(raw),0.0,0.0171,0.1439,CRISP
glass|lowmiss,CRISP(raw) vs KNN(+closure),0.0,0.0171,0.1259,CRISP
glass|lowmiss,CRISP(raw) vs KNN(+backfill),0.0581,0.0171,0.023,CRISP
glass|lowmiss,CRISP(raw) vs mean(raw),0.0,0.0171,0.2288,CRISP
glass|lowmiss,CRISP(raw) vs mean(+closure),0.0,0.0171,0.189,CRISP
glass|lowmiss,CRISP(raw) vs mean(+backfill),0.4996,0.0171,0.0228,CRISP
glass|lowmiss,CRISP(raw) vs SoftImpute(raw),0.0,0.0171,0.1074,CRISP
glass|lowmiss,CRISP(raw) vs SoftImpute(+closure),0.0,0.0171,0.1038,CRISP
glass|lowmiss,CRISP(raw) vs SoftImpute(+backfill),0.2484,0.0171,0.0158,SoftImpute
glass|lowmiss,CRISP(raw) vs LCRISP(raw),0.7794,0.0171,0.0173,CRISP
glass|lowmiss,CRISP(raw) vs LCRISP(+closure),0.7323,0.0171,0.0173,CRISP
glass|lowmiss,CRISP(raw) vs LCRISP(+backfill),0.6474,0.0171,0.0173,CRISP
glass|lowmiss,CRISP(raw) vs AutoCRISP(raw),0.7794,0.0171,0.0173,CRISP
glass|lowmiss,CRISP(raw) vs AutoCRISP(+closure),0.7323,0.0171,0.0173,CRISP
glass|lowmiss,CRISP(raw) vs AutoCRISP(+backfill),0.6474,0.0171,0.0173,CRISP
glass|lowmiss,CRISP(raw) vs MICE(raw),0.5706,0.0469,0.0582,CRISP
glass|lowmiss,CRISP(raw) vs MICE(+closure),0.6742,0.0469,0.0531,CRISP
glass|lowmiss,CRISP(raw) vs MICE(+backfill),0.4304,0.0469,0.0482,CRISP
glass|lowmiss,CRISP(raw) vs KNN(raw),0.0,0.0469,0.1585,CRISP
glass|lowmiss,CRISP(raw) vs KNN(+closure),0.0,0.0469,0.1401,CRISP
glass|lowmiss,CRISP(raw) vs KNN(+backfill),0.1769,0.0469,0.0591,CRISP
glass|lowmiss,CRISP(raw) vs mean(raw),0.0,0.0469,0.2387,CRISP
glass|lowmiss,CRISP(raw) vs mean(+closure),0.0,0.0469,0.1972,CRISP
glass|lowmiss,CRISP(raw) vs mean(+backfill),0.0172,0.0469,0.0709,CRISP
glass|lowmiss,CRISP(raw) vs SoftImpute(raw),0.0,0.0469,0.1188,CRISP
glass|lowmiss,CRISP(raw) vs SoftImpute(+closure),0.0,0.0469,0.1145,CRISP
glass|lowmiss,CRISP(raw) vs SoftImpute(+backfill),0.8983,0.0469,0.0446,SoftImpute
glass|lowmiss,CRISP(raw) vs LCRISP(raw),0.8405,0.0469,0.0474,CRISP
glass|lowmiss,CRISP(raw) vs LCRISP(+closure),0.8983,0.0469,0.0474,CRISP
glass|lowmiss,CRISP(raw) vs LCRISP(+backfill),0.8983,0.0469,0.0474,CRISP
glass|lowmiss,CRISP(raw) vs AutoCRISP(raw),0.7771,0.0469,0.0475,CRISP
glass|lowmiss,CRISP(raw) vs AutoCRISP(+closure),0.8695,0.0469,0.0475,CRISP
glass|lowmiss,CRISP(raw) vs AutoCRISP(+backfill),0.8124,0.0469,0.0475,CRISP
steel|lowmiss,CRISP(raw) vs MICE(raw),0.3683,1.2694,1.2965,CRISP
steel|lowmiss,CRISP(raw) vs MICE(+closure),0.114,1.2694,1.2119,MICE
steel|lowmiss,CRISP(raw) vs MICE(+backfill),0.0637,1.2694,1.204,MICE
steel|lowmiss,CRISP(raw) vs KNN(raw),0.0,1.2694,1.7314,CRISP
steel|lowmiss,CRISP(raw) vs KNN(+closure),0.0215,1.2694,1.4565,CRISP
steel|lowmiss,CRISP(raw) vs KNN(+backfill),0.0003,1.2694,1.0038,KNN
steel|lowmiss,CRISP(raw) vs mean(raw),0.0,1.2694,5.6502,CRISP
steel|lowmiss,CRISP(raw) vs mean(+closure),0.0,1.2694,4.4425,CRISP
steel|lowmiss,CRISP(raw) vs mean(+backfill),0.0,1.2694,2.8315,CRISP
steel|lowmiss,CRISP(raw) vs SoftImpute(raw),0.0,1.2694,2.6485,CRISP
steel|lowmiss,CRISP(raw) vs SoftImpute(+closure),0.0,1.2694,2.6267,CRISP
steel|lowmiss,CRISP(raw) vs SoftImpute(+backfill),0.0,1.2694,1.6915,CRISP
steel|lowmiss,CRISP(raw) vs LCRISP(raw),0.0,1.2694,0.5568,LCRISP
steel|lowmiss,CRISP(raw) vs LCRISP(+closure),0.0,1.2694,0.5568,LCRISP
steel|lowmiss,CRISP(raw) vs LCRISP(+backfill),0.0,1.2694,0.5568,LCRISP
steel|lowmiss,CRISP(raw) vs AutoCRISP(raw),0.0,1.2694,0.5568,AutoCRISP
steel|lowmiss,CRISP(raw) vs AutoCRISP(+closure),0.0,1.2694,0.5568,AutoCRISP
steel|lowmiss,CRISP(raw) vs AutoCRISP(+backfill),0.0,1.2694,0.5568,AutoCRISP
steel|lowmiss,CRISP(raw) vs MICE(raw),0.6215,2.1885,2.1683,MICE
steel|lowmiss,CRISP(raw) vs MICE(+closure),0.0,2.1885,2.0255,MICE
steel|lowmiss,CRISP(raw) vs MICE(+backfill),0.0,2.1885,2.0089,MICE
steel|lowmiss,CRISP(raw) vs KNN(raw),0.0,2.1885,2.5883,CRISP
steel|lowmiss,CRISP(raw) vs KNN(+closure),0.9563,2.1885,2.1767,KNN
steel|lowmiss,CRISP(raw) vs KNN(+backfill),0.0,2.1885,1.9783,KNN
steel|lowmiss,CRISP(raw) vs mean(raw),0.0,2.1885,5.6841,CRISP
steel|lowmiss,CRISP(raw) vs mean(+closure),0.0,2.1885,4.5821,CRISP
steel|lowmiss,CRISP(raw) vs mean(+backfill),0.0,2.1885,4.0411,CRISP
steel|lowmiss,CRISP(raw) vs SoftImpute(raw),0.0,2.1885,3.2266,CRISP
steel|lowmiss,CRISP(raw) vs SoftImpute(+closure),0.0,2.1885,3.1558,CRISP
steel|lowmiss,CRISP(raw) vs SoftImpute(+backfill),0.0,2.1885,2.7176,CRISP
steel|lowmiss,CRISP(raw) vs LCRISP(raw),0.0,2.1885,1.194,LCRISP
steel|lowmiss,CRISP(raw) vs LCRISP(+closure),0.0,2.1885,1.194,LCRISP
steel|lowmiss,CRISP(raw) vs LCRISP(+backfill),0.0,2.1885,1.194,LCRISP
steel|lowmiss,CRISP(raw) vs AutoCRISP(raw),0.0,2.1885,1.194,AutoCRISP
steel|lowmiss,CRISP(raw) vs AutoCRISP(+closure),0.0,2.1885,1.194,AutoCRISP
steel|lowmiss,CRISP(raw) vs AutoCRISP(+backfill),0.0,2.1885,1.194,AutoCRISP
steel|lowmiss,CRISP(raw) vs MICE(raw),0.3683,1.5133,1.5481,CRISP
steel|lowmiss,CRISP(raw) vs MICE(+closure),0.114,1.5133,1.4684,MICE
steel|lowmiss,CRISP(raw) vs MICE(+backfill),0.0759,1.5133,1.4617,MICE
steel|lowmiss,CRISP(raw) vs KNN(raw),0.0,1.5133,1.9467,CRISP
steel|lowmiss,CRISP(raw) vs KNN(+closure),0.2611,1.5133,1.5976,CRISP
steel|lowmiss,CRISP(raw) vs KNN(+backfill),0.0,1.5133,1.1455,KNN
steel|lowmiss,CRISP(raw) vs mean(raw),0.0,1.5133,6.243,CRISP
steel|lowmiss,CRISP(raw) vs mean(+closure),0.0,1.5133,4.7845,CRISP
steel|lowmiss,CRISP(raw) vs mean(+backfill),0.0,1.5133,3.138,CRISP
steel|lowmiss,CRISP(raw) vs SoftImpute(raw),0.0,1.5133,2.9249,CRISP
steel|lowmiss,CRISP(raw) vs SoftImpute(+closure),0.0,1.5133,2.8741,CRISP
steel|lowmiss,CRISP(raw) vs SoftImpute(+backfill),0.0,1.5133,1.8998,CRISP
steel|lowmiss,CRISP(raw) vs LCRISP(raw),0.0,1.5133,0.6356,LCRISP
steel|lowmiss,CRISP(raw) vs LCRISP(+closure),0.0,1.5133,0.6356,LCRISP
steel|lowmiss,CRISP(raw) vs LCRISP(+backfill),0.0,1.5133,0.6356,LCRISP
steel|lowmiss,CRISP(raw) vs AutoCRISP(raw),0.0,1.5133,0.6356,AutoCRISP
steel|lowmiss,CRISP(raw) vs AutoCRISP(+closure),0.0,1.5133,0.6356,AutoCRISP
steel|lowmiss,CRISP(raw) vs AutoCRISP(+backfill),0.0,1.5133,0.6356,AutoCRISP
steel|lowmiss,CRISP(raw) vs MICE(raw),0.0266,2.6652,2.5853,MICE
steel|lowmiss,CRISP(raw) vs MICE(+closure),0.0,2.6652,2.4484,MICE
steel|lowmiss,CRISP(raw) vs MICE(+backfill),0.0,2.6652,2.427,MICE
steel|lowmiss,CRISP(raw) vs KNN(raw),0.0,2.6652,3.0122,CRISP
steel|lowmiss,CRISP(raw) vs KNN(+closure),0.0484,2.6652,2.5211,KNN
steel|lowmiss,CRISP(raw) vs KNN(+backfill),0.0,2.6652,2.3222,KNN
steel|lowmiss,CRISP(raw) vs mean(raw),0.0,2.6652,6.3263,CRISP
steel|lowmiss,CRISP(raw) vs mean(+closure),0.0,2.6652,5.0255,CRISP
steel|lowmiss,CRISP(raw) vs mean(+backfill),0.0,2.6652,4.4819,CRISP
steel|lowmiss,CRISP(raw) vs SoftImpute(raw),0.0,2.6652,3.6699,CRISP
steel|lowmiss,CRISP(raw) vs SoftImpute(+closure),0.0,2.6652,3.5333,CRISP
steel|lowmiss,CRISP(raw) vs SoftImpute(+backfill),0.0,2.6652,3.0873,CRISP
steel|lowmiss,CRISP(raw) vs LCRISP(raw),0.0,2.6652,1.5893,LCRISP
steel|lowmiss,CRISP(raw) vs LCRISP(+closure),0.0,2.6652,1.5893,LCRISP
steel|lowmiss,CRISP(raw) vs LCRISP(+backfill),0.0,2.6652,1.5893,LCRISP
steel|lowmiss,CRISP(raw) vs AutoCRISP(raw),0.0,2.6652,1.5893,AutoCRISP
steel|lowmiss,CRISP(raw) vs AutoCRISP(+closure),0.0,2.6652,1.5893,AutoCRISP
steel|lowmiss,CRISP(raw) vs AutoCRISP(+backfill),0.0,2.6652,1.5893,AutoCRISP
steel|lowmiss,CRISP(raw) vs MICE(raw),0.0136,0.7991,0.8981,CRISP
steel|lowmiss,CRISP(raw) vs MICE(+closure),0.8408,0.7991,0.7858,MICE
steel|lowmiss,CRISP(raw) vs MICE(+backfill),0.5958,0.7991,0.7789,MICE
steel|lowmiss,CRISP(raw) vs KNN(raw),0.0,0.7991,1.4577,CRISP
steel|lowmiss,CRISP(raw) vs KNN(+closure),0.0001,0.7991,1.2302,CRISP
steel|lowmiss,CRISP(raw) vs KNN(+backfill),0.7841,0.7991,0.7745,KNN
steel|lowmiss,CRISP(raw) vs mean(raw),0.0,0.7991,5.203,CRISP
steel|lowmiss,CRISP(raw) vs mean(+closure),0.0,0.7991,4.0936,CRISP
steel|lowmiss,CRISP(raw) vs mean(+backfill),0.0,0.7991,2.3788,CRISP
steel|lowmiss,CRISP(raw) vs SoftImpute(raw),0.0,0.7991,2.3589,CRISP
steel|lowmiss,CRISP(raw) vs SoftImpute(+closure),0.0,0.7991,2.3277,CRISP
steel|lowmiss,CRISP(raw) vs SoftImpute(+backfill),0.0,0.7991,1.3392,CRISP
steel|lowmiss,CRISP(raw) vs LCRISP(raw),0.0,0.7991,0.3343,LCRISP
steel|lowmiss,CRISP(raw) vs LCRISP(+closure),0.0,0.7991,0.3343,LCRISP
steel|lowmiss,CRISP(raw) vs LCRISP(+backfill),0.0,0.7991,0.3343,LCRISP
steel|lowmiss,CRISP(raw) vs AutoCRISP(raw),0.0,0.7991,0.3343,AutoCRISP
steel|lowmiss,CRISP(raw) vs AutoCRISP(+closure),0.0,0.7991,0.3343,AutoCRISP
steel|lowmiss,CRISP(raw) vs AutoCRISP(+backfill),0.0,0.7991,0.3343,AutoCRISP
steel|lowmiss,CRISP(raw) vs MICE(raw),0.0006,1.5883,1.7253,CRISP
steel|lowmiss,CRISP(raw) vs MICE(+closure),0.0897,1.5883,1.5314,MICE
steel|lowmiss,CRISP(raw) vs MICE(+backfill),0.0083,1.5883,1.5126,MICE
steel|lowmiss,CRISP(raw) vs KNN(raw),0.0,1.5883,2.2928,CRISP
steel|lowmiss,CRISP(raw) vs KNN(+closure),0.0,1.5883,1.9065,CRISP
steel|lowmiss,CRISP(raw) vs KNN(+backfill),0.0637,1.5883,1.6674,CRISP
steel|lowmiss,CRISP(raw) vs mean(raw),0.0,1.5883,5.3153,CRISP
steel|lowmiss,CRISP(raw) vs mean(+closure),0.0,1.5883,4.2682,CRISP
steel|lowmiss,CRISP(raw) vs mean(+backfill),0.0,1.5883,3.6327,CRISP
steel|lowmiss,CRISP(raw) vs SoftImpute(raw),0.0,1.5883,3.0322,CRISP
steel|lowmiss,CRISP(raw) vs SoftImpute(+closure),0.0,1.5883,2.9191,CRISP
steel|lowmiss,CRISP(raw) vs SoftImpute(+backfill),0.0,1.5883,2.4154,CRISP
steel|lowmiss,CRISP(raw) vs LCRISP(raw),0.0,1.5883,0.8119,LCRISP
steel|lowmiss,CRISP(raw) vs LCRISP(+closure),0.0,1.5883,0.8119,LCRISP
steel|lowmiss,CRISP(raw) vs LCRISP(+backfill),0.0,1.5883,0.8119,LCRISP
steel|lowmiss,CRISP(raw) vs AutoCRISP(raw),0.0,1.5883,0.8119,AutoCRISP
steel|lowmiss,CRISP(raw) vs AutoCRISP(+closure),0.0,1.5883,0.8119,AutoCRISP
steel|lowmiss,CRISP(raw) vs AutoCRISP(+backfill),0.0,1.5883,0.8119,AutoCRISP
synthetic|lowmiss,CRISP(raw) vs MICE(raw),0.4524,3.16,3.2944,CRISP
synthetic|lowmiss,CRISP(raw) vs MICE(+closure),0.7285,3.16,3.254,CRISP
synthetic|lowmiss,CRISP(raw) vs MICE(+backfill),0.7285,3.16,3.2534,CRISP
synthetic|lowmiss,CRISP(raw) vs KNN(raw),0.0,3.16,10.9093,CRISP
synthetic|lowmiss,CRISP(raw) vs KNN(+closure),0.0,3.16,8.9802,CRISP
synthetic|lowmiss,CRISP(raw) vs KNN(+backfill),0.1054,3.16,3.3688,CRISP
synthetic|lowmiss,CRISP(raw) vs mean(raw),0.0,3.16,13.0006,CRISP
synthetic|lowmiss,CRISP(raw) vs mean(+closure),0.0,3.16,10.7675,CRISP
synthetic|lowmiss,CRISP(raw) vs mean(+backfill),0.6477,3.16,3.1452,mean
synthetic|lowmiss,CRISP(raw) vs SoftImpute(raw),0.0,3.16,7.6603,CRISP
synthetic|lowmiss,CRISP(raw) vs SoftImpute(+closure),0.0,3.16,6.8791,CRISP
synthetic|lowmiss,CRISP(raw) vs SoftImpute(+backfill),0.0007,3.16,2.8086,SoftImpute
synthetic|lowmiss,CRISP(raw) vs LCRISP(raw),0.0001,3.16,4.059,CRISP
synthetic|lowmiss,CRISP(raw) vs LCRISP(+closure),0.0001,3.16,4.059,CRISP
synthetic|lowmiss,CRISP(raw) vs LCRISP(+backfill),0.0001,3.16,4.059,CRISP
synthetic|lowmiss,CRISP(raw) vs AutoCRISP(raw),0.0005,3.16,4.033,CRISP
synthetic|lowmiss,CRISP(raw) vs AutoCRISP(+closure),0.0005,3.16,4.033,CRISP
synthetic|lowmiss,CRISP(raw) vs AutoCRISP(+backfill),0.0005,3.16,4.033,CRISP
synthetic|lowmiss,CRISP(raw) vs MICE(raw),0.0,6.4553,5.6873,MICE
synthetic|lowmiss,CRISP(raw) vs MICE(+closure),0.0,6.4553,5.6503,MICE
synthetic|lowmiss,CRISP(raw) vs MICE(+backfill),0.0,6.4553,5.6483,MICE
synthetic|lowmiss,CRISP(raw) vs KNN(raw),0.0,6.4553,12.7755,CRISP
synthetic|lowmiss,CRISP(raw) vs KNN(+closure),0.0,6.4553,11.1132,CRISP
synthetic|lowmiss,CRISP(raw) vs KNN(+backfill),0.4524,6.4553,6.6089,CRISP
synthetic|lowmiss,CRISP(raw) vs mean(raw),0.0,6.4553,13.1744,CRISP
synthetic|lowmiss,CRISP(raw) vs mean(+closure),0.0,6.4553,11.2097,CRISP
synthetic|lowmiss,CRISP(raw) vs mean(+backfill),0.0001,6.4553,5.7973,mean
synthetic|lowmiss,CRISP(raw) vs SoftImpute(raw),0.0,6.4553,10.2152,CRISP
synthetic|lowmiss,CRISP(raw) vs SoftImpute(+closure),0.0,6.4553,9.1622,CRISP
synthetic|lowmiss,CRISP(raw) vs SoftImpute(+backfill),0.0,6.4553,5.4095,SoftImpute
synthetic|lowmiss,CRISP(raw) vs LCRISP(raw),0.0,6.4553,7.6085,CRISP
synthetic|lowmiss,CRISP(raw) vs LCRISP(+closure),0.0,6.4553,7.6085,CRISP
synthetic|lowmiss,CRISP(raw) vs LCRISP(+backfill),0.0,6.4553,7.6085,CRISP
synthetic|lowmiss,CRISP(raw) vs AutoCRISP(raw),0.0069,6.4553,6.9341,CRISP
synthetic|lowmiss,CRISP(raw) vs AutoCRISP(+closure),0.0076,6.4553,6.9341,CRISP
synthetic|lowmiss,CRISP(raw) vs AutoCRISP(+backfill),0.0076,6.4553,6.9341,CRISP
synthetic|lowmiss,CRISP(raw) vs MICE(raw),0.0094,4.2857,3.7361,MICE
synthetic|lowmiss,CRISP(raw) vs MICE(+closure),0.0027,4.2857,3.7053,MICE
synthetic|lowmiss,CRISP(raw) vs MICE(+backfill),0.0027,4.2857,3.7045,MICE
synthetic|lowmiss,CRISP(raw) vs KNN(raw),0.0,4.2857,12.3653,CRISP
synthetic|lowmiss,CRISP(raw) vs KNN(+closure),0.0,4.2857,10.0319,CRISP
synthetic|lowmiss,CRISP(raw) vs KNN(+backfill),0.9854,4.2857,4.2165,KNN
synthetic|lowmiss,CRISP(raw) vs mean(raw),0.0,4.2857,15.1506,CRISP
synthetic|lowmiss,CRISP(raw) vs mean(+closure),0.0,4.2857,12.2851,CRISP
synthetic|lowmiss,CRISP(raw) vs mean(+backfill),0.0215,4.2857,3.91,mean
synthetic|lowmiss,CRISP(raw) vs SoftImpute(raw),0.0,4.2857,10.5502,CRISP
synthetic|lowmiss,CRISP(raw) vs SoftImpute(+closure),0.0,4.2857,8.99,CRISP
synthetic|lowmiss,CRISP(raw) vs SoftImpute(+backfill),0.0,4.2857,3.5578,SoftImpute
synthetic|lowmiss,CRISP(raw) vs LCRISP(raw),0.0005,4.2857,5.3434,CRISP
synthetic|lowmiss,CRISP(raw) vs LCRISP(+closure),0.0005,4.2857,5.3434,CRISP
synthetic|lowmiss,CRISP(raw) vs LCRISP(+backfill),0.0005,4.2857,5.3434,CRISP
synthetic|lowmiss,CRISP(raw) vs AutoCRISP(raw),0.0505,4.2857,4.7483,CRISP
synthetic|lowmiss,CRISP(raw) vs AutoCRISP(+closure),0.0505,4.2857,4.7483,CRISP
synthetic|lowmiss,CRISP(raw) vs AutoCRISP(+backfill),0.0149,4.2857,4.7483,CRISP
synthetic|lowmiss,CRISP(raw) vs MICE(raw),0.0,8.5354,6.7682,MICE
synthetic|lowmiss,CRISP(raw) vs MICE(+closure),0.0,8.5354,6.7512,MICE
synthetic|lowmiss,CRISP(raw) vs MICE(+backfill),0.0,8.5354,6.7486,MICE
synthetic|lowmiss,CRISP(raw) vs KNN(raw),0.0,8.5354,15.0649,CRISP
synthetic|lowmiss,CRISP(raw) vs KNN(+closure),0.0,8.5354,13.0656,CRISP
synthetic|lowmiss,CRISP(raw) vs KNN(+backfill),0.0296,8.5354,7.967,KNN
synthetic|lowmiss,CRISP(raw) vs mean(raw),0.0,8.5354,15.3607,CRISP
synthetic|lowmiss,CRISP(raw) vs mean(+closure),0.0,8.5354,12.8601,CRISP
synthetic|lowmiss,CRISP(raw) vs mean(+backfill),0.0,8.5354,7.0734,mean
synthetic|lowmiss,CRISP(raw) vs SoftImpute(raw),0.0,8.5354,13.0795,CRISP
synthetic|lowmiss,CRISP(raw) vs SoftImpute(+closure),0.0,8.5354,11.3873,CRISP
synthetic|lowmiss,CRISP(raw) vs SoftImpute(+backfill),0.0,8.5354,6.7027,SoftImpute
synthetic|lowmiss,CRISP(raw) vs LCRISP(raw),0.0037,8.5354,9.4583,CRISP
synthetic|lowmiss,CRISP(raw) vs LCRISP(+closure),0.0037,8.5354,9.4583,CRISP
synthetic|lowmiss,CRISP(raw) vs LCRISP(+backfill),0.0037,8.5354,9.4583,CRISP
synthetic|lowmiss,CRISP(raw) vs AutoCRISP(raw),0.0712,8.5354,9.0988,CRISP
synthetic|lowmiss,CRISP(raw) vs AutoCRISP(+closure),0.0736,8.5354,9.0988,CRISP
synthetic|lowmiss,CRISP(raw) vs AutoCRISP(+backfill),0.0735,8.5354,9.0988,CRISP
synthetic|lowmiss,CRISP(raw) vs MICE(raw),0.5958,2.7056,2.8151,CRISP
synthetic|lowmiss,CRISP(raw) vs MICE(+closure),0.8695,2.7056,2.759,CRISP
synthetic|lowmiss,CRISP(raw) vs MICE(+backfill),0.8695,2.7056,2.7585,CRISP
synthetic|lowmiss,CRISP(raw) vs KNN(raw),0.0,2.7056,9.8243,CRISP
synthetic|lowmiss,CRISP(raw) vs KNN(+closure),0.0,2.7056,8.2663,CRISP
synthetic|lowmiss,CRISP(raw) vs KNN(+backfill),0.114,2.7056,2.9658,CRISP
synthetic|lowmiss,CRISP(raw) vs mean(raw),0.0,2.7056,11.454,CRISP
synthetic|lowmiss,CRISP(raw) vs mean(+closure),0.0,2.7056,9.5828,CRISP
synthetic|lowmiss,CRISP(raw) vs mean(+backfill),0.6477,2.7056,2.6611,mean
synthetic|lowmiss,CRISP(raw) vs SoftImpute(raw),0.0,2.7056,5.687,CRISP
synthetic|lowmiss,CRISP(raw) vs SoftImpute(+closure),0.0,2.7056,5.3618,CRISP
synthetic|lowmiss,CRISP(raw) vs SoftImpute(+backfill),0.0003,2.7056,2.3067,SoftImpute
synthetic|lowmiss,CRISP(raw) vs LCRISP(raw),0.0001,2.7056,3.5693,CRISP
synthetic|lowmiss,CRISP(raw) vs LCRISP(+closure),0.0001,2.7056,3.5693,CRISP
synthetic|lowmiss,CRISP(raw) vs LCRISP(+backfill),0.0001,2.7056,3.5693,CRISP
synthetic|lowmiss,CRISP(raw) vs AutoCRISP(raw),0.0008,2.7056,3.4889,CRISP
synthetic|lowmiss,CRISP(raw) vs AutoCRISP(+closure),0.0008,2.7056,3.4889,CRISP
synthetic|lowmiss,CRISP(raw) vs AutoCRISP(+backfill),0.0006,2.7056,3.4889,CRISP
synthetic|lowmiss,CRISP(raw) vs MICE(raw),0.0042,5.4227,4.9395,MICE
synthetic|lowmiss,CRISP(raw) vs MICE(+closure),0.0027,5.4227,4.875,MICE
synthetic|lowmiss,CRISP(raw) vs MICE(+backfill),0.0027,5.4227,4.8732,MICE
synthetic|lowmiss,CRISP(raw) vs KNN(raw),0.0,5.4227,11.4707,CRISP
synthetic|lowmiss,CRISP(raw) vs KNN(+closure),0.0,5.4227,9.952,CRISP
synthetic|lowmiss,CRISP(raw) vs KNN(+backfill),0.1893,5.4227,5.6138,CRISP
synthetic|lowmiss,CRISP(raw) vs mean(raw),0.0,5.4227,11.7384,CRISP
synthetic|lowmiss,CRISP(raw) vs mean(+closure),0.0,5.4227,10.0514,CRISP
synthetic|lowmiss,CRISP(raw) vs mean(+backfill),0.0012,5.4227,4.9444,mean
synthetic|lowmiss,CRISP(raw) vs SoftImpute(raw),0.0,5.4227,8.193,CRISP
synthetic|lowmiss,CRISP(raw) vs SoftImpute(+closure),0.0,5.4227,7.5341,CRISP
synthetic|lowmiss,CRISP(raw) vs SoftImpute(+backfill),0.0,5.4227,4.5061,SoftImpute
synthetic|lowmiss,CRISP(raw) vs LCRISP(raw),0.0,5.4227,6.3655,CRISP
synthetic|lowmiss,CRISP(raw) vs LCRISP(+closure),0.0,5.4227,6.3655,CRISP
synthetic|lowmiss,CRISP(raw) vs LCRISP(+backfill),0.0,5.4227,6.3655,CRISP
synthetic|lowmiss,CRISP(raw) vs AutoCRISP(raw),0.0022,5.4227,6.067,CRISP
synthetic|lowmiss,CRISP(raw) vs AutoCRISP(+closure),0.0019,5.4227,6.067,CRISP
synthetic|lowmiss,CRISP(raw) vs AutoCRISP(+backfill),0.0016,5.4227,6.067,CRISP
ge_nd|nd,CRISP(raw) vs MICE(raw),0.498,2.7187,2.8056,CRISP
ge_nd|nd,CRISP(raw) vs MICE(+closure),0.5459,2.7187,2.4769,MICE
ge_nd|nd,CRISP(raw) vs MICE(+backfill),0.0367,2.7187,1.0943,MICE
ge_nd|nd,CRISP(raw) vs KNN(raw),0.0,2.7187,9.715,CRISP
ge_nd|nd,CRISP(raw) vs KNN(+closure),0.0002,2.7187,7.8706,CRISP
ge_nd|nd,CRISP(raw) vs KNN(+backfill),0.0166,2.7187,1.0608,KNN
ge_nd|nd,CRISP(raw) vs mean(raw),0.0,2.7187,11.8909,CRISP
ge_nd|nd,CRISP(raw) vs mean(+closure),0.0,2.7187,10.2074,CRISP
ge_nd|nd,CRISP(raw) vs mean(+backfill),0.0166,2.7187,1.2069,mean
ge_nd|nd,CRISP(raw) vs SoftImpute(raw),0.0001,2.7187,8.1432,CRISP
ge_nd|nd,CRISP(raw) vs SoftImpute(+closure),0.0007,2.7187,7.126,CRISP
ge_nd|nd,CRISP(raw) vs SoftImpute(+backfill),0.0093,2.7187,0.7537,SoftImpute
ge_nd|nd,CRISP(raw) vs LCRISP(raw),0.1688,2.7187,1.5975,LCRISP
ge_nd|nd,CRISP(raw) vs LCRISP(+closure),0.1688,2.7187,1.5975,LCRISP
ge_nd|nd,CRISP(raw) vs LCRISP(+backfill),0.1688,2.7187,1.5975,LCRISP
ge_nd|nd,CRISP(raw) vs AutoCRISP(raw),0.2367,2.7187,1.8658,AutoCRISP
ge_nd|nd,CRISP(raw) vs AutoCRISP(+closure),0.2367,2.7187,1.8658,AutoCRISP
ge_nd|nd,CRISP(raw) vs AutoCRISP(+backfill),0.2367,2.7187,1.8658,AutoCRISP
ge_nd|nd,CRISP(raw) vs MICE(raw),0.0897,11.2685,9.1949,MICE
ge_nd|nd,CRISP(raw) vs MICE(+closure),0.0017,11.2685,7.9841,MICE
ge_nd|nd,CRISP(raw) vs MICE(+backfill),0.0,11.2685,4.9399,MICE
ge_nd|nd,CRISP(raw) vs KNN(raw),0.33,11.2685,10.3699,KNN
ge_nd|nd,CRISP(raw) vs KNN(+closure),0.0049,11.2685,8.1679,KNN
ge_nd|nd,CRISP(raw) vs KNN(+backfill),0.0,11.2685,4.6519,KNN
ge_nd|nd,CRISP(raw) vs mean(raw),0.2162,11.2685,12.9103,CRISP
ge_nd|nd,CRISP(raw) vs mean(+closure),0.33,11.2685,10.2324,mean
ge_nd|nd,CRISP(raw) vs mean(+backfill),0.0,11.2685,5.8431,mean
ge_nd|nd,CRISP(raw) vs SoftImpute(raw),0.6742,11.2685,10.8793,SoftImpute
ge_nd|nd,CRISP(raw) vs SoftImpute(+closure),0.0172,11.2685,8.8724,SoftImpute
ge_nd|nd,CRISP(raw) vs SoftImpute(+backfill),0.0,11.2685,4.6539,SoftImpute
ge_nd|nd,CRISP(raw) vs LCRISP(raw),0.0005,11.2685,7.0322,LCRISP
ge_nd|nd,CRISP(raw) vs LCRISP(+closure),0.0005,11.2685,7.0322,LCRISP
ge_nd|nd,CRISP(raw) vs LCRISP(+backfill),0.0005,11.2685,7.0322,LCRISP
ge_nd|nd,CRISP(raw) vs AutoCRISP(raw),0.2604,11.2685,10.1444,AutoCRISP
ge_nd|nd,CRISP(raw) vs AutoCRISP(+closure),0.3668,11.2685,10.1444,AutoCRISP
ge_nd|nd,CRISP(raw) vs AutoCRISP(+backfill),0.3503,11.2685,10.1444,AutoCRISP
ge_nd|nd,CRISP(raw) vs MICE(raw),0.9563,4.2735,3.8717,MICE
ge_nd|nd,CRISP(raw) vs MICE(+closure),0.7841,4.2735,3.5036,MICE
ge_nd|nd,CRISP(raw) vs MICE(+backfill),0.0097,4.2735,2.1997,MICE
ge_nd|nd,CRISP(raw) vs KNN(raw),0.0005,4.2735,9.0438,CRISP
ge_nd|nd,CRISP(raw) vs KNN(+closure),0.0172,4.2735,7.1555,CRISP
ge_nd|nd,CRISP(raw) vs KNN(+backfill),0.0262,4.2735,1.9914,KNN
ge_nd|nd,CRISP(raw) vs mean(raw),0.0,4.2735,12.4754,CRISP
ge_nd|nd,CRISP(raw) vs mean(+closure),0.0002,4.2735,10.482,CRISP
ge_nd|nd,CRISP(raw) vs mean(+backfill),0.098,4.2735,2.7418,mean
ge_nd|nd,CRISP(raw) vs SoftImpute(raw),0.0042,4.2735,8.5406,CRISP
ge_nd|nd,CRISP(raw) vs SoftImpute(+closure),0.0073,4.2735,7.3754,CRISP
ge_nd|nd,CRISP(raw) vs SoftImpute(+backfill),0.0045,4.2735,1.7323,SoftImpute
ge_nd|nd,CRISP(raw) vs LCRISP(raw),0.0076,4.2735,2.2998,LCRISP
ge_nd|nd,CRISP(raw) vs LCRISP(+closure),0.0076,4.2735,2.2998,LCRISP
ge_nd|nd,CRISP(raw) vs LCRISP(+backfill),0.0076,4.2735,2.2998,LCRISP
ge_nd|nd,CRISP(raw) vs AutoCRISP(raw),0.0506,4.2735,3.2198,AutoCRISP
ge_nd|nd,CRISP(raw) vs AutoCRISP(+closure),0.0506,4.2735,3.2198,AutoCRISP
ge_nd|nd,CRISP(raw) vs AutoCRISP(+backfill),0.0745,4.2735,3.2198,AutoCRISP
ge_nd|nd,CRISP(raw) vs MICE(raw),0.0583,12.4936,10.2495,MICE
ge_nd|nd,CRISP(raw) vs MICE(+closure),0.0032,12.4936,8.9453,MICE
ge_nd|nd,CRISP(raw) vs MICE(+backfill),0.0,12.4936,5.8698,MICE
ge_nd|nd,CRISP(raw) vs KNN(raw),0.0826,12.4936,10.614,KNN
ge_nd|nd,CRISP(raw) vs KNN(+closure),0.0005,12.4936,8.2566,KNN
ge_nd|nd,CRISP(raw) vs KNN(+backfill),0.0,12.4936,5.2192,KNN
ge_nd|nd,CRISP(raw) vs mean(raw),0.3488,12.4936,13.6672,CRISP
ge_nd|nd,CRISP(raw) vs mean(+closure),0.1327,12.4936,10.8856,mean
ge_nd|nd,CRISP(raw) vs mean(+backfill),0.0,12.4936,6.6695,mean
ge_nd|nd,CRISP(raw) vs SoftImpute(raw),0.2611,12.4936,11.3456,SoftImpute
ge_nd|nd,CRISP(raw) vs SoftImpute(+closure),0.0023,12.4936,9.1083,SoftImpute
ge_nd|nd,CRISP(raw) vs SoftImpute(+backfill),0.0,12.4936,5.5018,SoftImpute
ge_nd|nd,CRISP(raw) vs LCRISP(raw),0.0,12.4936,8.0413,LCRISP
ge_nd|nd,CRISP(raw) vs LCRISP(+closure),0.0,12.4936,8.0413,LCRISP
ge_nd|nd,CRISP(raw) vs LCRISP(+backfill),0.0,12.4936,8.0413,LCRISP
ge_nd|nd,CRISP(raw) vs AutoCRISP(raw),0.0076,12.4936,9.6481,AutoCRISP
ge_nd|nd,CRISP(raw) vs AutoCRISP(+closure),0.0097,12.4936,9.6481,AutoCRISP
ge_nd|nd,CRISP(raw) vs AutoCRISP(+backfill),0.0097,12.4936,9.6481,AutoCRISP
ge_nd|nd,CRISP(raw) vs MICE(raw),0.0141,0.9474,0.9675,CRISP
ge_nd|nd,CRISP(raw) vs MICE(+closure),0.016,0.9474,0.7983,MICE
ge_nd|nd,CRISP(raw) vs MICE(+backfill),0.1797,0.9474,0.2416,MICE
ge_nd|nd,CRISP(raw) vs KNN(raw),0.0,0.9474,9.3637,CRISP
ge_nd|nd,CRISP(raw) vs KNN(+closure),0.0,0.9474,7.5445,CRISP
ge_nd|nd,CRISP(raw) vs KNN(+backfill),0.1797,0.9474,0.1577,KNN
ge_nd|nd,CRISP(raw) vs mean(raw),0.0,0.9474,10.4126,CRISP
ge_nd|nd,CRISP(raw) vs mean(+closure),0.0,0.9474,8.9608,CRISP
ge_nd|nd,CRISP(raw) vs mean(+backfill),0.1797,0.9474,0.2533,mean
ge_nd|nd,CRISP(raw) vs SoftImpute(raw),0.0,0.9474,6.2229,CRISP
ge_nd|nd,CRISP(raw) vs SoftImpute(+closure),0.0001,0.9474,5.6478,CRISP
ge_nd|nd,CRISP(raw) vs SoftImpute(+backfill),0.1797,0.9474,0.1289,SoftImpute
ge_nd|nd,CRISP(raw) vs LCRISP(raw),0.1797,0.9474,0.0,LCRISP
ge_nd|nd,CRISP(raw) vs LCRISP(+closure),0.1797,0.9474,0.0,LCRISP
ge_nd|nd,CRISP(raw) vs LCRISP(+backfill),0.1797,0.9474,0.0,LCRISP
ge_nd|nd,CRISP(raw) vs AutoCRISP(raw),0.3173,0.9474,0.5263,AutoCRISP
ge_nd|nd,CRISP(raw) vs AutoCRISP(+closure),0.3173,0.9474,0.5263,AutoCRISP
ge_nd|nd,CRISP(raw) vs AutoCRISP(+backfill),0.3173,0.9474,0.5263,AutoCRISP
ge_nd|nd,CRISP(raw) vs MICE(raw),0.4749,4.1854,3.3089,MICE
ge_nd|nd,CRISP(raw) vs MICE(+closure),0.2162,4.1854,2.8335,MICE
ge_nd|nd,CRISP(raw) vs MICE(+backfill),0.0005,4.1854,1.2946,MICE
ge_nd|nd,CRISP(raw) vs KNN(raw),0.0,4.1854,9.1274,CRISP
ge_nd|nd,CRISP(raw) vs KNN(+closure),0.0017,4.1854,7.2929,CRISP
ge_nd|nd,CRISP(raw) vs KNN(+backfill),0.0014,4.1854,1.6531,KNN
ge_nd|nd,CRISP(raw) vs mean(raw),0.0,4.1854,10.2186,CRISP
ge_nd|nd,CRISP(raw) vs mean(+closure),0.0,4.1854,8.5979,CRISP
ge_nd|nd,CRISP(raw) vs mean(+backfill),0.0016,4.1854,2.0892,mean
ge_nd|nd,CRISP(raw) vs SoftImpute(raw),0.0003,4.1854,7.7016,CRISP
ge_nd|nd,CRISP(raw) vs SoftImpute(+closure),0.0056,4.1854,6.6503,CRISP
ge_nd|nd,CRISP(raw) vs SoftImpute(+backfill),0.0006,4.1854,1.4728,SoftImpute
ge_nd|nd,CRISP(raw) vs LCRISP(raw),0.0036,4.1854,1.9999,LCRISP
ge_nd|nd,CRISP(raw) vs LCRISP(+closure),0.0036,4.1854,1.9999,LCRISP
ge_nd|nd,CRISP(raw) vs LCRISP(+backfill),0.0036,4.1854,1.9999,LCRISP
ge_nd|nd,CRISP(raw) vs AutoCRISP(raw),0.0382,4.1854,3.2299,AutoCRISP
ge_nd|nd,CRISP(raw) vs AutoCRISP(+closure),0.0367,4.1854,3.2299,AutoCRISP
ge_nd|nd,CRISP(raw) vs AutoCRISP(+backfill),0.0367,4.1854,3.2299,AutoCRISP
synA1|nd,CRISP(raw) vs MICE(raw),0.0,2.5381,7.0168,CRISP
synA1|nd,CRISP(raw) vs MICE(+closure),0.0,2.5381,6.5192,CRISP
synA1|nd,CRISP(raw) vs MICE(+backfill),0.0,2.5381,4.2524,CRISP
synA1|nd,CRISP(raw) vs KNN(raw),0.0,2.5381,6.634,CRISP
synA1|nd,CRISP(raw) vs KNN(+closure),0.0,2.5381,6.4667,CRISP
synA1|nd,CRISP(raw) vs KNN(+backfill),0.0,2.5381,4.2859,CRISP
synA1|nd,CRISP(raw) vs mean(raw),0.0,2.5381,6.6367,CRISP
synA1|nd,CRISP(raw) vs mean(+closure),0.0,2.5381,6.4004,CRISP
synA1|nd,CRISP(raw) vs mean(+backfill),0.0,2.5381,4.2237,CRISP
synA1|nd,CRISP(raw) vs SoftImpute(raw),0.0,2.5381,6.8354,CRISP
synA1|nd,CRISP(raw) vs SoftImpute(+closure),0.0,2.5381,6.6416,CRISP
synA1|nd,CRISP(raw) vs SoftImpute(+backfill),0.0,2.5381,4.2984,CRISP
synA1|nd,CRISP(raw) vs LCRISP(raw),0.0004,2.5381,3.731,CRISP
synA1|nd,CRISP(raw) vs LCRISP(+closure),0.0003,2.5381,3.731,CRISP
synA1|nd,CRISP(raw) vs LCRISP(+backfill),0.0003,2.5381,3.731,CRISP
synA1|nd,CRISP(raw) vs AutoCRISP(raw),,2.5381,2.5381,AutoCRISP
synA1|nd,CRISP(raw) vs AutoCRISP(+closure),0.0668,2.5381,2.5381,AutoCRISP
synA1|nd,CRISP(raw) vs AutoCRISP(+backfill),0.4652,2.5381,2.5381,AutoCRISP
synA1|nd,CRISP(raw) vs MICE(raw),0.0637,6.5913,7.3781,CRISP
synA1|nd,CRISP(raw) vs MICE(+closure),0.9854,6.5913,6.6718,CRISP
synA1|nd,CRISP(raw) vs MICE(+backfill),0.5706,6.5913,6.4333,MICE
synA1|nd,CRISP(raw) vs KNN(raw),0.33,6.5913,6.974,CRISP
synA1|nd,CRISP(raw) vs KNN(+closure),0.5459,6.5913,6.877,CRISP
synA1|nd,CRISP(raw) vs KNN(+backfill),0.8695,6.5913,6.6243,CRISP
synA1|nd,CRISP(raw) vs mean(raw),0.4749,6.5913,6.8868,CRISP
synA1|nd,CRISP(raw) vs mean(+closure),0.7841,6.5913,6.4666,mean
synA1|nd,CRISP(raw) vs mean(+backfill),0.3118,6.5913,6.2361,mean
synA1|nd,CRISP(raw) vs SoftImpute(raw),0.1536,6.5913,7.1055,CRISP
synA1|nd,CRISP(raw) vs SoftImpute(+closure),0.5459,6.5913,6.7722,CRISP
synA1|nd,CRISP(raw) vs SoftImpute(+backfill),0.8983,6.5913,6.5177,SoftImpute
synA1|nd,CRISP(raw) vs LCRISP(raw),0.0637,6.5913,7.619,CRISP
synA1|nd,CRISP(raw) vs LCRISP(+closure),0.0637,6.5913,7.619,CRISP
synA1|nd,CRISP(raw) vs LCRISP(+backfill),0.0637,6.5913,7.619,CRISP
synA1|nd,CRISP(raw) vs AutoCRISP(raw),,6.5913,6.5913,AutoCRISP
synA1|nd,CRISP(raw) vs AutoCRISP(+closure),0.7055,6.5913,6.5913,AutoCRISP
synA1|nd,CRISP(raw) vs AutoCRISP(+backfill),1.0,6.5913,6.5913,AutoCRISP
synA1|nd,CRISP(raw) vs MICE(raw),0.0,3.4586,8.3911,CRISP
synA1|nd,CRISP(raw) vs MICE(+closure),0.0,3.4586,7.8143,CRISP
synA1|nd,CRISP(raw) vs MICE(+backfill),0.0,3.4586,5.4713,CRISP
synA1|nd,CRISP(raw) vs KNN(raw),0.0,3.4586,7.9649,CRISP
synA1|nd,CRISP(raw) vs KNN(+closure),0.0,3.4586,7.7501,CRISP
synA1|nd,CRISP(raw) vs KNN(+backfill),0.0,3.4586,5.5257,CRISP
synA1|nd,CRISP(raw) vs mean(raw),0.0,3.4586,8.0673,CRISP
synA1|nd,CRISP(raw) vs mean(+closure),0.0,3.4586,7.7658,CRISP
synA1|nd,CRISP(raw) vs mean(+backfill),0.0,3.4586,5.4337,CRISP
synA1|nd,CRISP(raw) vs SoftImpute(raw),0.0,3.4586,8.2992,CRISP
synA1|nd,CRISP(raw) vs SoftImpute(+closure),0.0,3.4586,8.0253,CRISP
synA1|nd,CRISP(raw) vs SoftImpute(+backfill),0.0,3.4586,5.6075,CRISP
synA1|nd,CRISP(raw) vs LCRISP(raw),0.0002,3.4586,5.3507,CRISP
synA1|nd,CRISP(raw) vs LCRISP(+closure),0.0,3.4586,5.3507,CRISP
synA1|nd,CRISP(raw) vs LCRISP(+backfill),0.0,3.4586,5.3507,CRISP
synA1|nd,CRISP(raw) vs AutoCRISP(raw),,3.4586,3.4586,AutoCRISP
synA1|nd,CRISP(raw) vs AutoCRISP(+closure),0.4291,3.4586,3.4586,AutoCRISP
synA1|nd,CRISP(raw) vs AutoCRISP(+backfill),0.1578,3.4586,3.4586,AutoCRISP
synA1|nd,CRISP(raw) vs MICE(raw),0.0014,6.5185,8.1787,CRISP
synA1|nd,CRISP(raw) vs MICE(+closure),0.024,6.5185,7.5218,CRISP
synA1|nd,CRISP(raw) vs MICE(+backfill),0.1054,6.5185,7.287,CRISP
synA1|nd,CRISP(raw) vs KNN(raw),0.0094,6.5185,7.7422,CRISP
synA1|nd,CRISP(raw) vs KNN(+closure),0.0215,6.5185,7.5874,CRISP
synA1|nd,CRISP(raw) vs KNN(+backfill),0.0484,6.5185,7.3631,CRISP
synA1|nd,CRISP(raw) vs mean(raw),0.0153,6.5185,7.6844,CRISP
synA1|nd,CRISP(raw) vs mean(+closure),0.1054,6.5185,7.23,CRISP
synA1|nd,CRISP(raw) vs mean(+backfill),0.2455,6.5185,7.0101,CRISP
synA1|nd,CRISP(raw) vs SoftImpute(raw),0.0056,6.5185,7.8681,CRISP
synA1|nd,CRISP(raw) vs SoftImpute(+closure),0.024,6.5185,7.5056,CRISP
synA1|nd,CRISP(raw) vs SoftImpute(+backfill),0.1054,6.5185,7.2644,CRISP
synA1|nd,CRISP(raw) vs LCRISP(raw),0.0107,6.5185,8.2292,CRISP
synA1|nd,CRISP(raw) vs LCRISP(+closure),0.0107,6.5185,8.2292,CRISP
synA1|nd,CRISP(raw) vs LCRISP(+backfill),0.0107,6.5185,8.2292,CRISP
synA1|nd,CRISP(raw) vs AutoCRISP(raw),,6.5185,6.5185,AutoCRISP
synA1|nd,CRISP(raw) vs AutoCRISP(+closure),0.453,6.5185,6.5185,AutoCRISP
synA1|nd,CRISP(raw) vs AutoCRISP(+backfill),0.5809,6.5185,6.5185,AutoCRISP
synA1|nd,CRISP(raw) vs MICE(raw),0.0,1.3825,5.1805,CRISP
synA1|nd,CRISP(raw) vs MICE(+closure),0.0,1.3825,4.7288,CRISP
synA1|nd,CRISP(raw) vs MICE(+backfill),0.0,1.3825,2.2397,CRISP
synA1|nd,CRISP(raw) vs KNN(raw),0.0,1.3825,4.8873,CRISP
synA1|nd,CRISP(raw) vs KNN(+closure),0.0,1.3825,4.7141,CRISP
synA1|nd,CRISP(raw) vs KNN(+backfill),0.0,1.3825,2.2834,CRISP
synA1|nd,CRISP(raw) vs mean(raw),0.0,1.3825,4.5907,CRISP
synA1|nd,CRISP(raw) vs mean(+closure),0.0,1.3825,4.4562,CRISP
synA1|nd,CRISP(raw) vs mean(+backfill),0.0,1.3825,2.1836,CRISP
synA1|nd,CRISP(raw) vs SoftImpute(raw),0.0,1.3825,4.8737,CRISP
synA1|nd,CRISP(raw) vs SoftImpute(+closure),0.0,1.3825,4.7345,CRISP
synA1|nd,CRISP(raw) vs SoftImpute(+backfill),0.0,1.3825,2.2273,CRISP
synA1|nd,CRISP(raw) vs LCRISP(raw),0.0012,1.3825,1.8728,CRISP
synA1|nd,CRISP(raw) vs LCRISP(+closure),0.0006,1.3825,1.8728,CRISP
synA1|nd,CRISP(raw) vs LCRISP(+backfill),0.0009,1.3825,1.8728,CRISP
synA1|nd,CRISP(raw) vs AutoCRISP(raw),,1.3825,1.3825,AutoCRISP
synA1|nd,CRISP(raw) vs AutoCRISP(+closure),0.3615,1.3825,1.3825,AutoCRISP
synA1|nd,CRISP(raw) vs AutoCRISP(+backfill),0.7044,1.3825,1.3825,AutoCRISP
synA1|nd,CRISP(raw) vs MICE(raw),0.0,3.4445,5.5011,CRISP
synA1|nd,CRISP(raw) vs MICE(+closure),0.0,3.4445,4.9253,CRISP
synA1|nd,CRISP(raw) vs MICE(+backfill),0.0,3.4445,4.353,CRISP
synA1|nd,CRISP(raw) vs KNN(raw),0.0,3.4445,4.9584,CRISP
synA1|nd,CRISP(raw) vs KNN(+closure),0.0,3.4445,4.9167,CRISP
synA1|nd,CRISP(raw) vs KNN(+backfill),0.0001,3.4445,4.3236,CRISP
synA1|nd,CRISP(raw) vs mean(raw),0.0,3.4445,4.5734,CRISP
synA1|nd,CRISP(raw) vs mean(+closure),0.0002,3.4445,4.3867,CRISP
synA1|nd,CRISP(raw) vs mean(+backfill),0.024,3.4445,3.8507,CRISP
synA1|nd,CRISP(raw) vs SoftImpute(raw),0.0,3.4445,4.9618,CRISP
synA1|nd,CRISP(raw) vs SoftImpute(+closure),0.0,3.4445,4.7937,CRISP
synA1|nd,CRISP(raw) vs SoftImpute(+backfill),0.0002,3.4445,4.204,CRISP
synA1|nd,CRISP(raw) vs LCRISP(raw),0.0,3.4445,4.6405,CRISP
synA1|nd,CRISP(raw) vs LCRISP(+closure),0.0,3.4445,4.6405,CRISP
synA1|nd,CRISP(raw) vs LCRISP(+backfill),0.0,3.4445,4.6405,CRISP
synA1|nd,CRISP(raw) vs AutoCRISP(raw),,3.4445,3.4445,AutoCRISP
synA1|nd,CRISP(raw) vs AutoCRISP(+closure),0.0588,3.4445,3.4445,AutoCRISP
synA1|nd,CRISP(raw) vs AutoCRISP(+backfill),0.7703,3.4445,3.4445,AutoCRISP
synA2|nd,CRISP(raw) vs MICE(raw),0.0,2.7764,6.9248,CRISP
synA2|nd,CRISP(raw) vs MICE(+closure),0.0,2.7764,6.4552,CRISP
synA2|nd,CRISP(raw) vs MICE(+backfill),0.0,2.7764,3.9796,CRISP
synA2|nd,CRISP(raw) vs KNN(raw),0.0,2.7764,6.6211,CRISP
synA2|nd,CRISP(raw) vs KNN(+closure),0.0,2.7764,6.3987,CRISP
synA2|nd,CRISP(raw) vs KNN(+backfill),0.0,2.7764,4.0291,CRISP
synA2|nd,CRISP(raw) vs mean(raw),0.0,2.7764,6.743,CRISP
synA2|nd,CRISP(raw) vs mean(+closure),0.0,2.7764,6.4494,CRISP
synA2|nd,CRISP(raw) vs mean(+backfill),0.0,2.7764,4.0078,CRISP
synA2|nd,CRISP(raw) vs SoftImpute(raw),0.0,2.7764,7.1699,CRISP
synA2|nd,CRISP(raw) vs SoftImpute(+closure),0.0,2.7764,6.8258,CRISP
synA2|nd,CRISP(raw) vs SoftImpute(+backfill),0.0,2.7764,4.1619,CRISP
synA2|nd,CRISP(raw) vs LCRISP(raw),0.0023,2.7764,3.8451,CRISP
synA2|nd,CRISP(raw) vs LCRISP(+closure),0.0029,2.7764,3.8451,CRISP
synA2|nd,CRISP(raw) vs LCRISP(+backfill),0.002,2.7764,3.8451,CRISP
synA2|nd,CRISP(raw) vs AutoCRISP(raw),,2.7764,2.7764,AutoCRISP
synA2|nd,CRISP(raw) vs AutoCRISP(+closure),0.1967,2.7764,2.7764,AutoCRISP
synA2|nd,CRISP(raw) vs AutoCRISP(+backfill),0.0312,2.7764,2.7764,CRISP
synA2|nd,CRISP(raw) vs MICE(raw),0.6742,7.3663,7.1801,MICE
synA2|nd,CRISP(raw) vs MICE(+closure),0.0362,7.3663,6.4953,MICE
synA2|nd,CRISP(raw) vs MICE(+backfill),0.0042,7.3663,6.1659,MICE
synA2|nd,CRISP(raw) vs KNN(raw),0.3683,7.3663,6.9769,KNN
synA2|nd,CRISP(raw) vs KNN(+closure),0.1536,7.3663,6.8311,KNN
synA2|nd,CRISP(raw) vs KNN(+backfill),0.0215,7.3663,6.4845,KNN
synA2|nd,CRISP(raw) vs mean(raw),0.2774,7.3663,6.9034,mean
synA2|nd,CRISP(raw) vs mean(+closure),0.0153,7.3663,6.4002,mean
synA2|nd,CRISP(raw) vs mean(+backfill),0.002,7.3663,6.0659,mean
synA2|nd,CRISP(raw) vs SoftImpute(raw),0.8408,7.3663,7.2697,SoftImpute
synA2|nd,CRISP(raw) vs SoftImpute(+closure),0.1893,7.3663,6.8413,SoftImpute
synA2|nd,CRISP(raw) vs SoftImpute(+backfill),0.0266,7.3663,6.4786,SoftImpute
synA2|nd,CRISP(raw) vs LCRISP(raw),0.0023,7.3663,8.6057,CRISP
synA2|nd,CRISP(raw) vs LCRISP(+closure),0.0023,7.3663,8.6057,CRISP
synA2|nd,CRISP(raw) vs LCRISP(+backfill),0.0023,7.3663,8.6057,CRISP
synA2|nd,CRISP(raw) vs AutoCRISP(raw),,7.3663,7.3663,AutoCRISP
synA2|nd,CRISP(raw) vs AutoCRISP(+closure),0.5775,7.3663,7.3663,AutoCRISP
synA2|nd,CRISP(raw) vs AutoCRISP(+backfill),0.5775,7.3663,7.3663,AutoCRISP
synA2|nd,CRISP(raw) vs MICE(raw),0.0,2.9692,6.6704,CRISP
synA2|nd,CRISP(raw) vs MICE(+closure),0.0,2.9692,6.2063,CRISP
synA2|nd,CRISP(raw) vs MICE(+backfill),0.0,2.9692,4.0171,CRISP
synA2|nd,CRISP(raw) vs KNN(raw),0.0,2.9692,6.3896,CRISP
synA2|nd,CRISP(raw) vs KNN(+closure),0.0,2.9692,6.1701,CRISP
synA2|nd,CRISP(raw) vs KNN(+backfill),0.0,2.9692,4.1098,CRISP
synA2|nd,CRISP(raw) vs mean(raw),0.0,2.9692,6.3086,CRISP
synA2|nd,CRISP(raw) vs mean(+closure),0.0,2.9692,6.0488,CRISP
synA2|nd,CRISP(raw) vs mean(+backfill),0.0,2.9692,3.8994,CRISP
synA2|nd,CRISP(raw) vs SoftImpute(raw),0.0,2.9692,6.8839,CRISP
synA2|nd,CRISP(raw) vs SoftImpute(+closure),0.0,2.9692,6.5061,CRISP
synA2|nd,CRISP(raw) vs SoftImpute(+backfill),0.0,2.9692,4.1718,CRISP
synA2|nd,CRISP(raw) vs LCRISP(raw),0.0,2.9692,4.1487,CRISP
synA2|nd,CRISP(raw) vs LCRISP(+closure),0.0,2.9692,4.1487,CRISP
synA2|nd,CRISP(raw) vs LCRISP(+backfill),0.0,2.9692,4.1487,CRISP
synA2|nd,CRISP(raw) vs AutoCRISP(raw),,2.9692,2.9692,AutoCRISP
synA2|nd,CRISP(raw) vs AutoCRISP(+closure),0.3401,2.9692,2.9692,AutoCRISP
synA2|nd,CRISP(raw) vs AutoCRISP(+backfill),0.2455,2.9692,2.9692,CRISP
synA2|nd,CRISP(raw) vs MICE(raw),0.2774,7.7542,7.2095,MICE
synA2|nd,CRISP(raw) vs MICE(+closure),0.0192,7.7542,6.5905,MICE
synA2|nd,CRISP(raw) vs MICE(+backfill),0.0153,7.7542,6.3588,MICE
synA2|nd,CRISP(raw) vs KNN(raw),0.0973,7.7542,6.8969,KNN
synA2|nd,CRISP(raw) vs KNN(+closure),0.0441,7.7542,6.7179,KNN
synA2|nd,CRISP(raw) vs KNN(+backfill),0.0172,7.7542,6.5011,KNN
synA2|nd,CRISP(raw) vs mean(raw),0.0759,7.7542,6.8972,mean
synA2|nd,CRISP(raw) vs mean(+closure),0.0172,7.7542,6.3967,mean
synA2|nd,CRISP(raw) vs mean(+backfill),0.0073,7.7542,6.167,mean
synA2|nd,CRISP(raw) vs SoftImpute(raw),0.2943,7.7542,7.2353,SoftImpute
synA2|nd,CRISP(raw) vs SoftImpute(+closure),0.0637,7.7542,6.7881,SoftImpute
synA2|nd,CRISP(raw) vs SoftImpute(+backfill),0.0192,7.7542,6.5439,SoftImpute
synA2|nd,CRISP(raw) vs LCRISP(raw),0.3118,7.7542,8.5103,CRISP
synA2|nd,CRISP(raw) vs LCRISP(+closure),0.3118,7.7542,8.5103,CRISP
synA2|nd,CRISP(raw) vs LCRISP(+backfill),0.3118,7.7542,8.5103,CRISP
synA2|nd,CRISP(raw) vs AutoCRISP(raw),,7.7542,7.7542,AutoCRISP
synA2|nd,CRISP(raw) vs AutoCRISP(+closure),1.0,7.7542,7.7542,AutoCRISP
synA2|nd,CRISP(raw) vs AutoCRISP(+backfill),0.833,7.7542,7.7542,AutoCRISP
synA2|nd,CRISP(raw) vs MICE(raw),0.0,1.7403,5.2555,CRISP
synA2|nd,CRISP(raw) vs MICE(+closure),0.0,1.7403,4.9118,CRISP
synA2|nd,CRISP(raw) vs MICE(+backfill),0.0,1.7403,2.4452,CRISP
synA2|nd,CRISP(raw) vs KNN(raw),0.0,1.7403,5.1778,CRISP
synA2|nd,CRISP(raw) vs KNN(+closure),0.0,1.7403,4.9319,CRISP
synA2|nd,CRISP(raw) vs KNN(+backfill),0.0,1.7403,2.4187,CRISP
synA2|nd,CRISP(raw) vs mean(raw),0.0,1.7403,4.9964,CRISP
synA2|nd,CRISP(raw) vs mean(+closure),0.0,1.7403,4.8162,CRISP
synA2|nd,CRISP(raw) vs mean(+backfill),0.0,1.7403,2.3724,CRISP
synA2|nd,CRISP(raw) vs SoftImpute(raw),0.0,1.7403,5.5821,CRISP
synA2|nd,CRISP(raw) vs SoftImpute(+closure),0.0,1.7403,5.3088,CRISP
synA2|nd,CRISP(raw) vs SoftImpute(+backfill),0.0,1.7403,2.5312,CRISP
synA2|nd,CRISP(raw) vs LCRISP(raw),0.0022,1.7403,2.3964,CRISP
synA2|nd,CRISP(raw) vs LCRISP(+closure),0.001,1.7403,2.3964,CRISP
synA2|nd,CRISP(raw) vs LCRISP(+backfill),0.0009,1.7403,2.3964,CRISP
synA2|nd,CRISP(raw) vs AutoCRISP(raw),,1.7403,1.7403,AutoCRISP
synA2|nd,CRISP(raw) vs AutoCRISP(+closure),0.1195,1.7403,1.7403,AutoCRISP
synA2|nd,CRISP(raw) vs AutoCRISP(+backfill),0.0324,1.7403,1.7403,CRISP
synA2|nd,CRISP(raw) vs MICE(raw),0.0049,4.3871,5.1524,CRISP
synA2|nd,CRISP(raw) vs MICE(+closure),0.0696,4.3871,4.8276,CRISP
synA2|nd,CRISP(raw) vs MICE(+backfill),0.8408,4.3871,4.3365,MICE
synA2|nd,CRISP(raw) vs KNN(raw),0.0017,4.3871,5.142,CRISP
synA2|nd,CRISP(raw) vs KNN(+closure),0.002,4.3871,5.0473,CRISP
synA2|nd,CRISP(raw) vs KNN(+backfill),0.3118,4.3871,4.5521,CRISP
synA2|nd,CRISP(raw) vs mean(raw),0.0484,4.3871,4.8408,CRISP
synA2|nd,CRISP(raw) vs mean(+closure),0.33,4.3871,4.5981,CRISP
synA2|nd,CRISP(raw) vs mean(+backfill),0.2305,4.3871,4.1258,mean
synA2|nd,CRISP(raw) vs SoftImpute(raw),0.0,4.3871,5.5049,CRISP
synA2|nd,CRISP(raw) vs SoftImpute(+closure),0.0017,4.3871,5.2121,CRISP
synA2|nd,CRISP(raw) vs SoftImpute(+backfill),0.1231,4.3871,4.6733,CRISP
synA2|nd,CRISP(raw) vs LCRISP(raw),0.0001,4.3871,5.4651,CRISP
synA2|nd,CRISP(raw) vs LCRISP(+closure),0.0001,4.3871,5.4651,CRISP
synA2|nd,CRISP(raw) vs LCRISP(+backfill),0.0001,4.3871,5.4651,CRISP
synA2|nd,CRISP(raw) vs AutoCRISP(raw),,4.3871,4.3871,AutoCRISP
synA2|nd,CRISP(raw) vs AutoCRISP(+closure),0.2142,4.3871,4.3871,AutoCRISP
synA2|nd,CRISP(raw) vs AutoCRISP(+backfill),0.429,4.3871,4.3871,AutoCRISP
synA3|nd,CRISP(raw) vs MICE(raw),0.0,2.8754,7.597,CRISP
synA3|nd,CRISP(raw) vs MICE(+closure),0.0,2.8754,7.0167,CRISP
synA3|nd,CRISP(raw) vs MICE(+backfill),0.0001,2.8754,4.562,CRISP
synA3|nd,CRISP(raw) vs KNN(raw),0.0,2.8754,6.731,CRISP
synA3|nd,CRISP(raw) vs KNN(+closure),0.0,2.8754,6.5314,CRISP
synA3|nd,CRISP(raw) vs KNN(+backfill),0.0009,2.8754,4.198,CRISP
synA3|nd,CRISP(raw) vs mean(raw),0.0,2.8754,6.7683,CRISP
synA3|nd,CRISP(raw) vs mean(+closure),0.0,2.8754,6.492,CRISP
synA3|nd,CRISP(raw) vs mean(+backfill),0.001,2.8754,4.0734,CRISP
synA3|nd,CRISP(raw) vs SoftImpute(raw),0.0,2.8754,7.0299,CRISP
synA3|nd,CRISP(raw) vs SoftImpute(+closure),0.0,2.8754,6.8385,CRISP
synA3|nd,CRISP(raw) vs SoftImpute(+backfill),0.0003,2.8754,4.2919,CRISP
synA3|nd,CRISP(raw) vs LCRISP(raw),0.0043,2.8754,4.0958,CRISP
synA3|nd,CRISP(raw) vs LCRISP(+closure),0.0038,2.8754,4.0958,CRISP
synA3|nd,CRISP(raw) vs LCRISP(+backfill),0.002,2.8754,4.0958,CRISP
synA3|nd,CRISP(raw) vs AutoCRISP(raw),,2.8754,2.8754,AutoCRISP
synA3|nd,CRISP(raw) vs AutoCRISP(+closure),0.1765,2.8754,2.8754,AutoCRISP
synA3|nd,CRISP(raw) vs AutoCRISP(+backfill),0.5059,2.8754,2.8754,AutoCRISP
synA3|nd,CRISP(raw) vs MICE(raw),0.0107,6.66,8.1932,CRISP
synA3|nd,CRISP(raw) vs MICE(+closure),0.1054,6.66,7.3835,CRISP
synA3|nd,CRISP(raw) vs MICE(+backfill),0.4091,6.66,7.0892,CRISP
synA3|nd,CRISP(raw) vs KNN(raw),0.1893,6.66,7.284,CRISP
synA3|nd,CRISP(raw) vs KNN(+closure),0.3884,6.66,7.1347,CRISP
synA3|nd,CRISP(raw) vs KNN(+backfill),0.7012,6.66,6.8462,CRISP
synA3|nd,CRISP(raw) vs mean(raw),0.1327,6.66,7.2736,CRISP
synA3|nd,CRISP(raw) vs mean(+closure),0.7562,6.66,6.7742,CRISP
synA3|nd,CRISP(raw) vs mean(+backfill),0.8695,6.66,6.4868,mean
synA3|nd,CRISP(raw) vs SoftImpute(raw),0.0826,6.66,7.517,CRISP
synA3|nd,CRISP(raw) vs SoftImpute(+closure),0.3488,6.66,7.1757,CRISP
synA3|nd,CRISP(raw) vs SoftImpute(+backfill),0.6477,6.66,6.8694,CRISP
synA3|nd,CRISP(raw) vs LCRISP(raw),0.0094,6.66,8.4884,CRISP
synA3|nd,CRISP(raw) vs LCRISP(+closure),0.0094,6.66,8.4884,CRISP
synA3|nd,CRISP(raw) vs LCRISP(+backfill),0.0094,6.66,8.4884,CRISP
synA3|nd,CRISP(raw) vs AutoCRISP(raw),,6.66,6.66,AutoCRISP
synA3|nd,CRISP(raw) vs AutoCRISP(+closure),0.1346,6.66,6.66,AutoCRISP
synA3|nd,CRISP(raw) vs AutoCRISP(+backfill),0.7389,6.66,6.66,AutoCRISP
synA3|nd,CRISP(raw) vs MICE(raw),0.0,3.0483,7.7381,CRISP
synA3|nd,CRISP(raw) vs MICE(+closure),0.0,3.0483,7.1023,CRISP
synA3|nd,CRISP(raw) vs MICE(+backfill),0.0,3.0483,4.5961,CRISP
synA3|nd,CRISP(raw) vs KNN(raw),0.0,3.0483,6.821,CRISP
synA3|nd,CRISP(raw) vs KNN(+closure),0.0,3.0483,6.6336,CRISP
synA3|nd,CRISP(raw) vs KNN(+backfill),0.0,3.0483,4.451,CRISP
synA3|nd,CRISP(raw) vs mean(raw),0.0,3.0483,6.7628,CRISP
synA3|nd,CRISP(raw) vs mean(+closure),0.0,3.0483,6.4934,CRISP
synA3|nd,CRISP(raw) vs mean(+backfill),0.0,3.0483,4.1634,CRISP
synA3|nd,CRISP(raw) vs SoftImpute(raw),0.0,3.0483,7.1261,CRISP
synA3|nd,CRISP(raw) vs SoftImpute(+closure),0.0,3.0483,6.8946,CRISP
synA3|nd,CRISP(raw) vs SoftImpute(+backfill),0.0,3.0483,4.4059,CRISP
synA3|nd,CRISP(raw) vs LCRISP(raw),0.0,3.0483,4.4338,CRISP
synA3|nd,CRISP(raw) vs LCRISP(+closure),0.0,3.0483,4.4338,CRISP
synA3|nd,CRISP(raw) vs LCRISP(+backfill),0.0,3.0483,4.4338,CRISP
synA3|nd,CRISP(raw) vs AutoCRISP(raw),,3.0483,3.0483,AutoCRISP
synA3|nd,CRISP(raw) vs AutoCRISP(+closure),0.4581,3.0483,3.0483,AutoCRISP
synA3|nd,CRISP(raw) vs AutoCRISP(+backfill),0.1407,3.0483,3.0483,CRISP
synA3|nd,CRISP(raw) vs MICE(raw),0.0014,5.7982,7.9005,CRISP
synA3|nd,CRISP(raw) vs MICE(+closure),0.0328,5.7982,7.046,CRISP
synA3|nd,CRISP(raw) vs MICE(+backfill),0.04,5.7982,6.8345,CRISP
synA3|nd,CRISP(raw) vs KNN(raw),0.024,5.7982,7.1354,CRISP
synA3|nd,CRISP(raw) vs KNN(+closure),0.0328,5.7982,6.9218,CRISP
synA3|nd,CRISP(raw) vs KNN(+backfill),0.0583,5.7982,6.6995,CRISP
synA3|nd,CRISP(raw) vs mean(raw),0.0266,5.7982,7.1848,CRISP
synA3|nd,CRISP(raw) vs mean(+closure),0.0637,5.7982,6.6793,CRISP
synA3|nd,CRISP(raw) vs mean(+backfill),0.1893,5.7982,6.4459,CRISP
synA3|nd,CRISP(raw) vs SoftImpute(raw),0.0192,5.7982,7.4196,CRISP
synA3|nd,CRISP(raw) vs SoftImpute(+closure),0.0296,5.7982,7.048,CRISP
synA3|nd,CRISP(raw) vs SoftImpute(+backfill),0.04,5.7982,6.7972,CRISP
synA3|nd,CRISP(raw) vs LCRISP(raw),0.0,5.7982,8.8977,CRISP
synA3|nd,CRISP(raw) vs LCRISP(+closure),0.0,5.7982,8.8977,CRISP
synA3|nd,CRISP(raw) vs LCRISP(+backfill),0.0,5.7982,8.8977,CRISP
synA3|nd,CRISP(raw) vs AutoCRISP(raw),,5.7982,5.7982,AutoCRISP
synA3|nd,CRISP(raw) vs AutoCRISP(+closure),1.0,5.7982,5.7982,AutoCRISP
synA3|nd,CRISP(raw) vs AutoCRISP(+backfill),0.593,5.7982,5.7982,CRISP
synA3|nd,CRISP(raw) vs MICE(raw),0.0,1.4434,5.4172,CRISP
synA3|nd,CRISP(raw) vs MICE(+closure),0.0,1.4434,4.8004,CRISP
synA3|nd,CRISP(raw) vs MICE(+backfill),0.0001,1.4434,2.1604,CRISP
synA3|nd,CRISP(raw) vs KNN(raw),0.0,1.4434,4.6839,CRISP
synA3|nd,CRISP(raw) vs KNN(+closure),0.0,1.4434,4.51,CRISP
synA3|nd,CRISP(raw) vs KNN(+backfill),0.0027,1.4434,2.0881,CRISP
synA3|nd,CRISP(raw) vs mean(raw),0.0,1.4434,4.4233,CRISP
synA3|nd,CRISP(raw) vs mean(+closure),0.0,1.4434,4.2718,CRISP
synA3|nd,CRISP(raw) vs mean(+backfill),0.0014,1.4434,1.91,CRISP
synA3|nd,CRISP(raw) vs SoftImpute(raw),0.0,1.4434,4.7714,CRISP
synA3|nd,CRISP(raw) vs SoftImpute(+closure),0.0,1.4434,4.6299,CRISP
synA3|nd,CRISP(raw) vs SoftImpute(+backfill),0.0005,1.4434,2.0407,CRISP
synA3|nd,CRISP(raw) vs LCRISP(raw),0.0342,1.4434,1.8283,CRISP
synA3|nd,CRISP(raw) vs LCRISP(+closure),0.0176,1.4434,1.8283,CRISP
synA3|nd,CRISP(raw) vs LCRISP(+backfill),0.0083,1.4434,1.8283,CRISP
synA3|nd,CRISP(raw) vs AutoCRISP(raw),,1.4434,1.4434,AutoCRISP
synA3|nd,CRISP(raw) vs AutoCRISP(+closure),0.9686,1.4434,1.4434,CRISP
synA3|nd,CRISP(raw) vs AutoCRISP(+backfill),0.9652,1.4434,1.4434,CRISP
synA3|nd,CRISP(raw) vs MICE(raw),0.0,4.2831,5.8694,CRISP
synA3|nd,CRISP(raw) vs MICE(+closure),0.0083,4.2831,5.1866,CRISP
synA3|nd,CRISP(raw) vs MICE(+backfill),0.3683,4.2831,4.5278,CRISP
synA3|nd,CRISP(raw) vs KNN(raw),0.0759,4.2831,4.7532,CRISP
synA3|nd,CRISP(raw) vs KNN(+closure),0.2024,4.2831,4.6573,CRISP
synA3|nd,CRISP(raw) vs KNN(+backfill),0.2611,4.2831,4.043,KNN
synA3|nd,CRISP(raw) vs mean(raw),0.3488,4.2831,4.5947,CRISP
synA3|nd,CRISP(raw) vs mean(+closure),0.7562,4.2831,4.4006,CRISP
synA3|nd,CRISP(raw) vs mean(+backfill),0.0441,4.2831,3.782,mean
synA3|nd,CRISP(raw) vs SoftImpute(raw),0.0296,4.2831,4.9585,CRISP
synA3|nd,CRISP(raw) vs SoftImpute(+closure),0.0583,4.2831,4.8246,CRISP
synA3|nd,CRISP(raw) vs SoftImpute(+backfill),0.5958,4.2831,4.1925,SoftImpute
synA3|nd,CRISP(raw) vs LCRISP(raw),0.165,4.2831,4.7423,CRISP
synA3|nd,CRISP(raw) vs LCRISP(+closure),0.165,4.2831,4.7423,CRISP
synA3|nd,CRISP(raw) vs LCRISP(+backfill),0.165,4.2831,4.7423,CRISP
synA3|nd,CRISP(raw) vs AutoCRISP(raw),,4.2831,4.2831,AutoCRISP
synA3|nd,CRISP(raw) vs AutoCRISP(+closure),0.6604,4.2831,4.2831,AutoCRISP
synA3|nd,CRISP(raw) vs AutoCRISP(+backfill),0.3835,4.2831,4.2831,AutoCRISP
synA4|nd,CRISP(raw) vs MICE(raw),0.0,2.6314,5.835,CRISP
synA4|nd,CRISP(raw) vs MICE(+closure),0.0,2.6314,5.2578,CRISP
synA4|nd,CRISP(raw) vs MICE(+backfill),0.0,2.6314,3.7637,CRISP
synA4|nd,CRISP(raw) vs KNN(raw),0.0,2.6314,5.2125,CRISP
synA4|nd,CRISP(raw) vs KNN(+closure),0.0,2.6314,5.0697,CRISP
synA4|nd,CRISP(raw) vs KNN(+backfill),0.0,2.6314,3.588,CRISP
synA4|nd,CRISP(raw) vs mean(raw),0.0,2.6314,5.2949,CRISP
synA4|nd,CRISP(raw) vs mean(+closure),0.0,2.6314,5.1417,CRISP
synA4|nd,CRISP(raw) vs mean(+backfill),0.0,2.6314,3.6537,CRISP
synA4|nd,CRISP(raw) vs SoftImpute(raw),0.0,2.6314,5.395,CRISP
synA4|nd,CRISP(raw) vs SoftImpute(+closure),0.0,2.6314,5.2473,CRISP
synA4|nd,CRISP(raw) vs SoftImpute(+backfill),0.0,2.6314,3.7174,CRISP
synA4|nd,CRISP(raw) vs LCRISP(raw),0.0001,2.6314,3.6479,CRISP
synA4|nd,CRISP(raw) vs LCRISP(+closure),0.0001,2.6314,3.6479,CRISP
synA4|nd,CRISP(raw) vs LCRISP(+backfill),0.0001,2.6314,3.6479,CRISP
synA4|nd,CRISP(raw) vs AutoCRISP(raw),,2.6314,2.6314,AutoCRISP
synA4|nd,CRISP(raw) vs AutoCRISP(+closure),0.0977,2.6314,2.6314,AutoCRISP
synA4|nd,CRISP(raw) vs AutoCRISP(+backfill),0.1025,2.6314,2.6314,AutoCRISP
synA4|nd,CRISP(raw) vs MICE(raw),0.0002,4.6573,6.265,CRISP
synA4|nd,CRISP(raw) vs MICE(+closure),0.0037,4.6573,5.5821,CRISP
synA4|nd,CRISP(raw) vs MICE(+backfill),0.0042,4.6573,5.4835,CRISP
synA4|nd,CRISP(raw) vs KNN(raw),0.0064,4.6573,5.5912,CRISP
synA4|nd,CRISP(raw) vs KNN(+closure),0.0094,4.6573,5.4528,CRISP
synA4|nd,CRISP(raw) vs KNN(+backfill),0.0153,4.6573,5.3554,CRISP
synA4|nd,CRISP(raw) vs mean(raw),0.0042,4.6573,5.626,CRISP
synA4|nd,CRISP(raw) vs mean(+closure),0.0215,4.6573,5.3177,CRISP
synA4|nd,CRISP(raw) vs mean(+backfill),0.0759,4.6573,5.2165,CRISP
synA4|nd,CRISP(raw) vs SoftImpute(raw),0.0027,4.6573,5.7064,CRISP
synA4|nd,CRISP(raw) vs SoftImpute(+closure),0.0064,4.6573,5.4536,CRISP
synA4|nd,CRISP(raw) vs SoftImpute(+backfill),0.0153,4.6573,5.3464,CRISP
synA4|nd,CRISP(raw) vs LCRISP(raw),0.0,4.6573,7.0192,CRISP
synA4|nd,CRISP(raw) vs LCRISP(+closure),0.0,4.6573,7.0192,CRISP
synA4|nd,CRISP(raw) vs LCRISP(+backfill),0.0,4.6573,7.0192,CRISP
synA4|nd,CRISP(raw) vs AutoCRISP(raw),,4.6573,4.6573,AutoCRISP
synA4|nd,CRISP(raw) vs AutoCRISP(+closure),0.167,4.6573,4.6573,AutoCRISP
synA4|nd,CRISP(raw) vs AutoCRISP(+backfill),0.3346,4.6573,4.6573,AutoCRISP
synA4|nd,CRISP(raw) vs MICE(raw),0.0,3.1379,6.4385,CRISP
synA4|nd,CRISP(raw) vs MICE(+closure),0.0,3.1379,5.7586,CRISP
synA4|nd,CRISP(raw) vs MICE(+backfill),0.0,3.1379,4.2752,CRISP
synA4|nd,CRISP(raw) vs KNN(raw),0.0,3.1379,5.6952,CRISP
synA4|nd,CRISP(raw) vs KNN(+closure),0.0,3.1379,5.5306,CRISP
synA4|nd,CRISP(raw) vs KNN(+backfill),0.0,3.1379,4.0981,CRISP
synA4|nd,CRISP(raw) vs mean(raw),0.0,3.1379,5.7971,CRISP
synA4|nd,CRISP(raw) vs mean(+closure),0.0,3.1379,5.6005,CRISP
synA4|nd,CRISP(raw) vs mean(+backfill),0.0,3.1379,4.1148,CRISP
synA4|nd,CRISP(raw) vs SoftImpute(raw),0.0,3.1379,5.8297,CRISP
synA4|nd,CRISP(raw) vs SoftImpute(+closure),0.0,3.1379,5.6443,CRISP
synA4|nd,CRISP(raw) vs SoftImpute(+backfill),0.0,3.1379,4.1409,CRISP
synA4|nd,CRISP(raw) vs LCRISP(raw),0.0,3.1379,4.583,CRISP
synA4|nd,CRISP(raw) vs LCRISP(+closure),0.0,3.1379,4.583,CRISP
synA4|nd,CRISP(raw) vs LCRISP(+backfill),0.0,3.1379,4.583,CRISP
synA4|nd,CRISP(raw) vs AutoCRISP(raw),,3.1379,3.1379,AutoCRISP
synA4|nd,CRISP(raw) vs AutoCRISP(+closure),0.3968,3.1379,3.1379,AutoCRISP
synA4|nd,CRISP(raw) vs AutoCRISP(+backfill),0.0498,3.1379,3.1379,CRISP
synA4|nd,CRISP(raw) vs MICE(raw),0.0003,4.9535,6.5558,CRISP
synA4|nd,CRISP(raw) vs MICE(+closure),0.0094,4.9535,5.8781,CRISP
synA4|nd,CRISP(raw) vs MICE(+backfill),0.024,4.9535,5.7757,CRISP
synA4|nd,CRISP(raw) vs KNN(raw),0.0056,4.9535,5.8917,CRISP
synA4|nd,CRISP(raw) vs KNN(+closure),0.0136,4.9535,5.6808,CRISP
synA4|nd,CRISP(raw) vs KNN(+backfill),0.0696,4.9535,5.5689,CRISP
synA4|nd,CRISP(raw) vs mean(raw),0.0049,4.9535,5.9315,CRISP
synA4|nd,CRISP(raw) vs mean(+closure),0.0759,4.9535,5.5729,CRISP
synA4|nd,CRISP(raw) vs mean(+backfill),0.3884,4.9535,5.4631,CRISP
synA4|nd,CRISP(raw) vs SoftImpute(raw),0.0037,4.9535,6.0263,CRISP
synA4|nd,CRISP(raw) vs SoftImpute(+closure),0.0192,4.9535,5.72,CRISP
synA4|nd,CRISP(raw) vs SoftImpute(+backfill),0.0973,4.9535,5.5944,CRISP
synA4|nd,CRISP(raw) vs LCRISP(raw),0.0001,4.9535,7.5902,CRISP
synA4|nd,CRISP(raw) vs LCRISP(+closure),0.0001,4.9535,7.5902,CRISP
synA4|nd,CRISP(raw) vs LCRISP(+backfill),0.0001,4.9535,7.5902,CRISP
synA4|nd,CRISP(raw) vs AutoCRISP(raw),,4.9535,4.9535,AutoCRISP
synA4|nd,CRISP(raw) vs AutoCRISP(+closure),0.8907,4.9535,4.9535,AutoCRISP
synA4|nd,CRISP(raw) vs AutoCRISP(+backfill),0.5637,4.9535,4.9535,AutoCRISP
synA4|nd,CRISP(raw) vs MICE(raw),0.0,1.8557,4.6559,CRISP
synA4|nd,CRISP(raw) vs MICE(+closure),0.0,1.8557,4.0521,CRISP
synA4|nd,CRISP(raw) vs MICE(+backfill),0.0,1.8557,2.5969,CRISP
synA4|nd,CRISP(raw) vs KNN(raw),0.0,1.8557,3.8304,CRISP
synA4|nd,CRISP(raw) vs KNN(+closure),0.0,1.8557,3.7191,CRISP
synA4|nd,CRISP(raw) vs KNN(+backfill),0.0007,1.8557,2.3388,CRISP
synA4|nd,CRISP(raw) vs mean(raw),0.0,1.8557,3.7382,CRISP
synA4|nd,CRISP(raw) vs mean(+closure),0.0,1.8557,3.6419,CRISP
synA4|nd,CRISP(raw) vs mean(+backfill),0.0005,1.8557,2.371,CRISP
synA4|nd,CRISP(raw) vs SoftImpute(raw),0.0,1.8557,3.8914,CRISP
synA4|nd,CRISP(raw) vs SoftImpute(+closure),0.0,1.8557,3.7926,CRISP
synA4|nd,CRISP(raw) vs SoftImpute(+backfill),0.0001,1.8557,2.4246,CRISP
synA4|nd,CRISP(raw) vs LCRISP(raw),0.0637,1.8557,2.3142,CRISP
synA4|nd,CRISP(raw) vs LCRISP(+closure),0.0637,1.8557,2.3142,CRISP
synA4|nd,CRISP(raw) vs LCRISP(+backfill),0.0637,1.8557,2.3142,CRISP
synA4|nd,CRISP(raw) vs AutoCRISP(raw),,1.8557,1.8557,AutoCRISP
synA4|nd,CRISP(raw) vs AutoCRISP(+closure),0.1808,1.8557,1.8557,CRISP
synA4|nd,CRISP(raw) vs AutoCRISP(+backfill),0.0826,1.8557,1.8557,CRISP
synA4|nd,CRISP(raw) vs MICE(raw),0.0083,4.1584,4.7487,CRISP
synA4|nd,CRISP(raw) vs MICE(+closure),0.5459,4.1584,4.0102,MICE
synA4|nd,CRISP(raw) vs MICE(+backfill),0.04,4.1584,3.7656,MICE
synA4|nd,CRISP(raw) vs KNN(raw),0.1231,4.1584,3.8586,KNN
synA4|nd,CRISP(raw) vs KNN(+closure),0.0759,4.1584,3.7926,KNN
synA4|nd,CRISP(raw) vs KNN(+backfill),0.002,4.1584,3.5556,KNN
synA4|nd,CRISP(raw) vs mean(raw),0.0696,4.1584,3.7912,mean
synA4|nd,CRISP(raw) vs mean(+closure),0.0073,4.1584,3.6396,mean
synA4|nd,CRISP(raw) vs mean(+backfill),0.0003,4.1584,3.4179,mean
synA4|nd,CRISP(raw) vs SoftImpute(raw),0.2162,4.1584,3.9054,SoftImpute
synA4|nd,CRISP(raw) vs SoftImpute(+closure),0.0328,4.1584,3.7665,SoftImpute
synA4|nd,CRISP(raw) vs SoftImpute(+backfill),0.0006,4.1584,3.5269,SoftImpute
synA4|nd,CRISP(raw) vs LCRISP(raw),0.0441,4.1584,4.6646,CRISP
synA4|nd,CRISP(raw) vs LCRISP(+closure),0.0441,4.1584,4.6646,CRISP
synA4|nd,CRISP(raw) vs LCRISP(+backfill),0.0441,4.1584,4.6646,CRISP
synA4|nd,CRISP(raw) vs AutoCRISP(raw),,4.1584,4.1584,AutoCRISP
synA4|nd,CRISP(raw) vs AutoCRISP(+closure),0.1381,4.1584,4.1584,AutoCRISP
synA4|nd,CRISP(raw) vs AutoCRISP(+backfill),0.9489,4.1584,4.1584,AutoCRISP
cement|realnd,CRISP(raw) vs MICE(raw),0.0,0.0,1.807,CRISP
cement|realnd,CRISP(raw) vs MICE(+closure),0.0,0.0,1.3815,CRISP
cement|realnd,CRISP(raw) vs MICE(+backfill),,0.0,0.0,MICE
cement|realnd,CRISP(raw) vs KNN(raw),0.0,0.0,1.4353,CRISP
cement|realnd,CRISP(raw) vs KNN(+closure),0.0,0.0,1.0855,CRISP
cement|realnd,CRISP(raw) vs KNN(+backfill),,0.0,0.0,KNN
cement|realnd,CRISP(raw) vs mean(raw),0.0,0.0,1.4353,CRISP
cement|realnd,CRISP(raw) vs mean(+closure),0.0,0.0,1.0855,CRISP
cement|realnd,CRISP(raw) vs mean(+backfill),,0.0,0.0,mean
cement|realnd,CRISP(raw) vs SoftImpute(raw),0.0,0.0,1.365,CRISP
cement|realnd,CRISP(raw) vs SoftImpute(+closure),0.0,0.0,1.102,CRISP
cement|realnd,CRISP(raw) vs SoftImpute(+backfill),,0.0,0.0,SoftImpute
cement|realnd,CRISP(raw) vs LCRISP(raw),,0.0,0.0,LCRISP
cement|realnd,CRISP(raw) vs LCRISP(+closure),1.0,0.0,0.0,CRISP
cement|realnd,CRISP(raw) vs LCRISP(+backfill),,0.0,0.0,LCRISP
cement|realnd,CRISP(raw) vs AutoCRISP(raw),,0.0,0.0,AutoCRISP
cement|realnd,CRISP(raw) vs AutoCRISP(+closure),1.0,0.0,0.0,CRISP
cement|realnd,CRISP(raw) vs AutoCRISP(+backfill),,0.0,0.0,AutoCRISP
ge|realnd,CRISP(raw) vs MICE(raw),0.0,0.0,10.2722,CRISP
ge|realnd,CRISP(raw) vs MICE(+closure),0.0,0.0,9.0441,CRISP
ge|realnd,CRISP(raw) vs MICE(+backfill),,0.0,0.0,MICE
ge|realnd,CRISP(raw) vs KNN(raw),0.0001,0.0,10.2366,CRISP
ge|realnd,CRISP(raw) vs KNN(+closure),0.0,0.0,8.9245,CRISP
ge|realnd,CRISP(raw) vs KNN(+backfill),,0.0,0.0,KNN
ge|realnd,CRISP(raw) vs mean(raw),0.0,0.0,9.7326,CRISP
ge|realnd,CRISP(raw) vs mean(+closure),0.0,0.0,8.3936,CRISP
ge|realnd,CRISP(raw) vs mean(+backfill),,0.0,0.0,mean
ge|realnd,CRISP(raw) vs SoftImpute(raw),0.0,0.0,8.9065,CRISP
ge|realnd,CRISP(raw) vs SoftImpute(+closure),0.0,0.0,7.905,CRISP
ge|realnd,CRISP(raw) vs SoftImpute(+backfill),,0.0,0.0,SoftImpute
ge|realnd,CRISP(raw) vs LCRISP(raw),,0.0,0.0,LCRISP
ge|realnd,CRISP(raw) vs LCRISP(+closure),,0.0,0.0,LCRISP
ge|realnd,CRISP(raw) vs LCRISP(+backfill),,0.0,0.0,LCRISP
ge|realnd,CRISP(raw) vs AutoCRISP(raw),,0.0,0.0,AutoCRISP
ge|realnd,CRISP(raw) vs AutoCRISP(+closure),,0.0,0.0,AutoCRISP
ge|realnd,CRISP(raw) vs AutoCRISP(+backfill),,0.0,0.0,AutoCRISP
glass|realnd,CRISP(raw) vs MICE(raw),0.0,0.0,0.1357,CRISP
glass|realnd,CRISP(raw) vs MICE(+closure),0.0,0.0,0.0924,CRISP
glass|realnd,CRISP(raw) vs MICE(+backfill),0.6245,0.0,0.0,CRISP
glass|realnd,CRISP(raw) vs KNN(raw),0.0,0.0,0.1498,CRISP
glass|realnd,CRISP(raw) vs KNN(+closure),0.0,0.0,0.0863,CRISP
glass|realnd,CRISP(raw) vs KNN(+backfill),0.6245,0.0,0.0,CRISP
glass|realnd,CRISP(raw) vs mean(raw),0.0,0.0,0.1498,CRISP
glass|realnd,CRISP(raw) vs mean(+closure),0.0,0.0,0.0863,CRISP
glass|realnd,CRISP(raw) vs mean(+backfill),0.6245,0.0,0.0,CRISP
glass|realnd,CRISP(raw) vs SoftImpute(raw),0.0,0.0,0.1227,CRISP
glass|realnd,CRISP(raw) vs SoftImpute(+closure),0.0,0.0,0.0877,CRISP
glass|realnd,CRISP(raw) vs SoftImpute(+backfill),0.6245,0.0,0.0,CRISP
glass|realnd,CRISP(raw) vs LCRISP(raw),,0.0,0.0,LCRISP
glass|realnd,CRISP(raw) vs LCRISP(+closure),0.3441,0.0,0.0,LCRISP
glass|realnd,CRISP(raw) vs LCRISP(+backfill),0.6245,0.0,0.0,CRISP
glass|realnd,CRISP(raw) vs AutoCRISP(raw),,0.0,0.0,AutoCRISP
glass|realnd,CRISP(raw) vs AutoCRISP(+closure),0.3441,0.0,0.0,AutoCRISP
glass|realnd,CRISP(raw) vs AutoCRISP(+backfill),0.6245,0.0,0.0,CRISP
steel|realnd,CRISP(raw) vs MICE(raw),0.0073,3.6946,5.711,CRISP
steel|realnd,CRISP(raw) vs MICE(+closure),0.0826,3.6946,4.8463,CRISP
steel|realnd,CRISP(raw) vs MICE(+backfill),0.3884,3.6946,3.1117,MICE
steel|realnd,CRISP(raw) vs KNN(raw),0.0,3.6946,9.028,CRISP
steel|realnd,CRISP(raw) vs KNN(+closure),0.0001,3.6946,7.2048,CRISP
steel|realnd,CRISP(raw) vs KNN(+backfill),0.4304,3.6946,2.8693,KNN
steel|realnd,CRISP(raw) vs mean(raw),0.0,3.6946,10.5725,CRISP
steel|realnd,CRISP(raw) vs mean(+closure),0.0001,3.6946,7.836,CRISP
steel|realnd,CRISP(raw) vs mean(+backfill),0.498,3.6946,2.769,mean
steel|realnd,CRISP(raw) vs SoftImpute(raw),0.0014,3.6946,6.5834,CRISP
steel|realnd,CRISP(raw) vs SoftImpute(+closure),0.0121,3.6946,5.6639,CRISP
steel|realnd,CRISP(raw) vs SoftImpute(+backfill),0.1429,3.6946,2.4115,SoftImpute
steel|realnd,CRISP(raw) vs LCRISP(raw),0.5706,3.6946,2.8122,LCRISP
steel|realnd,CRISP(raw) vs LCRISP(+closure),0.5706,3.6946,2.8122,LCRISP
steel|realnd,CRISP(raw) vs LCRISP(+backfill),0.5706,3.6946,2.8122,LCRISP
steel|realnd,CRISP(raw) vs AutoCRISP(raw),0.5076,3.6946,2.9215,AutoCRISP
steel|realnd,CRISP(raw) vs AutoCRISP(+closure),0.8203,3.6946,2.9215,AutoCRISP
steel|realnd,CRISP(raw) vs AutoCRISP(+backfill),0.6725,3.6946,2.9215,AutoCRISP
cement_MCAR_20|realhr,CRISP(raw) vs MICE(raw),0.0073,1.5985,3.1432,CRISP
cement_MCAR_20|realhr,CRISP(raw) vs MICE(+closure),0.0328,1.5985,2.483,CRISP
cement_MCAR_20|realhr,CRISP(raw) vs MICE(+backfill),0.5701,1.5985,1.3473,MICE
cement_MCAR_20|realhr,CRISP(raw) vs KNN(raw),0.0121,1.5985,2.6653,CRISP
cement_MCAR_20|realhr,CRISP(raw) vs KNN(+closure),0.0696,1.5985,2.151,CRISP
cement_MCAR_20|realhr,CRISP(raw) vs KNN(+backfill),0.0995,1.5985,1.182,KNN
cement_MCAR_20|realhr,CRISP(raw) vs mean(raw),0.0121,1.5985,2.6653,CRISP
cement_MCAR_20|realhr,CRISP(raw) vs mean(+closure),0.0696,1.5985,2.151,CRISP
cement_MCAR_20|realhr,CRISP(raw) vs mean(+backfill),0.0995,1.5985,1.182,mean
cement_MCAR_20|realhr,CRISP(raw) vs SoftImpute(raw),0.0583,1.5985,2.4538,CRISP
cement_MCAR_20|realhr,CRISP(raw) vs SoftImpute(+closure),0.2162,1.5985,1.9932,CRISP
cement_MCAR_20|realhr,CRISP(raw) vs SoftImpute(+backfill),0.0468,1.5985,1.1016,SoftImpute
cement_MCAR_20|realhr,CRISP(raw) vs LCRISP(raw),0.173,1.5985,1.5839,LCRISP
cement_MCAR_20|realhr,CRISP(raw) vs LCRISP(+closure),0.173,1.5985,1.5839,LCRISP
cement_MCAR_20|realhr,CRISP(raw) vs LCRISP(+backfill),0.173,1.5985,1.5839,LCRISP
cement_MCAR_20|realhr,CRISP(raw) vs AutoCRISP(raw),0.3173,1.5985,1.5985,AutoCRISP
cement_MCAR_20|realhr,CRISP(raw) vs AutoCRISP(+closure),0.6547,1.5985,1.5985,AutoCRISP
cement_MCAR_20|realhr,CRISP(raw) vs AutoCRISP(+backfill),0.6547,1.5985,1.5985,AutoCRISP
cement_MCAR_40|realhr,CRISP(raw) vs MICE(raw),0.0826,2.755,3.4721,CRISP
cement_MCAR_40|realhr,CRISP(raw) vs MICE(+closure),0.6742,2.755,2.9857,CRISP
cement_MCAR_40|realhr,CRISP(raw) vs MICE(+backfill),0.1769,2.755,2.4758,MICE
cement_MCAR_40|realhr,CRISP(raw) vs KNN(raw),0.114,2.755,3.172,CRISP
cement_MCAR_40|realhr,CRISP(raw) vs KNN(+closure),0.5958,2.755,2.8088,CRISP
cement_MCAR_40|realhr,CRISP(raw) vs KNN(+backfill),0.1054,2.755,2.4828,KNN
cement_MCAR_40|realhr,CRISP(raw) vs mean(raw),0.114,2.755,3.172,CRISP
cement_MCAR_40|realhr,CRISP(raw) vs mean(+closure),0.5958,2.755,2.8088,CRISP
cement_MCAR_40|realhr,CRISP(raw) vs mean(+backfill),0.1054,2.755,2.4828,mean
cement_MCAR_40|realhr,CRISP(raw) vs SoftImpute(raw),0.0973,2.755,3.1843,CRISP
cement_MCAR_40|realhr,CRISP(raw) vs SoftImpute(+closure),0.5706,2.755,2.8257,CRISP
cement_MCAR_40|realhr,CRISP(raw) vs SoftImpute(+backfill),0.114,2.755,2.4857,SoftImpute
cement_MCAR_40|realhr,CRISP(raw) vs LCRISP(raw),0.0386,2.755,2.7943,CRISP
cement_MCAR_40|realhr,CRISP(raw) vs LCRISP(+closure),0.0386,2.755,2.7943,CRISP
cement_MCAR_40|realhr,CRISP(raw) vs LCRISP(+backfill),0.0386,2.755,2.7943,CRISP
cement_MCAR_40|realhr,CRISP(raw) vs AutoCRISP(raw),,2.755,2.755,AutoCRISP
cement_MCAR_40|realhr,CRISP(raw) vs AutoCRISP(+closure),0.3173,2.755,2.755,AutoCRISP
cement_MCAR_40|realhr,CRISP(raw) vs AutoCRISP(+backfill),1.0,2.755,2.755,AutoCRISP
cement_MNAR_20|realhr,CRISP(raw) vs MICE(raw),0.0004,0.4903,2.5415,CRISP
cement_MNAR_20|realhr,CRISP(raw) vs MICE(+closure),0.0004,0.4903,2.0137,CRISP
cement_MNAR_20|realhr,CRISP(raw) vs MICE(+backfill),0.2249,0.4903,0.644,CRISP
cement_MNAR_20|realhr,CRISP(raw) vs KNN(raw),0.0026,0.4903,2.5998,CRISP
cement_MNAR_20|realhr,CRISP(raw) vs KNN(+closure),0.0012,0.4903,2.0005,CRISP
cement_MNAR_20|realhr,CRISP(raw) vs KNN(+backfill),0.8927,0.4903,0.47,KNN
cement_MNAR_20|realhr,CRISP(raw) vs mean(raw),0.0026,0.4903,2.5998,CRISP
cement_MNAR_20|realhr,CRISP(raw) vs mean(+closure),0.0012,0.4903,2.0005,CRISP
cement_MNAR_20|realhr,CRISP(raw) vs mean(+backfill),0.8927,0.4903,0.47,mean
cement_MNAR_20|realhr,CRISP(raw) vs SoftImpute(raw),0.0012,0.4903,2.5083,CRISP
cement_MNAR_20|realhr,CRISP(raw) vs SoftImpute(+closure),0.0012,0.4903,1.9639,CRISP
cement_MNAR_20|realhr,CRISP(raw) vs SoftImpute(+backfill),0.6858,0.4903,0.453,SoftImpute
cement_MNAR_20|realhr,CRISP(raw) vs LCRISP(raw),0.1797,0.4903,0.4885,LCRISP
cement_MNAR_20|realhr,CRISP(raw) vs LCRISP(+closure),0.1088,0.4903,0.4885,LCRISP
cement_MNAR_20|realhr,CRISP(raw) vs LCRISP(+backfill),0.1797,0.4903,0.4885,LCRISP
cement_MNAR_20|realhr,CRISP(raw) vs AutoCRISP(raw),,0.4903,0.4903,AutoCRISP
cement_MNAR_20|realhr,CRISP(raw) vs AutoCRISP(+closure),0.3173,0.4903,0.4903,AutoCRISP
cement_MNAR_20|realhr,CRISP(raw) vs AutoCRISP(+backfill),,0.4903,0.4903,AutoCRISP
cement_MNAR_40|realhr,CRISP(raw) vs MICE(raw),0.0003,0.5896,2.3523,CRISP
cement_MNAR_40|realhr,CRISP(raw) vs MICE(+closure),0.0006,0.5896,1.8404,CRISP
cement_MNAR_40|realhr,CRISP(raw) vs MICE(+backfill),0.4446,0.5896,0.8057,CRISP
cement_MNAR_40|realhr,CRISP(raw) vs KNN(raw),0.0002,0.5896,2.4367,CRISP
cement_MNAR_40|realhr,CRISP(raw) vs KNN(+closure),0.0002,0.5896,1.9378,CRISP
cement_MNAR_40|realhr,CRISP(raw) vs KNN(+backfill),0.9594,0.5896,0.6038,CRISP
cement_MNAR_40|realhr,CRISP(raw) vs mean(raw),0.0002,0.5896,2.4367,CRISP
cement_MNAR_40|realhr,CRISP(raw) vs mean(+closure),0.0002,0.5896,1.9378,CRISP
cement_MNAR_40|realhr,CRISP(raw) vs mean(+backfill),0.9594,0.5896,0.6038,CRISP
cement_MNAR_40|realhr,CRISP(raw) vs SoftImpute(raw),0.0002,0.5896,2.2307,CRISP
cement_MNAR_40|realhr,CRISP(raw) vs SoftImpute(+closure),0.0008,0.5896,1.7892,CRISP
cement_MNAR_40|realhr,CRISP(raw) vs SoftImpute(+backfill),0.6465,0.5896,0.5627,SoftImpute
cement_MNAR_40|realhr,CRISP(raw) vs LCRISP(raw),0.2367,0.5896,0.5859,LCRISP
cement_MNAR_40|realhr,CRISP(raw) vs LCRISP(+closure),0.2076,0.5896,0.5859,LCRISP
cement_MNAR_40|realhr,CRISP(raw) vs LCRISP(+backfill),0.2367,0.5896,0.5859,LCRISP
cement_MNAR_40|realhr,CRISP(raw) vs AutoCRISP(raw),,0.5896,0.5896,AutoCRISP
cement_MNAR_40|realhr,CRISP(raw) vs AutoCRISP(+closure),0.1797,0.5896,0.5896,AutoCRISP
cement_MNAR_40|realhr,CRISP(raw) vs AutoCRISP(+backfill),0.3173,0.5896,0.5896,AutoCRISP
ge_MCAR_20|realhr,CRISP(raw) vs MICE(raw),0.0005,8.2064,13.8151,CRISP
ge_MCAR_20|realhr,CRISP(raw) vs MICE(+closure),0.0024,8.2064,12.6859,CRISP
ge_MCAR_20|realhr,CRISP(raw) vs MICE(+backfill),0.4703,8.2064,7.3874,MICE
ge_MCAR_20|realhr,CRISP(raw) vs KNN(raw),0.0124,8.2064,13.3178,CRISP
ge_MCAR_20|realhr,CRISP(raw) vs KNN(+closure),0.1336,8.2064,11.2725,CRISP
ge_MCAR_20|realhr,CRISP(raw) vs KNN(+backfill),0.0157,8.2064,5.4325,KNN
ge_MCAR_20|realhr,CRISP(raw) vs mean(raw),0.0124,8.2064,13.3178,CRISP
ge_MCAR_20|realhr,CRISP(raw) vs mean(+closure),0.1336,8.2064,11.2725,CRISP
ge_MCAR_20|realhr,CRISP(raw) vs mean(+backfill),0.0157,8.2064,5.4325,mean
ge_MCAR_20|realhr,CRISP(raw) vs SoftImpute(raw),0.016,8.2064,12.6341,CRISP
ge_MCAR_20|realhr,CRISP(raw) vs SoftImpute(+closure),0.1134,8.2064,11.0784,CRISP
ge_MCAR_20|realhr,CRISP(raw) vs SoftImpute(+backfill),0.0219,8.2064,5.8099,SoftImpute
ge_MCAR_20|realhr,CRISP(raw) vs LCRISP(raw),0.6465,8.2064,7.8915,LCRISP
ge_MCAR_20|realhr,CRISP(raw) vs LCRISP(+closure),0.6465,8.2064,7.8915,LCRISP
ge_MCAR_20|realhr,CRISP(raw) vs LCRISP(+backfill),0.6465,8.2064,7.8915,LCRISP
ge_MCAR_20|realhr,CRISP(raw) vs AutoCRISP(raw),0.1159,8.2064,8.6912,CRISP
ge_MCAR_20|realhr,CRISP(raw) vs AutoCRISP(+closure),0.1159,8.2064,8.6912,CRISP
ge_MCAR_20|realhr,CRISP(raw) vs AutoCRISP(+backfill),0.1159,8.2064,8.6912,CRISP
ge_MCAR_40|realhr,CRISP(raw) vs MICE(raw),0.0172,13.4319,17.725,CRISP
ge_MCAR_40|realhr,CRISP(raw) vs MICE(+closure),0.0362,13.4319,16.2061,CRISP
ge_MCAR_40|realhr,CRISP(raw) vs MICE(+backfill),0.2611,13.4319,12.5054,MICE
ge_MCAR_40|realhr,CRISP(raw) vs KNN(raw),0.4091,13.4319,16.0399,CRISP
ge_MCAR_40|realhr,CRISP(raw) vs KNN(+closure),0.6742,13.4319,13.3275,KNN
ge_MCAR_40|realhr,CRISP(raw) vs KNN(+backfill),0.0056,13.4319,9.2662,KNN
ge_MCAR_40|realhr,CRISP(raw) vs mean(raw),0.4091,13.4319,16.0399,CRISP
ge_MCAR_40|realhr,CRISP(raw) vs mean(+closure),0.6742,13.4319,13.3275,mean
ge_MCAR_40|realhr,CRISP(raw) vs mean(+backfill),0.0056,13.4319,9.2662,mean
ge_MCAR_40|realhr,CRISP(raw) vs SoftImpute(raw),0.4304,13.4319,15.894,CRISP
ge_MCAR_40|realhr,CRISP(raw) vs SoftImpute(+closure),0.7841,13.4319,13.8847,CRISP
ge_MCAR_40|realhr,CRISP(raw) vs SoftImpute(+backfill),0.0121,13.4319,9.9341,SoftImpute
ge_MCAR_40|realhr,CRISP(raw) vs LCRISP(raw),0.0025,13.4319,10.8748,LCRISP
ge_MCAR_40|realhr,CRISP(raw) vs LCRISP(+closure),0.0025,13.4319,10.8748,LCRISP
ge_MCAR_40|realhr,CRISP(raw) vs LCRISP(+backfill),0.0025,13.4319,10.8748,LCRISP
ge_MCAR_40|realhr,CRISP(raw) vs AutoCRISP(raw),0.006,13.4319,11.6772,AutoCRISP
ge_MCAR_40|realhr,CRISP(raw) vs AutoCRISP(+closure),0.0063,13.4319,11.6772,AutoCRISP
ge_MCAR_40|realhr,CRISP(raw) vs AutoCRISP(+backfill),0.0046,13.4319,11.6772,AutoCRISP
ge_MNAR_20|realhr,CRISP(raw) vs MICE(raw),0.0023,2.9422,12.7727,CRISP
ge_MNAR_20|realhr,CRISP(raw) vs MICE(+closure),0.004,2.9422,11.526,CRISP
ge_MNAR_20|realhr,CRISP(raw) vs MICE(+backfill),0.715,2.9422,3.363,CRISP
ge_MNAR_20|realhr,CRISP(raw) vs KNN(raw),0.0203,2.9422,10.5112,CRISP
ge_MNAR_20|realhr,CRISP(raw) vs KNN(+closure),0.0295,2.9422,9.3322,CRISP
ge_MNAR_20|realhr,CRISP(raw) vs KNN(+backfill),0.715,2.9422,2.5586,KNN
ge_MNAR_20|realhr,CRISP(raw) vs mean(raw),0.0203,2.9422,10.5112,CRISP
ge_MNAR_20|realhr,CRISP(raw) vs mean(+closure),0.0295,2.9422,9.3322,CRISP
ge_MNAR_20|realhr,CRISP(raw) vs mean(+backfill),0.715,2.9422,2.5586,mean
ge_MNAR_20|realhr,CRISP(raw) vs SoftImpute(raw),0.0245,2.9422,10.1073,CRISP
ge_MNAR_20|realhr,CRISP(raw) vs SoftImpute(+closure),0.0353,2.9422,9.1965,CRISP
ge_MNAR_20|realhr,CRISP(raw) vs SoftImpute(+backfill),0.4652,2.9422,2.5109,SoftImpute
ge_MNAR_20|realhr,CRISP(raw) vs LCRISP(raw),,2.9422,2.9422,LCRISP
ge_MNAR_20|realhr,CRISP(raw) vs LCRISP(+closure),,2.9422,2.9422,LCRISP
ge_MNAR_20|realhr,CRISP(raw) vs LCRISP(+backfill),,2.9422,2.9422,LCRISP
ge_MNAR_20|realhr,CRISP(raw) vs AutoCRISP(raw),,2.9422,2.9422,AutoCRISP
ge_MNAR_20|realhr,CRISP(raw) vs AutoCRISP(+closure),,2.9422,2.9422,AutoCRISP
ge_MNAR_20|realhr,CRISP(raw) vs AutoCRISP(+backfill),,2.9422,2.9422,AutoCRISP
ge_MNAR_40|realhr,CRISP(raw) vs MICE(raw),0.0014,2.9699,13.3051,CRISP
ge_MNAR_40|realhr,CRISP(raw) vs MICE(+closure),0.002,2.9699,12.1368,CRISP
ge_MNAR_40|realhr,CRISP(raw) vs MICE(+backfill),0.6744,2.9699,3.2281,CRISP
ge_MNAR_40|realhr,CRISP(raw) vs KNN(raw),0.0024,2.9699,11.9052,CRISP
ge_MNAR_40|realhr,CRISP(raw) vs KNN(+closure),0.0046,2.9699,10.2981,CRISP
ge_MNAR_40|realhr,CRISP(raw) vs KNN(+backfill),0.7794,2.9699,2.2571,KNN
ge_MNAR_40|realhr,CRISP(raw) vs mean(raw),0.0024,2.9699,11.9052,CRISP
ge_MNAR_40|realhr,CRISP(raw) vs mean(+closure),0.0046,2.9699,10.2981,CRISP
ge_MNAR_40|realhr,CRISP(raw) vs mean(+backfill),0.7794,2.9699,2.2571,mean
ge_MNAR_40|realhr,CRISP(raw) vs SoftImpute(raw),0.0033,2.9699,11.5546,CRISP
ge_MNAR_40|realhr,CRISP(raw) vs SoftImpute(+closure),0.0053,2.9699,10.4091,CRISP
ge_MNAR_40|realhr,CRISP(raw) vs SoftImpute(+backfill),0.8886,2.9699,2.2605,SoftImpute
ge_MNAR_40|realhr,CRISP(raw) vs LCRISP(raw),,2.9699,2.9699,LCRISP
ge_MNAR_40|realhr,CRISP(raw) vs LCRISP(+closure),,2.9699,2.9699,LCRISP
ge_MNAR_40|realhr,CRISP(raw) vs LCRISP(+backfill),,2.9699,2.9699,LCRISP
ge_MNAR_40|realhr,CRISP(raw) vs AutoCRISP(raw),,2.9699,2.9699,AutoCRISP
ge_MNAR_40|realhr,CRISP(raw) vs AutoCRISP(+closure),,2.9699,2.9699,AutoCRISP
ge_MNAR_40|realhr,CRISP(raw) vs AutoCRISP(+backfill),,2.9699,2.9699,AutoCRISP
glass_MCAR_20|realhr,CRISP(raw) vs MICE(raw),0.0,0.0826,0.2503,CRISP
glass_MCAR_20|realhr,CRISP(raw) vs MICE(+closure),0.0,0.0826,0.1989,CRISP
glass_MCAR_20|realhr,CRISP(raw) vs MICE(+backfill),0.0249,0.0826,0.1187,CRISP
glass_MCAR_20|realhr,CRISP(raw) vs KNN(raw),0.0,0.0826,0.2385,CRISP
glass_MCAR_20|realhr,CRISP(raw) vs KNN(+closure),0.0001,0.0826,0.1708,CRISP
glass_MCAR_20|realhr,CRISP(raw) vs KNN(+backfill),0.3958,0.0826,0.0971,CRISP
glass_MCAR_20|realhr,CRISP(raw) vs mean(raw),0.0,0.0826,0.2385,CRISP
glass_MCAR_20|realhr,CRISP(raw) vs mean(+closure),0.0001,0.0826,0.1708,CRISP
glass_MCAR_20|realhr,CRISP(raw) vs mean(+backfill),0.3958,0.0826,0.0971,CRISP
glass_MCAR_20|realhr,CRISP(raw) vs SoftImpute(raw),0.0,0.0826,0.231,CRISP
glass_MCAR_20|realhr,CRISP(raw) vs SoftImpute(+closure),0.0,0.0826,0.1739,CRISP
glass_MCAR_20|realhr,CRISP(raw) vs SoftImpute(+backfill),0.133,0.0826,0.0967,CRISP
glass_MCAR_20|realhr,CRISP(raw) vs LCRISP(raw),0.6791,0.0826,0.0832,CRISP
glass_MCAR_20|realhr,CRISP(raw) vs LCRISP(+closure),0.6791,0.0826,0.0832,CRISP
glass_MCAR_20|realhr,CRISP(raw) vs LCRISP(+backfill),0.6791,0.0826,0.0832,CRISP
glass_MCAR_20|realhr,CRISP(raw) vs AutoCRISP(raw),0.6744,0.0826,0.0831,CRISP
glass_MCAR_20|realhr,CRISP(raw) vs AutoCRISP(+closure),0.7333,0.0826,0.0831,CRISP
glass_MCAR_20|realhr,CRISP(raw) vs AutoCRISP(+backfill),0.4074,0.0826,0.0831,CRISP
glass_MCAR_40|realhr,CRISP(raw) vs MICE(raw),0.0,0.2071,0.3296,CRISP
glass_MCAR_40|realhr,CRISP(raw) vs MICE(+closure),0.0009,0.2071,0.2868,CRISP
glass_MCAR_40|realhr,CRISP(raw) vs MICE(+backfill),0.0121,0.2071,0.2713,CRISP
glass_MCAR_40|realhr,CRISP(raw) vs KNN(raw),0.0005,0.2071,0.2783,CRISP
glass_MCAR_40|realhr,CRISP(raw) vs KNN(+closure),0.0215,0.2071,0.2409,CRISP
glass_MCAR_40|realhr,CRISP(raw) vs KNN(+backfill),0.2305,0.2071,0.221,CRISP
glass_MCAR_40|realhr,CRISP(raw) vs mean(raw),0.0005,0.2071,0.2783,CRISP
glass_MCAR_40|realhr,CRISP(raw) vs mean(+closure),0.0215,0.2071,0.2409,CRISP
glass_MCAR_40|realhr,CRISP(raw) vs mean(+backfill),0.2305,0.2071,0.221,CRISP
glass_MCAR_40|realhr,CRISP(raw) vs SoftImpute(raw),0.0004,0.2071,0.2733,CRISP
glass_MCAR_40|realhr,CRISP(raw) vs SoftImpute(+closure),0.0083,0.2071,0.2406,CRISP
glass_MCAR_40|realhr,CRISP(raw) vs SoftImpute(+backfill),0.1769,0.2071,0.2196,CRISP
glass_MCAR_40|realhr,CRISP(raw) vs LCRISP(raw),0.0328,0.2071,0.1952,LCRISP
glass_MCAR_40|realhr,CRISP(raw) vs LCRISP(+closure),0.0328,0.2071,0.1952,LCRISP
glass_MCAR_40|realhr,CRISP(raw) vs LCRISP(+backfill),0.0328,0.2071,0.1952,LCRISP
glass_MCAR_40|realhr,CRISP(raw) vs AutoCRISP(raw),0.0679,0.2071,0.1976,AutoCRISP
glass_MCAR_40|realhr,CRISP(raw) vs AutoCRISP(+closure),0.1873,0.2071,0.1976,AutoCRISP
glass_MCAR_40|realhr,CRISP(raw) vs AutoCRISP(+backfill),0.2146,0.2071,0.1976,AutoCRISP
glass_MNAR_20|realhr,CRISP(raw) vs MICE(raw),0.0001,0.0173,0.2462,CRISP
glass_MNAR_20|realhr,CRISP(raw) vs MICE(+closure),0.0001,0.0173,0.2123,CRISP
glass_MNAR_20|realhr,CRISP(raw) vs MICE(+backfill),0.3454,0.0173,0.0227,CRISP
glass_MNAR_20|realhr,CRISP(raw) vs KNN(raw),0.0001,0.0173,0.3117,CRISP
glass_MNAR_20|realhr,CRISP(raw) vs KNN(+closure),0.0001,0.0173,0.2298,CRISP
glass_MNAR_20|realhr,CRISP(raw) vs KNN(+backfill),0.4631,0.0173,0.0299,CRISP
glass_MNAR_20|realhr,CRISP(raw) vs mean(raw),0.0001,0.0173,0.3117,CRISP
glass_MNAR_20|realhr,CRISP(raw) vs mean(+closure),0.0001,0.0173,0.2298,CRISP
glass_MNAR_20|realhr,CRISP(raw) vs mean(+backfill),0.4631,0.0173,0.0299,CRISP
glass_MNAR_20|realhr,CRISP(raw) vs SoftImpute(raw),0.0001,0.0173,0.287,CRISP
glass_MNAR_20|realhr,CRISP(raw) vs SoftImpute(+closure),0.0002,0.0173,0.2177,CRISP
glass_MNAR_20|realhr,CRISP(raw) vs SoftImpute(+backfill),0.3454,0.0173,0.0325,CRISP
glass_MNAR_20|realhr,CRISP(raw) vs LCRISP(raw),0.3173,0.0173,0.0174,CRISP
glass_MNAR_20|realhr,CRISP(raw) vs LCRISP(+closure),0.593,0.0173,0.0174,CRISP
glass_MNAR_20|realhr,CRISP(raw) vs LCRISP(+backfill),0.2733,0.0173,0.0174,CRISP
glass_MNAR_20|realhr,CRISP(raw) vs AutoCRISP(raw),0.3173,0.0173,0.0174,CRISP
glass_MNAR_20|realhr,CRISP(raw) vs AutoCRISP(+closure),0.593,0.0173,0.0174,CRISP
glass_MNAR_20|realhr,CRISP(raw) vs AutoCRISP(+backfill),0.2733,0.0173,0.0174,CRISP
glass_MNAR_40|realhr,CRISP(raw) vs MICE(raw),0.0,0.062,0.2387,CRISP
glass_MNAR_40|realhr,CRISP(raw) vs MICE(+closure),0.0003,0.062,0.2013,CRISP
glass_MNAR_40|realhr,CRISP(raw) vs MICE(+backfill),0.2719,0.062,0.1066,CRISP
glass_MNAR_40|realhr,CRISP(raw) vs KNN(raw),0.0,0.062,0.2663,CRISP
glass_MNAR_40|realhr,CRISP(raw) vs KNN(+closure),0.0004,0.062,0.1987,CRISP
glass_MNAR_40|realhr,CRISP(raw) vs KNN(+backfill),0.124,0.062,0.0893,CRISP
glass_MNAR_40|realhr,CRISP(raw) vs mean(raw),0.0,0.062,0.2663,CRISP
glass_MNAR_40|realhr,CRISP(raw) vs mean(+closure),0.0004,0.062,0.1987,CRISP
glass_MNAR_40|realhr,CRISP(raw) vs mean(+backfill),0.124,0.062,0.0893,CRISP
glass_MNAR_40|realhr,CRISP(raw) vs SoftImpute(raw),0.0,0.062,0.246,CRISP
glass_MNAR_40|realhr,CRISP(raw) vs SoftImpute(+closure),0.0002,0.062,0.1925,CRISP
glass_MNAR_40|realhr,CRISP(raw) vs SoftImpute(+backfill),0.2209,0.062,0.0889,CRISP
glass_MNAR_40|realhr,CRISP(raw) vs LCRISP(raw),0.6744,0.062,0.0608,LCRISP
glass_MNAR_40|realhr,CRISP(raw) vs LCRISP(+closure),0.6465,0.062,0.0608,LCRISP
glass_MNAR_40|realhr,CRISP(raw) vs LCRISP(+backfill),0.6949,0.062,0.0608,LCRISP
glass_MNAR_40|realhr,CRISP(raw) vs AutoCRISP(raw),0.0679,0.062,0.0625,CRISP
glass_MNAR_40|realhr,CRISP(raw) vs AutoCRISP(+closure),0.0584,0.062,0.0625,CRISP
glass_MNAR_40|realhr,CRISP(raw) vs AutoCRISP(+backfill),0.1549,0.062,0.0625,CRISP
steel_MCAR_20|realhr,CRISP(raw) vs MICE(raw),0.0003,3.0666,5.8358,CRISP
steel_MCAR_20|realhr,CRISP(raw) vs MICE(+closure),0.0049,3.0666,4.6278,CRISP
steel_MCAR_20|realhr,CRISP(raw) vs MICE(+backfill),0.0328,3.0666,4.1803,CRISP
steel_MCAR_20|realhr,CRISP(raw) vs KNN(raw),0.0,3.0666,6.7721,CRISP
steel_MCAR_20|realhr,CRISP(raw) vs KNN(+closure),0.0002,3.0666,5.4234,CRISP
steel_MCAR_20|realhr,CRISP(raw) vs KNN(+backfill),0.0027,3.0666,4.8859,CRISP
steel_MCAR_20|realhr,CRISP(raw) vs mean(raw),0.0,3.0666,7.064,CRISP
steel_MCAR_20|realhr,CRISP(raw) vs mean(+closure),0.0001,3.0666,5.5343,CRISP
steel_MCAR_20|realhr,CRISP(raw) vs mean(+backfill),0.0014,3.0666,4.9469,CRISP
steel_MCAR_20|realhr,CRISP(raw) vs SoftImpute(raw),0.0002,3.0666,5.8109,CRISP
steel_MCAR_20|realhr,CRISP(raw) vs SoftImpute(+closure),0.0027,3.0666,4.8332,CRISP
steel_MCAR_20|realhr,CRISP(raw) vs SoftImpute(+backfill),0.0121,3.0666,4.2438,CRISP
steel_MCAR_20|realhr,CRISP(raw) vs LCRISP(raw),0.8124,3.0666,3.0716,CRISP
steel_MCAR_20|realhr,CRISP(raw) vs LCRISP(+closure),0.8124,3.0666,3.0716,CRISP
steel_MCAR_20|realhr,CRISP(raw) vs LCRISP(+backfill),0.8124,3.0666,3.0716,CRISP
steel_MCAR_20|realhr,CRISP(raw) vs AutoCRISP(raw),0.1579,3.0666,2.5431,AutoCRISP
steel_MCAR_20|realhr,CRISP(raw) vs AutoCRISP(+closure),0.2114,3.0666,2.5431,AutoCRISP
steel_MCAR_20|realhr,CRISP(raw) vs AutoCRISP(+backfill),0.2484,3.0666,2.5431,AutoCRISP
steel_MCAR_40|realhr,CRISP(raw) vs MICE(raw),0.0001,5.2718,8.4341,CRISP
steel_MCAR_40|realhr,CRISP(raw) vs MICE(+closure),0.0017,5.2718,6.5492,CRISP
steel_MCAR_40|realhr,CRISP(raw) vs MICE(+backfill),0.002,5.2718,6.492,CRISP
steel_MCAR_40|realhr,CRISP(raw) vs KNN(raw),0.0007,5.2718,6.8685,CRISP
steel_MCAR_40|realhr,CRISP(raw) vs KNN(+closure),0.04,5.2718,6.0106,CRISP
steel_MCAR_40|realhr,CRISP(raw) vs KNN(+backfill),0.04,5.2718,5.9624,CRISP
steel_MCAR_40|realhr,CRISP(raw) vs mean(raw),0.0009,5.2718,6.9076,CRISP
steel_MCAR_40|realhr,CRISP(raw) vs mean(+closure),0.04,5.2718,6.034,CRISP
steel_MCAR_40|realhr,CRISP(raw) vs mean(+backfill),0.04,5.2718,5.9859,CRISP
steel_MCAR_40|realhr,CRISP(raw) vs SoftImpute(raw),0.0042,5.2718,6.5011,CRISP
steel_MCAR_40|realhr,CRISP(raw) vs SoftImpute(+closure),0.0759,5.2718,5.8002,CRISP
steel_MCAR_40|realhr,CRISP(raw) vs SoftImpute(+backfill),0.0973,5.2718,5.7124,CRISP
steel_MCAR_40|realhr,CRISP(raw) vs LCRISP(raw),0.0637,5.2718,4.7637,LCRISP
steel_MCAR_40|realhr,CRISP(raw) vs LCRISP(+closure),0.0637,5.2718,4.7637,LCRISP
steel_MCAR_40|realhr,CRISP(raw) vs LCRISP(+backfill),0.0637,5.2718,4.7637,LCRISP
steel_MCAR_40|realhr,CRISP(raw) vs AutoCRISP(raw),0.3139,5.2718,4.9475,AutoCRISP
steel_MCAR_40|realhr,CRISP(raw) vs AutoCRISP(+closure),0.4769,5.2718,4.9475,AutoCRISP
steel_MCAR_40|realhr,CRISP(raw) vs AutoCRISP(+backfill),0.3981,5.2718,4.9475,AutoCRISP
steel_MNAR_20|realhr,CRISP(raw) vs MICE(raw),0.0009,1.8063,4.256,CRISP
steel_MNAR_20|realhr,CRISP(raw) vs MICE(+closure),0.0027,1.8063,3.337,CRISP
steel_MNAR_20|realhr,CRISP(raw) vs MICE(+backfill),0.0056,1.8063,2.615,CRISP
steel_MNAR_20|realhr,CRISP(raw) vs KNN(raw),0.0,1.8063,6.1311,CRISP
steel_MNAR_20|realhr,CRISP(raw) vs KNN(+closure),0.0,1.8063,4.9242,CRISP
steel_MNAR_20|realhr,CRISP(raw) vs KNN(+backfill),0.0,1.8063,3.5943,CRISP
steel_MNAR_20|realhr,CRISP(raw) vs mean(raw),0.0,1.8063,6.2923,CRISP
steel_MNAR_20|realhr,CRISP(raw) vs mean(+closure),0.0,1.8063,5.0569,CRISP
steel_MNAR_20|realhr,CRISP(raw) vs mean(+backfill),0.0,1.8063,3.5997,CRISP
steel_MNAR_20|realhr,CRISP(raw) vs SoftImpute(raw),0.0,1.8063,4.9263,CRISP
steel_MNAR_20|realhr,CRISP(raw) vs SoftImpute(+closure),0.0,1.8063,4.3086,CRISP
steel_MNAR_20|realhr,CRISP(raw) vs SoftImpute(+backfill),0.001,1.8063,3.1415,CRISP
steel_MNAR_20|realhr,CRISP(raw) vs LCRISP(raw),0.3981,1.8063,1.8624,CRISP
steel_MNAR_20|realhr,CRISP(raw) vs LCRISP(+closure),0.3981,1.8063,1.8624,CRISP
steel_MNAR_20|realhr,CRISP(raw) vs LCRISP(+backfill),0.4091,1.8063,1.8624,CRISP
steel_MNAR_20|realhr,CRISP(raw) vs AutoCRISP(raw),0.2604,1.8063,1.7132,AutoCRISP
steel_MNAR_20|realhr,CRISP(raw) vs AutoCRISP(+closure),0.2213,1.8063,1.7132,AutoCRISP
steel_MNAR_20|realhr,CRISP(raw) vs AutoCRISP(+backfill),0.408,1.8063,1.7132,AutoCRISP
steel_MNAR_40|realhr,CRISP(raw) vs MICE(raw),0.0,2.4896,6.2183,CRISP
steel_MNAR_40|realhr,CRISP(raw) vs MICE(+closure),0.0,2.4896,4.5788,CRISP
steel_MNAR_40|realhr,CRISP(raw) vs MICE(+backfill),0.0,2.4896,4.4442,CRISP
steel_MNAR_40|realhr,CRISP(raw) vs KNN(raw),0.0,2.4896,6.103,CRISP
steel_MNAR_40|realhr,CRISP(raw) vs KNN(+closure),0.0,2.4896,5.0299,CRISP
steel_MNAR_40|realhr,CRISP(raw) vs KNN(+backfill),0.0,2.4896,4.8825,CRISP
steel_MNAR_40|realhr,CRISP(raw) vs mean(raw),0.0,2.4896,6.1298,CRISP
steel_MNAR_40|realhr,CRISP(raw) vs mean(+closure),0.0,2.4896,5.0688,CRISP
steel_MNAR_40|realhr,CRISP(raw) vs mean(+backfill),0.0,2.4896,4.9181,CRISP
steel_MNAR_40|realhr,CRISP(raw) vs SoftImpute(raw),0.0,2.4896,5.504,CRISP
steel_MNAR_40|realhr,CRISP(raw) vs SoftImpute(+closure),0.0,2.4896,4.7093,CRISP
steel_MNAR_40|realhr,CRISP(raw) vs SoftImpute(+backfill),0.0,2.4896,4.5634,CRISP
steel_MNAR_40|realhr,CRISP(raw) vs LCRISP(raw),0.0023,2.4896,2.7581,CRISP
steel_MNAR_40|realhr,CRISP(raw) vs LCRISP(+closure),0.0023,2.4896,2.7581,CRISP
steel_MNAR_40|realhr,CRISP(raw) vs LCRISP(+backfill),0.0023,2.4896,2.7581,CRISP
steel_MNAR_40|realhr,CRISP(raw) vs AutoCRISP(raw),0.0663,2.4896,2.5814,CRISP
steel_MNAR_40|realhr,CRISP(raw) vs AutoCRISP(+closure),0.1095,2.4896,2.5814,CRISP
steel_MNAR_40|realhr,CRISP(raw) vs AutoCRISP(+backfill),0.2325,2.4896,2.5814,CRISP
