"folder","n_miss","status","mae_raw","mae_backfill","sumdev_raw","sumdev_backfill"
"tmp/cement_MAR_10",555,"ERR: lrEM based on alr requires at least one complete column",NA,NA,NA,NA
"tmp/cement_MAR_20",1163,"ERR: lrEM based on alr requires at least one complete column",NA,NA,NA,NA
"tmp/cement_MCAR_10",588,"ERR: lrEM based on alr requires at least one complete column",NA,NA,NA,NA
"tmp/cement_MCAR_20",1218,"ERR: lrEM based on alr requires at least one complete column",NA,NA,NA,NA
"tmp/cement_MNAR_10",292,"ERR: lrEM based on alr requires at least one complete column",NA,NA,NA,NA
"tmp/cement_MNAR_20",570,"ERR: lrEM based on alr requires at least one complete column",NA,NA,NA,NA
"tmp/ge_MAR_10",24,"ERR: lrEM based on alr requires at least one complete column",NA,NA,NA,NA
"tmp/ge_MAR_20",63,"ERR: lrEM based on alr requires at least one complete column",NA,NA,NA,NA
"tmp/ge_MCAR_10",38,"ERR: lrEM based on alr requires at least one complete column",NA,NA,NA,NA
"tmp/ge_MCAR_20",81,"ERR: lrEM based on alr requires at least one complete column",NA,NA,NA,NA
"tmp/ge_MNAR_10",18,"ERR: lrEM based on alr requires at least one complete column",NA,NA,NA,NA
"tmp/ge_MNAR_20",34,"ERR: lrEM based on alr requires at least one complete column",NA,NA,NA,NA
"tmp/glass_MAR_10",23,"ERR: lrEM based on alr requires at least one complete column",NA,NA,NA,NA
"tmp/glass_MAR_20",57,"ERR: lrEM based on alr requires at least one complete column",NA,NA,NA,NA
"tmp/glass_MCAR_10",24,"ok",1.1964,0.3998,0.7305,0
"tmp/glass_MCAR_20",63,"ok",880.2221,2.2825,1386.1288,0
"tmp/glass_MNAR_10",6,"ok",0.2361,0.0815,0.0352,0
"tmp/glass_MNAR_20",16,"ERR: lrEM based on alr requires at least one complete column",NA,NA,NA,NA
"tmp/steel_MAR_10",296,"ERR: lrEM based on alr requires at least one complete column",NA,NA,NA,NA
"tmp/steel_MAR_20",608,"ERR: lrEM based on alr requires at least one complete column",NA,NA,NA,NA
"tmp/steel_MCAR_10",325,"ERR: lrEM based on alr requires at least one complete column",NA,NA,NA,NA
"tmp/steel_MCAR_20",661,"ERR: lrEM based on alr requires at least one complete column",NA,NA,NA,NA
"tmp/steel_MNAR_10",268,"ERR: lrEM based on alr requires at least one complete column",NA,NA,NA,NA
"tmp/steel_MNAR_20",548,"ERR: lrEM based on alr requires at least one complete column",NA,NA,NA,NA
"tmp/synthetic_MAR_10",113,"ERR: lrEM based on alr requires at least one complete column",NA,NA,NA,NA
"tmp/synthetic_MAR_20",244,"ERR: lrEM based on alr requires at least one complete column",NA,NA,NA,NA
"tmp/synthetic_MCAR_10",150,"ERR: lrEM based on alr requires at least one complete column",NA,NA,NA,NA
"tmp/synthetic_MCAR_20",304,"ERR: lrEM based on alr requires at least one complete column",NA,NA,NA,NA
"tmp/synthetic_MNAR_10",106,"ERR: lrEM based on alr requires at least one complete column",NA,NA,NA,NA
"tmp/synthetic_MNAR_20",224,"ERR: lrEM based on alr requires at least one complete column",NA,NA,NA,NA
"tmp_nd/ge_nd_MAR_10",5,"ERR: The lrEMplus algorithm works on regular data sets (no. rows > no. columns). You can consider lrSVD for wide data sets.",NA,NA,NA,NA
"tmp_nd/ge_nd_MAR_30",19,"ERR: The lrEMplus algorithm works on regular data sets (no. rows > no. columns). You can consider lrSVD for wide data sets.",NA,NA,NA,NA
"tmp_nd/ge_nd_MCAR_10",12,"ERR: The lrEMplus algorithm works on regular data sets (no. rows > no. columns). You can consider lrSVD for wide data sets.",NA,NA,NA,NA
"tmp_nd/ge_nd_MCAR_30",32,"ERR: The lrEMplus algorithm works on regular data sets (no. rows > no. columns). You can consider lrSVD for wide data sets.",NA,NA,NA,NA
"tmp_nd/ge_nd_MNAR_10",2,"ERR: The lrEMplus algorithm works on regular data sets (no. rows > no. columns). You can consider lrSVD for wide data sets.",NA,NA,NA,NA
"tmp_nd/ge_nd_MNAR_30",8,"ERR: The lrEMplus algorithm works on regular data sets (no. rows > no. columns). You can consider lrSVD for wide data sets.",NA,NA,NA,NA
"tmp_nd/synA1_MAR_10",18,"ERR: The lrEMplus algorithm works on regular data sets (no. rows > no. columns). You can consider lrSVD for wide data sets.",NA,NA,NA,NA
"tmp_nd/synA1_MAR_30",87,"ERR: The lrEMplus algorithm works on regular data sets (no. rows > no. columns). You can consider lrSVD for wide data sets.",NA,NA,NA,NA
"tmp_nd/synA1_MCAR_10",26,"ERR: The lrEMplus algorithm works on regular data sets (no. rows > no. columns). You can consider lrSVD for wide data sets.",NA,NA,NA,NA
"tmp_nd/synA1_MCAR_30",83,"ERR: The lrEMplus algorithm works on regular data sets (no. rows > no. columns). You can consider lrSVD for wide data sets.",NA,NA,NA,NA
"tmp_nd/synA1_MNAR_10",15,"ERR: The lrEMplus algorithm works on regular data sets (no. rows > no. columns). You can consider lrSVD for wide data sets.",NA,NA,NA,NA
"tmp_nd/synA1_MNAR_30",56,"ERR: The lrEMplus algorithm works on regular data sets (no. rows > no. columns). You can consider lrSVD for wide data sets.",NA,NA,NA,NA
"tmp_nd/synA2_MAR_10",30,"ERR: The lrEMplus algorithm works on regular data sets (no. rows > no. columns). You can consider lrSVD for wide data sets.",NA,NA,NA,NA
"tmp_nd/synA2_MAR_30",101,"ERR: The lrEMplus algorithm works on regular data sets (no. rows > no. columns). You can consider lrSVD for wide data sets.",NA,NA,NA,NA
"tmp_nd/synA2_MCAR_10",36,"ERR: The lrEMplus algorithm works on regular data sets (no. rows > no. columns). You can consider lrSVD for wide data sets.",NA,NA,NA,NA
"tmp_nd/synA2_MCAR_30",109,"ERR: The lrEMplus algorithm works on regular data sets (no. rows > no. columns). You can consider lrSVD for wide data sets.",NA,NA,NA,NA
"tmp_nd/synA2_MNAR_10",18,"ERR: The lrEMplus algorithm works on regular data sets (no. rows > no. columns). You can consider lrSVD for wide data sets.",NA,NA,NA,NA
"tmp_nd/synA2_MNAR_30",74,"ERR: The lrEMplus algorithm works on regular data sets (no. rows > no. columns). You can consider lrSVD for wide data sets.",NA,NA,NA,NA
"tmp_nd/synA3_MAR_10",22,"ERR: The lrEMplus algorithm works on regular data sets (no. rows > no. columns). You can consider lrSVD for wide data sets.",NA,NA,NA,NA
"tmp_nd/synA3_MAR_30",66,"ERR: The lrEMplus algorithm works on regular data sets (no. rows > no. columns). You can consider lrSVD for wide data sets.",NA,NA,NA,NA
"tmp_nd/synA3_MCAR_10",27,"ERR: The lrEMplus algorithm works on regular data sets (no. rows > no. columns). You can consider lrSVD for wide data sets.",NA,NA,NA,NA
"tmp_nd/synA3_MCAR_30",73,"ERR: The lrEMplus algorithm works on regular data sets (no. rows > no. columns). You can consider lrSVD for wide data sets.",NA,NA,NA,NA
"tmp_nd/synA3_MNAR_10",16,"ERR: The lrEMplus algorithm works on regular data sets (no. rows > no. columns). You can consider lrSVD for wide data sets.",NA,NA,NA,NA
"tmp_nd/synA3_MNAR_30",43,"ERR: The lrEMplus algorithm works on regular data sets (no. rows > no. columns). You can consider lrSVD for wide data sets.",NA,NA,NA,NA
"tmp_nd/synA4_MAR_10",28,"ERR: The lrEMplus algorithm works on regular data sets (no. rows > no. columns). You can consider lrSVD for wide data sets.",NA,NA,NA,NA
"tmp_nd/synA4_MAR_30",90,"ERR: The lrEMplus algorithm works on regular data sets (no. rows > no. columns). You can consider lrSVD for wide data sets.",NA,NA,NA,NA
"tmp_nd/synA4_MCAR_10",38,"ERR: The lrEMplus algorithm works on regular data sets (no. rows > no. columns). You can consider lrSVD for wide data sets.",NA,NA,NA,NA
"tmp_nd/synA4_MCAR_30",103,"ERR: The lrEMplus algorithm works on regular data sets (no. rows > no. columns). You can consider lrSVD for wide data sets.",NA,NA,NA,NA
"tmp_nd/synA4_MNAR_10",17,"ERR: The lrEMplus algorithm works on regular data sets (no. rows > no. columns). You can consider lrSVD for wide data sets.",NA,NA,NA,NA
"tmp_nd/synA4_MNAR_30",60,"ERR: The lrEMplus algorithm works on regular data sets (no. rows > no. columns). You can consider lrSVD for wide data sets.",NA,NA,NA,NA
"tmp_realnd/cement_s0",3,"ERR: The lrEMplus algorithm works on regular data sets (no. rows > no. columns). You can consider lrSVD for wide data sets.",NA,NA,NA,NA
"tmp_realnd/cement_s1",3,"ERR: The lrEMplus algorithm works on regular data sets (no. rows > no. columns). You can consider lrSVD for wide data sets.",NA,NA,NA,NA
"tmp_realnd/cement_s10",3,"ERR: The lrEMplus algorithm works on regular data sets (no. rows > no. columns). You can consider lrSVD for wide data sets.",NA,NA,NA,NA
"tmp_realnd/cement_s11",3,"ERR: The lrEMplus algorithm works on regular data sets (no. rows > no. columns). You can consider lrSVD for wide data sets.",NA,NA,NA,NA
"tmp_realnd/cement_s12",3,"ERR: The lrEMplus algorithm works on regular data sets (no. rows > no. columns). You can consider lrSVD for wide data sets.",NA,NA,NA,NA
"tmp_realnd/cement_s13",3,"ERR: The lrEMplus algorithm works on regular data sets (no. rows > no. columns). You can consider lrSVD for wide data sets.",NA,NA,NA,NA
"tmp_realnd/cement_s14",3,"ERR: The lrEMplus algorithm works on regular data sets (no. rows > no. columns). You can consider lrSVD for wide data sets.",NA,NA,NA,NA
"tmp_realnd/cement_s15",2,"ERR: The lrEMplus algorithm works on regular data sets (no. rows > no. columns). You can consider lrSVD for wide data sets.",NA,NA,NA,NA
"tmp_realnd/cement_s16",3,"ERR: The lrEMplus algorithm works on regular data sets (no. rows > no. columns). You can consider lrSVD for wide data sets.",NA,NA,NA,NA
"tmp_realnd/cement_s17",3,"ERR: The lrEMplus algorithm works on regular data sets (no. rows > no. columns). You can consider lrSVD for wide data sets.",NA,NA,NA,NA
"tmp_realnd/cement_s18",3,"ERR: The lrEMplus algorithm works on regular data sets (no. rows > no. columns). You can consider lrSVD for wide data sets.",NA,NA,NA,NA
"tmp_realnd/cement_s19",3,"ERR: The lrEMplus algorithm works on regular data sets (no. rows > no. columns). You can consider lrSVD for wide data sets.",NA,NA,NA,NA
"tmp_realnd/cement_s2",2,"ERR: The lrEMplus algorithm works on regular data sets (no. rows > no. columns). You can consider lrSVD for wide data sets.",NA,NA,NA,NA
"tmp_realnd/cement_s3",3,"ERR: The lrEMplus algorithm works on regular data sets (no. rows > no. columns). You can consider lrSVD for wide data sets.",NA,NA,NA,NA
"tmp_realnd/cement_s4",2,"ERR: The lrEMplus algorithm works on regular data sets (no. rows > no. columns). You can consider lrSVD for wide data sets.",NA,NA,NA,NA
"tmp_realnd/cement_s5",2,"ERR: The lrEMplus algorithm works on regular data sets (no. rows > no. columns). You can consider lrSVD for wide data sets.",NA,NA,NA,NA
"tmp_realnd/cement_s6",3,"ERR: The lrEMplus algorithm works on regular data sets (no. rows > no. columns). You can consider lrSVD for wide data sets.",NA,NA,NA,NA
"tmp_realnd/cement_s7",3,"ERR: The lrEMplus algorithm works on regular data sets (no. rows > no. columns). You can consider lrSVD for wide data sets.",NA,NA,NA,NA
"tmp_realnd/cement_s8",3,"ERR: The lrEMplus algorithm works on regular data sets (no. rows > no. columns). You can consider lrSVD for wide data sets.",NA,NA,NA,NA
"tmp_realnd/cement_s9",3,"ERR: The lrEMplus algorithm works on regular data sets (no. rows > no. columns). You can consider lrSVD for wide data sets.",NA,NA,NA,NA
"tmp_realnd/ge_s0",2,"ERR: The lrEMplus algorithm works on regular data sets (no. rows > no. columns). You can consider lrSVD for wide data sets.",NA,NA,NA,NA
"tmp_realnd/ge_s1",1,"ERR: The lrEMplus algorithm works on regular data sets (no. rows > no. columns). You can consider lrSVD for wide data sets.",NA,NA,NA,NA
"tmp_realnd/ge_s10",2,"ERR: The lrEMplus algorithm works on regular data sets (no. rows > no. columns). You can consider lrSVD for wide data sets.",NA,NA,NA,NA
"tmp_realnd/ge_s11",3,"ERR: The lrEMplus algorithm works on regular data sets (no. rows > no. columns). You can consider lrSVD for wide data sets.",NA,NA,NA,NA
"tmp_realnd/ge_s12",1,"ERR: The lrEMplus algorithm works on regular data sets (no. rows > no. columns). You can consider lrSVD for wide data sets.",NA,NA,NA,NA
"tmp_realnd/ge_s13",3,"ERR: The lrEMplus algorithm works on regular data sets (no. rows > no. columns). You can consider lrSVD for wide data sets.",NA,NA,NA,NA
"tmp_realnd/ge_s14",2,"ERR: The lrEMplus algorithm works on regular data sets (no. rows > no. columns). You can consider lrSVD for wide data sets.",NA,NA,NA,NA
"tmp_realnd/ge_s15",1,"ERR: The lrEMplus algorithm works on regular data sets (no. rows > no. columns). You can consider lrSVD for wide data sets.",NA,NA,NA,NA
"tmp_realnd/ge_s16",1,"ERR: The lrEMplus algorithm works on regular data sets (no. rows > no. columns). You can consider lrSVD for wide data sets.",NA,NA,NA,NA
"tmp_realnd/ge_s17",1,"ERR: The lrEMplus algorithm works on regular data sets (no. rows > no. columns). You can consider lrSVD for wide data sets.",NA,NA,NA,NA
"tmp_realnd/ge_s18",1,"ERR: The lrEMplus algorithm works on regular data sets (no. rows > no. columns). You can consider lrSVD for wide data sets.",NA,NA,NA,NA
"tmp_realnd/ge_s19",3,"ERR: The lrEMplus algorithm works on regular data sets (no. rows > no. columns). You can consider lrSVD for wide data sets.",NA,NA,NA,NA
"tmp_realnd/ge_s2",3,"ERR: The lrEMplus algorithm works on regular data sets (no. rows > no. columns). You can consider lrSVD for wide data sets.",NA,NA,NA,NA
"tmp_realnd/ge_s3",0,"no_missing",NA,NA,NA,NA
"tmp_realnd/ge_s4",2,"ERR: The lrEMplus algorithm works on regular data sets (no. rows > no. columns). You can consider lrSVD for wide data sets.",NA,NA,NA,NA
"tmp_realnd/ge_s5",1,"ERR: The lrEMplus algorithm works on regular data sets (no. rows > no. columns). You can consider lrSVD for wide data sets.",NA,NA,NA,NA
"tmp_realnd/ge_s6",2,"ERR: The lrEMplus algorithm works on regular data sets (no. rows > no. columns). You can consider lrSVD for wide data sets.",NA,NA,NA,NA
"tmp_realnd/ge_s7",2,"ERR: The lrEMplus algorithm works on regular data sets (no. rows > no. columns). You can consider lrSVD for wide data sets.",NA,NA,NA,NA
"tmp_realnd/ge_s8",2,"ERR: The lrEMplus algorithm works on regular data sets (no. rows > no. columns). You can consider lrSVD for wide data sets.",NA,NA,NA,NA
"tmp_realnd/ge_s9",1,"ERR: The lrEMplus algorithm works on regular data sets (no. rows > no. columns). You can consider lrSVD for wide data sets.",NA,NA,NA,NA
"tmp_realnd/glass_s0",3,"ERR: The lrEMplus algorithm works on regular data sets (no. rows > no. columns). You can consider lrSVD for wide data sets.",NA,NA,NA,NA
"tmp_realnd/glass_s1",3,"ERR: The lrEMplus algorithm works on regular data sets (no. rows > no. columns). You can consider lrSVD for wide data sets.",NA,NA,NA,NA
"tmp_realnd/glass_s10",3,"ERR: The lrEMplus algorithm works on regular data sets (no. rows > no. columns). You can consider lrSVD for wide data sets.",NA,NA,NA,NA
"tmp_realnd/glass_s11",3,"ERR: The lrEMplus algorithm works on regular data sets (no. rows > no. columns). You can consider lrSVD for wide data sets.",NA,NA,NA,NA
"tmp_realnd/glass_s12",3,"ERR: The lrEMplus algorithm works on regular data sets (no. rows > no. columns). You can consider lrSVD for wide data sets.",NA,NA,NA,NA
"tmp_realnd/glass_s13",3,"ERR: The lrEMplus algorithm works on regular data sets (no. rows > no. columns). You can consider lrSVD for wide data sets.",NA,NA,NA,NA
"tmp_realnd/glass_s14",3,"ERR: The lrEMplus algorithm works on regular data sets (no. rows > no. columns). You can consider lrSVD for wide data sets.",NA,NA,NA,NA
"tmp_realnd/glass_s15",3,"ERR: The lrEMplus algorithm works on regular data sets (no. rows > no. columns). You can consider lrSVD for wide data sets.",NA,NA,NA,NA
"tmp_realnd/glass_s16",3,"ERR: The lrEMplus algorithm works on regular data sets (no. rows > no. columns). You can consider lrSVD for wide data sets.",NA,NA,NA,NA
"tmp_realnd/glass_s17",3,"ERR: The lrEMplus algorithm works on regular data sets (no. rows > no. columns). You can consider lrSVD for wide data sets.",NA,NA,NA,NA
"tmp_realnd/glass_s18",3,"ERR: The lrEMplus algorithm works on regular data sets (no. rows > no. columns). You can consider lrSVD for wide data sets.",NA,NA,NA,NA
"tmp_realnd/glass_s19",3,"ERR: The lrEMplus algorithm works on regular data sets (no. rows > no. columns). You can consider lrSVD for wide data sets.",NA,NA,NA,NA
"tmp_realnd/glass_s2",3,"ERR: The lrEMplus algorithm works on regular data sets (no. rows > no. columns). You can consider lrSVD for wide data sets.",NA,NA,NA,NA
"tmp_realnd/glass_s3",3,"ERR: The lrEMplus algorithm works on regular data sets (no. rows > no. columns). You can consider lrSVD for wide data sets.",NA,NA,NA,NA
"tmp_realnd/glass_s4",3,"ERR: The lrEMplus algorithm works on regular data sets (no. rows > no. columns). You can consider lrSVD for wide data sets.",NA,NA,NA,NA
"tmp_realnd/glass_s5",3,"ERR: The lrEMplus algorithm works on regular data sets (no. rows > no. columns). You can consider lrSVD for wide data sets.",NA,NA,NA,NA
"tmp_realnd/glass_s6",3,"ERR: The lrEMplus algorithm works on regular data sets (no. rows > no. columns). You can consider lrSVD for wide data sets.",NA,NA,NA,NA
"tmp_realnd/glass_s7",3,"ERR: The lrEMplus algorithm works on regular data sets (no. rows > no. columns). You can consider lrSVD for wide data sets.",NA,NA,NA,NA
"tmp_realnd/glass_s8",3,"ERR: The lrEMplus algorithm works on regular data sets (no. rows > no. columns). You can consider lrSVD for wide data sets.",NA,NA,NA,NA
"tmp_realnd/glass_s9",3,"ERR: The lrEMplus algorithm works on regular data sets (no. rows > no. columns). You can consider lrSVD for wide data sets.",NA,NA,NA,NA
"tmp_realnd/steel_s0",10,"ERR: The lrEMplus algorithm works on regular data sets (no. rows > no. columns). You can consider lrSVD for wide data sets.",NA,NA,NA,NA
"tmp_realnd/steel_s1",11,"ERR: The lrEMplus algorithm works on regular data sets (no. rows > no. columns). You can consider lrSVD for wide data sets.",NA,NA,NA,NA
"tmp_realnd/steel_s10",9,"ERR: The lrEMplus algorithm works on regular data sets (no. rows > no. columns). You can consider lrSVD for wide data sets.",NA,NA,NA,NA
"tmp_realnd/steel_s11",10,"ERR: The lrEMplus algorithm works on regular data sets (no. rows > no. columns). You can consider lrSVD for wide data sets.",NA,NA,NA,NA
"tmp_realnd/steel_s12",10,"ERR: The lrEMplus algorithm works on regular data sets (no. rows > no. columns). You can consider lrSVD for wide data sets.",NA,NA,NA,NA
"tmp_realnd/steel_s13",10,"ERR: The lrEMplus algorithm works on regular data sets (no. rows > no. columns). You can consider lrSVD for wide data sets.",NA,NA,NA,NA
"tmp_realnd/steel_s14",11,"ERR: The lrEMplus algorithm works on regular data sets (no. rows > no. columns). You can consider lrSVD for wide data sets.",NA,NA,NA,NA
"tmp_realnd/steel_s15",10,"ERR: The lrEMplus algorithm works on regular data sets (no. rows > no. columns). You can consider lrSVD for wide data sets.",NA,NA,NA,NA
"tmp_realnd/steel_s16",10,"ERR: The lrEMplus algorithm works on regular data sets (no. rows > no. columns). You can consider lrSVD for wide data sets.",NA,NA,NA,NA
"tmp_realnd/steel_s17",9,"ERR: The lrEMplus algorithm works on regular data sets (no. rows > no. columns). You can consider lrSVD for wide data sets.",NA,NA,NA,NA
"tmp_realnd/steel_s18",10,"ERR: The lrEMplus algorithm works on regular data sets (no. rows > no. columns). You can consider lrSVD for wide data sets.",NA,NA,NA,NA
"tmp_realnd/steel_s19",10,"ERR: The lrEMplus algorithm works on regular data sets (no. rows > no. columns). You can consider lrSVD for wide data sets.",NA,NA,NA,NA
"tmp_realnd/steel_s2",9,"ERR: The lrEMplus algorithm works on regular data sets (no. rows > no. columns). You can consider lrSVD for wide data sets.",NA,NA,NA,NA
"tmp_realnd/steel_s3",11,"ERR: The lrEMplus algorithm works on regular data sets (no. rows > no. columns). You can consider lrSVD for wide data sets.",NA,NA,NA,NA
"tmp_realnd/steel_s4",10,"ERR: The lrEMplus algorithm works on regular data sets (no. rows > no. columns). You can consider lrSVD for wide data sets.",NA,NA,NA,NA
"tmp_realnd/steel_s5",10,"ERR: The lrEMplus algorithm works on regular data sets (no. rows > no. columns). You can consider lrSVD for wide data sets.",NA,NA,NA,NA
"tmp_realnd/steel_s6",10,"ERR: The lrEMplus algorithm works on regular data sets (no. rows > no. columns). You can consider lrSVD for wide data sets.",NA,NA,NA,NA
"tmp_realnd/steel_s7",10,"ERR: The lrEMplus algorithm works on regular data sets (no. rows > no. columns). You can consider lrSVD for wide data sets.",NA,NA,NA,NA
"tmp_realnd/steel_s8",10,"ERR: The lrEMplus algorithm works on regular data sets (no. rows > no. columns). You can consider lrSVD for wide data sets.",NA,NA,NA,NA
"tmp_realnd/steel_s9",11,"ERR: The lrEMplus algorithm works on regular data sets (no. rows > no. columns). You can consider lrSVD for wide data sets.",NA,NA,NA,NA
