config,python,r,n_pairs,mae_python,mae_r,ratio_r_over_python,p,winner
tmp__cement_MAR_10,CRISP,impKNNa,20,0.9846,0.5922,0.601,0.0,impKNNa
tmp__cement_MAR_10,LCRISP,impKNNa,20,0.5069,0.5922,1.168,0.0014,LCRISP
tmp__cement_MAR_10,AutoCRISP,impKNNa,20,0.9846,0.5922,0.601,0.0,impKNNa
tmp__cement_MAR_10,MICE,impKNNa,20,0.5489,0.5922,1.079,0.0637,MICE
tmp__cement_MAR_10,KNN,impKNNa,20,0.7421,0.5922,0.798,0.0,impKNNa
tmp__cement_MAR_10,mean,impKNNa,20,2.2638,0.5922,0.262,0.0,impKNNa
tmp__cement_MAR_10,SoftImpute,impKNNa,20,1.0828,0.5922,0.547,0.0,impKNNa
tmp__cement_MAR_10,CRISP,missForest,20,0.9846,0.6152,0.625,0.0,missForest
tmp__cement_MAR_10,LCRISP,missForest,20,0.5069,0.6152,1.214,0.0001,LCRISP
tmp__cement_MAR_10,AutoCRISP,missForest,20,0.9846,0.6152,0.625,0.0,missForest
tmp__cement_MAR_10,MICE,missForest,20,0.5489,0.6152,1.121,0.0006,MICE
tmp__cement_MAR_10,KNN,missForest,20,0.7421,0.6152,0.829,0.0,missForest
tmp__cement_MAR_10,mean,missForest,20,2.2638,0.6152,0.272,0.0,missForest
tmp__cement_MAR_10,SoftImpute,missForest,20,1.0828,0.6152,0.568,0.0,missForest
tmp__cement_MAR_20,CRISP,impKNNa,20,1.6986,0.7726,0.455,0.0,impKNNa
tmp__cement_MAR_20,LCRISP,impKNNa,20,0.9917,0.7726,0.779,0.0,impKNNa
tmp__cement_MAR_20,AutoCRISP,impKNNa,20,1.0685,0.7726,0.723,0.0,impKNNa
tmp__cement_MAR_20,MICE,impKNNa,20,0.9242,0.7726,0.836,0.0,impKNNa
tmp__cement_MAR_20,KNN,impKNNa,20,1.1062,0.7726,0.698,0.0,impKNNa
tmp__cement_MAR_20,mean,impKNNa,20,2.2901,0.7726,0.337,0.0,impKNNa
tmp__cement_MAR_20,SoftImpute,impKNNa,20,1.5483,0.7726,0.499,0.0,impKNNa
tmp__cement_MAR_20,CRISP,missForest,20,1.6986,0.8053,0.474,0.0,missForest
tmp__cement_MAR_20,LCRISP,missForest,20,0.9917,0.8053,0.812,0.0,missForest
tmp__cement_MAR_20,AutoCRISP,missForest,20,1.0685,0.8053,0.754,0.0,missForest
tmp__cement_MAR_20,MICE,missForest,20,0.9242,0.8053,0.871,0.0,missForest
tmp__cement_MAR_20,KNN,missForest,20,1.1062,0.8053,0.728,0.0,missForest
tmp__cement_MAR_20,mean,missForest,20,2.2901,0.8053,0.352,0.0,missForest
tmp__cement_MAR_20,SoftImpute,missForest,20,1.5483,0.8053,0.52,0.0,missForest
tmp__cement_MCAR_10,CRISP,impKNNa,20,1.0741,0.592,0.551,0.0,impKNNa
tmp__cement_MCAR_10,LCRISP,impKNNa,20,0.5513,0.592,1.074,0.1769,LCRISP
tmp__cement_MCAR_10,AutoCRISP,impKNNa,20,1.0741,0.592,0.551,0.0,impKNNa
tmp__cement_MCAR_10,MICE,impKNNa,20,0.5662,0.592,1.046,0.2455,MICE
tmp__cement_MCAR_10,KNN,impKNNa,20,0.7787,0.592,0.76,0.0,impKNNa
tmp__cement_MCAR_10,mean,impKNNa,20,2.3075,0.592,0.257,0.0,impKNNa
tmp__cement_MCAR_10,SoftImpute,impKNNa,20,1.1457,0.592,0.517,0.0,impKNNa
tmp__cement_MCAR_10,CRISP,missForest,20,1.0741,0.6353,0.592,0.0,missForest
tmp__cement_MCAR_10,LCRISP,missForest,20,0.5513,0.6353,1.152,0.0002,LCRISP
tmp__cement_MCAR_10,AutoCRISP,missForest,20,1.0741,0.6353,0.592,0.0,missForest
tmp__cement_MCAR_10,MICE,missForest,20,0.5662,0.6353,1.122,0.0,MICE
tmp__cement_MCAR_10,KNN,missForest,20,0.7787,0.6353,0.816,0.0,missForest
tmp__cement_MCAR_10,mean,missForest,20,2.3075,0.6353,0.275,0.0,missForest
tmp__cement_MCAR_10,SoftImpute,missForest,20,1.1457,0.6353,0.555,0.0,missForest
tmp__cement_MCAR_20,CRISP,impKNNa,20,1.7944,0.7913,0.441,0.0,impKNNa
tmp__cement_MCAR_20,LCRISP,impKNNa,20,1.053,0.7913,0.751,0.0,impKNNa
tmp__cement_MCAR_20,AutoCRISP,impKNNa,20,1.0859,0.7913,0.729,0.0,impKNNa
tmp__cement_MCAR_20,MICE,impKNNa,20,0.9681,0.7913,0.817,0.0,impKNNa
tmp__cement_MCAR_20,KNN,impKNNa,20,1.1417,0.7913,0.693,0.0,impKNNa
tmp__cement_MCAR_20,mean,impKNNa,20,2.3179,0.7913,0.341,0.0,impKNNa
tmp__cement_MCAR_20,SoftImpute,impKNNa,20,1.6046,0.7913,0.493,0.0,impKNNa
tmp__cement_MCAR_20,CRISP,missForest,20,1.7944,0.8284,0.462,0.0,missForest
tmp__cement_MCAR_20,LCRISP,missForest,20,1.053,0.8284,0.787,0.0,missForest
tmp__cement_MCAR_20,AutoCRISP,missForest,20,1.0859,0.8284,0.763,0.0,missForest
tmp__cement_MCAR_20,MICE,missForest,20,0.9681,0.8284,0.856,0.0,missForest
tmp__cement_MCAR_20,KNN,missForest,20,1.1417,0.8284,0.726,0.0,missForest
tmp__cement_MCAR_20,mean,missForest,20,2.3179,0.8284,0.357,0.0,missForest
tmp__cement_MCAR_20,SoftImpute,missForest,20,1.6046,0.8284,0.516,0.0,missForest
tmp__cement_MNAR_10,CRISP,impKNNa,20,0.5477,0.4789,0.874,0.0973,impKNNa
tmp__cement_MNAR_10,LCRISP,impKNNa,20,0.2327,0.4789,2.058,0.0,LCRISP
tmp__cement_MNAR_10,AutoCRISP,impKNNa,20,0.5477,0.4789,0.874,0.0973,impKNNa
tmp__cement_MNAR_10,MICE,impKNNa,20,0.3165,0.4789,1.513,0.0,MICE
tmp__cement_MNAR_10,KNN,impKNNa,20,0.5174,0.4789,0.926,0.0153,impKNNa
tmp__cement_MNAR_10,mean,impKNNa,20,2.1391,0.4789,0.224,0.0,impKNNa
tmp__cement_MNAR_10,SoftImpute,impKNNa,20,0.7873,0.4789,0.608,0.0,impKNNa
tmp__cement_MNAR_10,CRISP,missForest,20,0.5477,0.5101,0.931,0.2774,missForest
tmp__cement_MNAR_10,LCRISP,missForest,20,0.2327,0.5101,2.193,0.0,LCRISP
tmp__cement_MNAR_10,AutoCRISP,missForest,20,0.5477,0.5101,0.931,0.2774,missForest
tmp__cement_MNAR_10,MICE,missForest,20,0.3165,0.5101,1.612,0.0,MICE
tmp__cement_MNAR_10,KNN,missForest,20,0.5174,0.5101,0.986,0.5706,missForest
tmp__cement_MNAR_10,mean,missForest,20,2.1391,0.5101,0.238,0.0,missForest
tmp__cement_MNAR_10,SoftImpute,missForest,20,0.7873,0.5101,0.648,0.0,missForest
tmp__cement_MNAR_20,CRISP,impKNNa,20,0.9796,0.576,0.588,0.0,impKNNa
tmp__cement_MNAR_20,LCRISP,impKNNa,20,0.4752,0.576,1.212,0.0001,LCRISP
tmp__cement_MNAR_20,AutoCRISP,impKNNa,20,0.9796,0.576,0.588,0.0,impKNNa
tmp__cement_MNAR_20,MICE,impKNNa,20,0.5555,0.576,1.037,0.2611,MICE
tmp__cement_MNAR_20,KNN,impKNNa,20,0.695,0.576,0.829,0.0,impKNNa
tmp__cement_MNAR_20,mean,impKNNa,20,2.1564,0.576,0.267,0.0,impKNNa
tmp__cement_MNAR_20,SoftImpute,impKNNa,20,0.9452,0.576,0.609,0.0,impKNNa
tmp__cement_MNAR_20,CRISP,missForest,20,0.9796,0.6035,0.616,0.0,missForest
tmp__cement_MNAR_20,LCRISP,missForest,20,0.4752,0.6035,1.27,0.0,LCRISP
tmp__cement_MNAR_20,AutoCRISP,missForest,20,0.9796,0.6035,0.616,0.0,missForest
tmp__cement_MNAR_20,MICE,missForest,20,0.5555,0.6035,1.086,0.0083,MICE
tmp__cement_MNAR_20,KNN,missForest,20,0.695,0.6035,0.868,0.0,missForest
tmp__cement_MNAR_20,mean,missForest,20,2.1564,0.6035,0.28,0.0,missForest
tmp__cement_MNAR_20,SoftImpute,missForest,20,0.9452,0.6035,0.638,0.0,missForest
tmp__ge_MAR_10,CRISP,impKNNa,20,1.6962,11.2236,6.617,0.0,CRISP
tmp__ge_MAR_10,LCRISP,impKNNa,20,1.4211,11.2236,7.898,0.0,LCRISP
tmp__ge_MAR_10,AutoCRISP,impKNNa,20,1.6962,11.2236,6.617,0.0,AutoCRISP
tmp__ge_MAR_10,MICE,impKNNa,20,1.4975,11.2236,7.495,0.0,MICE
tmp__ge_MAR_10,KNN,impKNNa,20,10.9162,11.2236,1.028,0.4524,KNN
tmp__ge_MAR_10,mean,impKNNa,20,11.3495,11.2236,0.989,0.8124,impKNNa
tmp__ge_MAR_10,SoftImpute,impKNNa,20,7.3777,11.2236,1.521,0.0,SoftImpute
tmp__ge_MAR_10,CRISP,missForest,20,1.6962,10.6276,6.266,0.0,CRISP
tmp__ge_MAR_10,LCRISP,missForest,20,1.4211,10.6276,7.479,0.0,LCRISP
tmp__ge_MAR_10,AutoCRISP,missForest,20,1.6962,10.6276,6.266,0.0,AutoCRISP
tmp__ge_MAR_10,MICE,missForest,20,1.4975,10.6276,7.097,0.0,MICE
tmp__ge_MAR_10,KNN,missForest,20,10.9162,10.6276,0.974,0.0826,missForest
tmp__ge_MAR_10,mean,missForest,20,11.3495,10.6276,0.936,0.0014,missForest
tmp__ge_MAR_10,SoftImpute,missForest,20,7.3777,10.6276,1.44,0.0,SoftImpute
tmp__ge_MAR_20,CRISP,impKNNa,20,4.1351,10.8825,2.632,0.0,CRISP
tmp__ge_MAR_20,LCRISP,impKNNa,20,3.7894,10.8825,2.872,0.0,LCRISP
tmp__ge_MAR_20,AutoCRISP,impKNNa,20,4.1351,10.8825,2.632,0.0,AutoCRISP
tmp__ge_MAR_20,MICE,impKNNa,20,2.1727,10.8825,5.009,0.0,MICE
tmp__ge_MAR_20,KNN,impKNNa,20,11.1394,10.8825,0.977,0.2162,impKNNa
tmp__ge_MAR_20,mean,impKNNa,20,11.7936,10.8825,0.923,0.0023,impKNNa
tmp__ge_MAR_20,SoftImpute,impKNNa,20,9.4685,10.8825,1.149,0.0001,SoftImpute
tmp__ge_MAR_20,CRISP,missForest,20,4.1351,10.9797,2.655,0.0,CRISP
tmp__ge_MAR_20,LCRISP,missForest,20,3.7894,10.9797,2.897,0.0,LCRISP
tmp__ge_MAR_20,AutoCRISP,missForest,20,4.1351,10.9797,2.655,0.0,AutoCRISP
tmp__ge_MAR_20,MICE,missForest,20,2.1727,10.9797,5.053,0.0,MICE
tmp__ge_MAR_20,KNN,missForest,20,11.1394,10.9797,0.986,0.1769,missForest
tmp__ge_MAR_20,mean,missForest,20,11.7936,10.9797,0.931,0.0,missForest
tmp__ge_MAR_20,SoftImpute,missForest,20,9.4685,10.9797,1.16,0.0,SoftImpute
tmp__ge_MCAR_10,CRISP,impKNNa,20,2.4353,11.4058,4.683,0.0,CRISP
tmp__ge_MCAR_10,LCRISP,impKNNa,20,2.062,11.4058,5.531,0.0,LCRISP
tmp__ge_MCAR_10,AutoCRISP,impKNNa,20,2.4353,11.4058,4.683,0.0,AutoCRISP
tmp__ge_MCAR_10,MICE,impKNNa,20,1.6456,11.4058,6.931,0.0,MICE
tmp__ge_MCAR_10,KNN,impKNNa,20,11.0952,11.4058,1.028,0.2943,KNN
tmp__ge_MCAR_10,mean,impKNNa,20,11.8015,11.4058,0.966,0.114,impKNNa
tmp__ge_MCAR_10,SoftImpute,impKNNa,20,8.2409,11.4058,1.384,0.0,SoftImpute
tmp__ge_MCAR_10,CRISP,missForest,20,2.4353,10.8677,4.463,0.0,CRISP
tmp__ge_MCAR_10,LCRISP,missForest,20,2.062,10.8677,5.27,0.0,LCRISP
tmp__ge_MCAR_10,AutoCRISP,missForest,20,2.4353,10.8677,4.463,0.0,AutoCRISP
tmp__ge_MCAR_10,MICE,missForest,20,1.6456,10.8677,6.604,0.0,MICE
tmp__ge_MCAR_10,KNN,missForest,20,11.0952,10.8677,0.979,0.2305,missForest
tmp__ge_MCAR_10,mean,missForest,20,11.8015,10.8677,0.921,0.0,missForest
tmp__ge_MCAR_10,SoftImpute,missForest,20,8.2409,10.8677,1.319,0.0,SoftImpute
tmp__ge_MCAR_20,CRISP,impKNNa,20,4.3124,11.0278,2.557,0.0,CRISP
tmp__ge_MCAR_20,LCRISP,impKNNa,20,3.7608,11.0278,2.932,0.0,LCRISP
tmp__ge_MCAR_20,AutoCRISP,impKNNa,20,4.3124,11.0278,2.557,0.0,AutoCRISP
tmp__ge_MCAR_20,MICE,impKNNa,20,2.5549,11.0278,4.316,0.0,MICE
tmp__ge_MCAR_20,KNN,impKNNa,20,11.5869,11.0278,0.952,0.0136,impKNNa
tmp__ge_MCAR_20,mean,impKNNa,20,12.7314,11.0278,0.866,0.0,impKNNa
tmp__ge_MCAR_20,SoftImpute,impKNNa,20,10.7563,11.0278,1.025,0.2774,SoftImpute
tmp__ge_MCAR_20,CRISP,missForest,20,4.3124,11.8214,2.741,0.0,CRISP
tmp__ge_MCAR_20,LCRISP,missForest,20,3.7608,11.8214,3.143,0.0,LCRISP
tmp__ge_MCAR_20,AutoCRISP,missForest,20,4.3124,11.8214,2.741,0.0,AutoCRISP
tmp__ge_MCAR_20,MICE,missForest,20,2.5549,11.8214,4.627,0.0,MICE
tmp__ge_MCAR_20,KNN,missForest,20,11.5869,11.8214,1.02,0.0296,KNN
tmp__ge_MCAR_20,mean,missForest,20,12.7314,11.8214,0.929,0.0,missForest
tmp__ge_MCAR_20,SoftImpute,missForest,20,10.7563,11.8214,1.099,0.0,SoftImpute
tmp__ge_MNAR_10,CRISP,impKNNa,20,0.5067,10.6046,20.929,0.0,CRISP
tmp__ge_MNAR_10,LCRISP,impKNNa,20,0.5682,10.6046,18.663,0.0,LCRISP
tmp__ge_MNAR_10,AutoCRISP,impKNNa,20,0.5067,10.6046,20.929,0.0,AutoCRISP
tmp__ge_MNAR_10,MICE,impKNNa,20,0.7344,10.6046,14.439,0.0,MICE
tmp__ge_MNAR_10,KNN,impKNNa,20,10.584,10.6046,1.002,0.9563,KNN
tmp__ge_MNAR_10,mean,impKNNa,20,10.2024,10.6046,1.039,0.33,mean
tmp__ge_MNAR_10,SoftImpute,impKNNa,20,5.4316,10.6046,1.952,0.0,SoftImpute
tmp__ge_MNAR_10,CRISP,missForest,20,0.5067,9.7271,19.197,0.0,CRISP
tmp__ge_MNAR_10,LCRISP,missForest,20,0.5682,9.7271,17.119,0.0,LCRISP
tmp__ge_MNAR_10,AutoCRISP,missForest,20,0.5067,9.7271,19.197,0.0,AutoCRISP
tmp__ge_MNAR_10,MICE,missForest,20,0.7344,9.7271,13.244,0.0,MICE
tmp__ge_MNAR_10,KNN,missForest,20,10.584,9.7271,0.919,0.0064,missForest
tmp__ge_MNAR_10,mean,missForest,20,10.2024,9.7271,0.953,0.0583,missForest
tmp__ge_MNAR_10,SoftImpute,missForest,20,5.4316,9.7271,1.791,0.0,SoftImpute
tmp__ge_MNAR_20,CRISP,impKNNa,20,1.9309,10.8791,5.634,0.0,CRISP
tmp__ge_MNAR_20,LCRISP,impKNNa,20,2.3118,10.8791,4.706,0.0,LCRISP
tmp__ge_MNAR_20,AutoCRISP,impKNNa,20,1.9309,10.8791,5.634,0.0,AutoCRISP
tmp__ge_MNAR_20,MICE,impKNNa,20,1.5349,10.8791,7.088,0.0,MICE
tmp__ge_MNAR_20,KNN,impKNNa,20,10.5009,10.8791,1.036,0.2305,KNN
tmp__ge_MNAR_20,mean,impKNNa,20,10.3302,10.8791,1.053,0.2943,mean
tmp__ge_MNAR_20,SoftImpute,impKNNa,20,7.0001,10.8791,1.554,0.0,SoftImpute
tmp__ge_MNAR_20,CRISP,missForest,20,1.9309,9.7825,5.066,0.0,CRISP
tmp__ge_MNAR_20,LCRISP,missForest,20,2.3118,9.7825,4.231,0.0,LCRISP
tmp__ge_MNAR_20,AutoCRISP,missForest,20,1.9309,9.7825,5.066,0.0,AutoCRISP
tmp__ge_MNAR_20,MICE,missForest,20,1.5349,9.7825,6.373,0.0,MICE
tmp__ge_MNAR_20,KNN,missForest,20,10.5009,9.7825,0.932,0.0007,missForest
tmp__ge_MNAR_20,mean,missForest,20,10.3302,9.7825,0.947,0.0004,missForest
tmp__ge_MNAR_20,SoftImpute,missForest,20,7.0001,9.7825,1.397,0.0,SoftImpute
tmp__glass_MAR_10,CRISP,impKNNa,20,0.0624,0.1679,2.689,0.0,CRISP
tmp__glass_MAR_10,LCRISP,impKNNa,20,0.0555,0.1679,3.023,0.0,LCRISP
tmp__glass_MAR_10,AutoCRISP,impKNNa,20,0.0624,0.1679,2.689,0.0,AutoCRISP
tmp__glass_MAR_10,MICE,impKNNa,20,0.071,0.1679,2.366,0.0,MICE
tmp__glass_MAR_10,KNN,impKNNa,20,0.1603,0.1679,1.048,0.5217,KNN
tmp__glass_MAR_10,mean,impKNNa,20,0.2466,0.1679,0.681,0.0,impKNNa
tmp__glass_MAR_10,SoftImpute,impKNNa,20,0.1258,0.1679,1.334,0.0006,SoftImpute
tmp__glass_MAR_10,CRISP,missForest,20,0.0624,0.1602,2.567,0.0,CRISP
tmp__glass_MAR_10,LCRISP,missForest,20,0.0555,0.1602,2.885,0.0,LCRISP
tmp__glass_MAR_10,AutoCRISP,missForest,20,0.0624,0.1602,2.567,0.0,AutoCRISP
tmp__glass_MAR_10,MICE,missForest,20,0.071,0.1602,2.258,0.0,MICE
tmp__glass_MAR_10,KNN,missForest,20,0.1603,0.1602,1.0,0.9563,missForest
tmp__glass_MAR_10,mean,missForest,20,0.2466,0.1602,0.65,0.0,missForest
tmp__glass_MAR_10,SoftImpute,missForest,20,0.1258,0.1602,1.273,0.0,SoftImpute
tmp__glass_MAR_10,CRISP,lrEMplus,15,0.0649,25.7717,397.358,0.0001,CRISP
tmp__glass_MAR_10,LCRISP,lrEMplus,15,0.057,25.7717,452.368,0.0001,LCRISP
tmp__glass_MAR_10,AutoCRISP,lrEMplus,15,0.0649,25.7717,397.358,0.0001,AutoCRISP
tmp__glass_MAR_10,MICE,lrEMplus,15,0.0778,25.7717,331.155,0.0001,MICE
tmp__glass_MAR_10,KNN,lrEMplus,15,0.1652,25.7717,156.038,0.0001,KNN
tmp__glass_MAR_10,mean,lrEMplus,15,0.2562,25.7717,100.602,0.0001,mean
tmp__glass_MAR_10,SoftImpute,lrEMplus,15,0.1289,25.7717,199.978,0.0001,SoftImpute
tmp__glass_MAR_20,CRISP,impKNNa,20,0.1129,0.1963,1.74,0.0,CRISP
tmp__glass_MAR_20,LCRISP,impKNNa,20,0.1064,0.1963,1.845,0.0,LCRISP
tmp__glass_MAR_20,AutoCRISP,impKNNa,20,0.1061,0.1963,1.851,0.0,AutoCRISP
tmp__glass_MAR_20,MICE,impKNNa,20,0.1172,0.1963,1.675,0.0,MICE
tmp__glass_MAR_20,KNN,impKNNa,20,0.1795,0.1963,1.094,0.0266,KNN
tmp__glass_MAR_20,mean,impKNNa,20,0.2513,0.1963,0.781,0.0,impKNNa
tmp__glass_MAR_20,SoftImpute,impKNNa,20,0.1524,0.1963,1.288,0.0,SoftImpute
tmp__glass_MAR_20,CRISP,missForest,20,0.1129,0.1722,1.526,0.0,CRISP
tmp__glass_MAR_20,LCRISP,missForest,20,0.1064,0.1722,1.619,0.0,LCRISP
tmp__glass_MAR_20,AutoCRISP,missForest,20,0.1061,0.1722,1.624,0.0,AutoCRISP
tmp__glass_MAR_20,MICE,missForest,20,0.1172,0.1722,1.469,0.0,MICE
tmp__glass_MAR_20,KNN,missForest,20,0.1795,0.1722,0.96,0.0759,missForest
tmp__glass_MAR_20,mean,missForest,20,0.2513,0.1722,0.685,0.0,missForest
tmp__glass_MAR_20,SoftImpute,missForest,20,0.1524,0.1722,1.13,0.0,SoftImpute
tmp__glass_MAR_20,CRISP,lrEMplus,11,0.1166,1.4901,12.776,0.001,CRISP
tmp__glass_MAR_20,LCRISP,lrEMplus,11,0.1085,1.4901,13.738,0.001,LCRISP
tmp__glass_MAR_20,AutoCRISP,lrEMplus,11,0.1097,1.4901,13.587,0.001,AutoCRISP
tmp__glass_MAR_20,MICE,lrEMplus,11,0.1312,1.4901,11.358,0.001,MICE
tmp__glass_MAR_20,KNN,lrEMplus,11,0.18,1.4901,8.276,0.001,KNN
tmp__glass_MAR_20,mean,lrEMplus,11,0.2505,1.4901,5.947,0.001,mean
tmp__glass_MAR_20,SoftImpute,lrEMplus,11,0.1496,1.4901,9.958,0.001,SoftImpute
tmp__glass_MCAR_10,CRISP,impKNNa,20,0.0734,0.1622,2.21,0.0,CRISP
tmp__glass_MCAR_10,LCRISP,impKNNa,20,0.0607,0.1622,2.67,0.0,LCRISP
tmp__glass_MCAR_10,AutoCRISP,impKNNa,20,0.0734,0.1622,2.21,0.0,AutoCRISP
tmp__glass_MCAR_10,MICE,impKNNa,20,0.0749,0.1622,2.164,0.0,MICE
tmp__glass_MCAR_10,KNN,impKNNa,20,0.1556,0.1622,1.042,0.2305,KNN
tmp__glass_MCAR_10,mean,impKNNa,20,0.2529,0.1622,0.641,0.0,impKNNa
tmp__glass_MCAR_10,SoftImpute,impKNNa,20,0.1353,0.1622,1.198,0.0005,SoftImpute
tmp__glass_MCAR_10,CRISP,missForest,20,0.0734,0.1678,2.288,0.0,CRISP
tmp__glass_MCAR_10,LCRISP,missForest,20,0.0607,0.1678,2.764,0.0,LCRISP
tmp__glass_MCAR_10,AutoCRISP,missForest,20,0.0734,0.1678,2.288,0.0,AutoCRISP
tmp__glass_MCAR_10,MICE,missForest,20,0.0749,0.1678,2.24,0.0,MICE
tmp__glass_MCAR_10,KNN,missForest,20,0.1556,0.1678,1.079,0.0696,KNN
tmp__glass_MCAR_10,mean,missForest,20,0.2529,0.1678,0.664,0.0,missForest
tmp__glass_MCAR_10,SoftImpute,missForest,20,0.1353,0.1678,1.24,0.0,SoftImpute
tmp__glass_MCAR_10,CRISP,lrEMplus,19,0.0738,1.3766,18.662,0.0,CRISP
tmp__glass_MCAR_10,LCRISP,lrEMplus,19,0.0608,1.3766,22.644,0.0,LCRISP
tmp__glass_MCAR_10,AutoCRISP,lrEMplus,19,0.0738,1.3766,18.662,0.0,AutoCRISP
tmp__glass_MCAR_10,MICE,lrEMplus,19,0.0756,1.3766,18.202,0.0,MICE
tmp__glass_MCAR_10,KNN,lrEMplus,19,0.155,1.3766,8.879,0.0,KNN
tmp__glass_MCAR_10,mean,lrEMplus,19,0.2526,1.3766,5.449,0.0,mean
tmp__glass_MCAR_10,SoftImpute,lrEMplus,19,0.1355,1.3766,10.159,0.0,SoftImpute
tmp__glass_MCAR_20,CRISP,impKNNa,20,0.1291,0.1969,1.524,0.0,CRISP
tmp__glass_MCAR_20,LCRISP,impKNNa,20,0.1053,0.1969,1.869,0.0,LCRISP
tmp__glass_MCAR_20,AutoCRISP,impKNNa,20,0.1121,0.1969,1.756,0.0,AutoCRISP
tmp__glass_MCAR_20,MICE,impKNNa,20,0.1323,0.1969,1.488,0.0,MICE
tmp__glass_MCAR_20,KNN,impKNNa,20,0.1848,0.1969,1.065,0.0583,KNN
tmp__glass_MCAR_20,mean,impKNNa,20,0.2673,0.1969,0.736,0.0,impKNNa
tmp__glass_MCAR_20,SoftImpute,impKNNa,20,0.1659,0.1969,1.186,0.0004,SoftImpute
tmp__glass_MCAR_20,CRISP,missForest,20,0.1291,0.1822,1.411,0.0,CRISP
tmp__glass_MCAR_20,LCRISP,missForest,20,0.1053,0.1822,1.73,0.0,LCRISP
tmp__glass_MCAR_20,AutoCRISP,missForest,20,0.1121,0.1822,1.626,0.0,AutoCRISP
tmp__glass_MCAR_20,MICE,missForest,20,0.1323,0.1822,1.377,0.0,MICE
tmp__glass_MCAR_20,KNN,missForest,20,0.1848,0.1822,0.986,0.4524,missForest
tmp__glass_MCAR_20,mean,missForest,20,0.2673,0.1822,0.682,0.0,missForest
tmp__glass_MCAR_20,SoftImpute,missForest,20,0.1659,0.1822,1.098,0.0006,SoftImpute
tmp__glass_MCAR_20,CRISP,lrEMplus,16,0.1279,2.279,17.818,0.0,CRISP
tmp__glass_MCAR_20,LCRISP,lrEMplus,16,0.1054,2.279,21.623,0.0,LCRISP
tmp__glass_MCAR_20,AutoCRISP,lrEMplus,16,0.111,2.279,20.539,0.0,AutoCRISP
tmp__glass_MCAR_20,MICE,lrEMplus,16,0.1356,2.279,16.808,0.0,MICE
tmp__glass_MCAR_20,KNN,lrEMplus,16,0.1854,2.279,12.295,0.0,KNN
tmp__glass_MCAR_20,mean,lrEMplus,16,0.2708,2.279,8.415,0.0,mean
tmp__glass_MCAR_20,SoftImpute,lrEMplus,16,0.1709,2.279,13.339,0.0,SoftImpute
tmp__glass_MNAR_10,CRISP,impKNNa,20,0.0171,0.1453,8.486,0.0,CRISP
tmp__glass_MNAR_10,LCRISP,impKNNa,20,0.0173,0.1453,8.378,0.0,LCRISP
tmp__glass_MNAR_10,AutoCRISP,impKNNa,20,0.0171,0.1453,8.486,0.0,AutoCRISP
tmp__glass_MNAR_10,MICE,impKNNa,20,0.0166,0.1453,8.757,0.0,MICE
tmp__glass_MNAR_10,KNN,impKNNa,20,0.1439,0.1453,1.009,1.0,KNN
tmp__glass_MNAR_10,mean,impKNNa,20,0.2288,0.1453,0.635,0.0,impKNNa
tmp__glass_MNAR_10,SoftImpute,impKNNa,20,0.1074,0.1453,1.353,0.0002,SoftImpute
tmp__glass_MNAR_10,CRISP,missForest,20,0.0171,0.1454,8.495,0.0,CRISP
tmp__glass_MNAR_10,LCRISP,missForest,20,0.0173,0.1454,8.387,0.0,LCRISP
tmp__glass_MNAR_10,AutoCRISP,missForest,20,0.0171,0.1454,8.495,0.0,AutoCRISP
tmp__glass_MNAR_10,MICE,missForest,20,0.0166,0.1454,8.766,0.0,MICE
tmp__glass_MNAR_10,KNN,missForest,20,0.1439,0.1454,1.01,0.8695,KNN
tmp__glass_MNAR_10,mean,missForest,20,0.2288,0.1454,0.635,0.0,missForest
tmp__glass_MNAR_10,SoftImpute,missForest,20,0.1074,0.1454,1.354,0.0001,SoftImpute
tmp__glass_MNAR_10,CRISP,lrEMplus,19,0.018,0.698,38.739,0.0,CRISP
tmp__glass_MNAR_10,LCRISP,lrEMplus,19,0.0183,0.698,38.245,0.0,LCRISP
tmp__glass_MNAR_10,AutoCRISP,lrEMplus,19,0.018,0.698,38.739,0.0,AutoCRISP
tmp__glass_MNAR_10,MICE,lrEMplus,19,0.0161,0.698,43.412,0.0,MICE
tmp__glass_MNAR_10,KNN,lrEMplus,19,0.1444,0.698,4.833,0.0,KNN
tmp__glass_MNAR_10,mean,lrEMplus,19,0.2305,0.698,3.028,0.0,mean
tmp__glass_MNAR_10,SoftImpute,lrEMplus,19,0.107,0.698,6.521,0.0,SoftImpute
tmp__glass_MNAR_20,CRISP,impKNNa,20,0.0469,0.1749,3.728,0.0,CRISP
tmp__glass_MNAR_20,LCRISP,impKNNa,20,0.0474,0.1749,3.689,0.0,LCRISP
tmp__glass_MNAR_20,AutoCRISP,impKNNa,20,0.0469,0.1749,3.728,0.0,AutoCRISP
tmp__glass_MNAR_20,MICE,impKNNa,20,0.0582,0.1749,3.003,0.0,MICE
tmp__glass_MNAR_20,KNN,impKNNa,20,0.1585,0.1749,1.103,0.0532,KNN
tmp__glass_MNAR_20,mean,impKNNa,20,0.2387,0.1749,0.733,0.0001,impKNNa
tmp__glass_MNAR_20,SoftImpute,impKNNa,20,0.1188,0.1749,1.472,0.0,SoftImpute
tmp__glass_MNAR_20,CRISP,missForest,20,0.0469,0.163,3.475,0.0,CRISP
tmp__glass_MNAR_20,LCRISP,missForest,20,0.0474,0.163,3.439,0.0,LCRISP
tmp__glass_MNAR_20,AutoCRISP,missForest,20,0.0469,0.163,3.475,0.0,AutoCRISP
tmp__glass_MNAR_20,MICE,missForest,20,0.0582,0.163,2.8,0.0,MICE
tmp__glass_MNAR_20,KNN,missForest,20,0.1585,0.163,1.028,0.7562,KNN
tmp__glass_MNAR_20,mean,missForest,20,0.2387,0.163,0.683,0.0,missForest
tmp__glass_MNAR_20,SoftImpute,missForest,20,0.1188,0.163,1.373,0.0,SoftImpute
tmp__glass_MNAR_20,CRISP,lrEMplus,17,0.0488,22245.896,455809.891,0.0,CRISP
tmp__glass_MNAR_20,LCRISP,lrEMplus,17,0.0486,22245.896,457933.162,0.0,LCRISP
tmp__glass_MNAR_20,AutoCRISP,lrEMplus,17,0.0488,22245.896,455809.891,0.0,AutoCRISP
tmp__glass_MNAR_20,MICE,lrEMplus,17,0.0631,22245.896,352510.718,0.0,MICE
tmp__glass_MNAR_20,KNN,lrEMplus,17,0.1621,22245.896,137196.87,0.0,KNN
tmp__glass_MNAR_20,mean,lrEMplus,17,0.24,22245.896,92688.444,0.0,mean
tmp__glass_MNAR_20,SoftImpute,lrEMplus,17,0.1199,22245.896,185497.487,0.0,SoftImpute
tmp__steel_MAR_10,CRISP,impKNNa,20,1.2694,1.2024,0.947,0.2774,impKNNa
tmp__steel_MAR_10,LCRISP,impKNNa,20,0.5568,1.2024,2.159,0.0,LCRISP
tmp__steel_MAR_10,AutoCRISP,impKNNa,20,1.2694,1.2024,0.947,0.2774,impKNNa
tmp__steel_MAR_10,MICE,impKNNa,20,1.2965,1.2024,0.927,0.1536,impKNNa
tmp__steel_MAR_10,KNN,impKNNa,20,1.7314,1.2024,0.694,0.0,impKNNa
tmp__steel_MAR_10,mean,impKNNa,20,5.6502,1.2024,0.213,0.0,impKNNa
tmp__steel_MAR_10,SoftImpute,impKNNa,20,2.6485,1.2024,0.454,0.0,impKNNa
tmp__steel_MAR_10,CRISP,missForest,20,1.2694,1.4944,1.177,0.0027,CRISP
tmp__steel_MAR_10,LCRISP,missForest,20,0.5568,1.4944,2.684,0.0,LCRISP
tmp__steel_MAR_10,AutoCRISP,missForest,20,1.2694,1.4944,1.177,0.0027,AutoCRISP
tmp__steel_MAR_10,MICE,missForest,20,1.2965,1.4944,1.153,0.0056,MICE
tmp__steel_MAR_10,KNN,missForest,20,1.7314,1.4944,0.863,0.0037,missForest
tmp__steel_MAR_10,mean,missForest,20,5.6502,1.4944,0.264,0.0,missForest
tmp__steel_MAR_10,SoftImpute,missForest,20,2.6485,1.4944,0.564,0.0,missForest
tmp__steel_MAR_20,CRISP,impKNNa,20,2.1885,1.7572,0.803,0.0,impKNNa
tmp__steel_MAR_20,LCRISP,impKNNa,20,1.194,1.7572,1.472,0.0,LCRISP
tmp__steel_MAR_20,AutoCRISP,impKNNa,20,1.2661,1.7572,1.388,0.0001,AutoCRISP
tmp__steel_MAR_20,MICE,impKNNa,20,2.1683,1.7572,0.81,0.0,impKNNa
tmp__steel_MAR_20,KNN,impKNNa,20,2.5883,1.7572,0.679,0.0,impKNNa
tmp__steel_MAR_20,mean,impKNNa,20,5.6841,1.7572,0.309,0.0,impKNNa
tmp__steel_MAR_20,SoftImpute,impKNNa,20,3.2266,1.7572,0.545,0.0,impKNNa
tmp__steel_MAR_20,CRISP,missForest,20,2.1885,1.6903,0.772,0.0,missForest
tmp__steel_MAR_20,LCRISP,missForest,20,1.194,1.6903,1.416,0.0,LCRISP
tmp__steel_MAR_20,AutoCRISP,missForest,20,1.2661,1.6903,1.335,0.0001,AutoCRISP
tmp__steel_MAR_20,MICE,missForest,20,2.1683,1.6903,0.78,0.0,missForest
tmp__steel_MAR_20,KNN,missForest,20,2.5883,1.6903,0.653,0.0,missForest
tmp__steel_MAR_20,mean,missForest,20,5.6841,1.6903,0.297,0.0,missForest
tmp__steel_MAR_20,SoftImpute,missForest,20,3.2266,1.6903,0.524,0.0,missForest
tmp__steel_MCAR_10,CRISP,impKNNa,20,1.5133,1.334,0.882,0.0107,impKNNa
tmp__steel_MCAR_10,LCRISP,impKNNa,20,0.6356,1.334,2.099,0.0,LCRISP
tmp__steel_MCAR_10,AutoCRISP,impKNNa,20,1.5133,1.334,0.882,0.0107,impKNNa
tmp__steel_MCAR_10,MICE,impKNNa,20,1.5481,1.334,0.862,0.0094,impKNNa
tmp__steel_MCAR_10,KNN,impKNNa,20,1.9467,1.334,0.685,0.0,impKNNa
tmp__steel_MCAR_10,mean,impKNNa,20,6.243,1.334,0.214,0.0,impKNNa
tmp__steel_MCAR_10,SoftImpute,impKNNa,20,2.9249,1.334,0.456,0.0,impKNNa
tmp__steel_MCAR_10,CRISP,missForest,20,1.5133,1.6169,1.068,0.0484,CRISP
tmp__steel_MCAR_10,LCRISP,missForest,20,0.6356,1.6169,2.544,0.0,LCRISP
tmp__steel_MCAR_10,AutoCRISP,missForest,20,1.5133,1.6169,1.068,0.0484,AutoCRISP
tmp__steel_MCAR_10,MICE,missForest,20,1.5481,1.6169,1.044,0.1536,MICE
tmp__steel_MCAR_10,KNN,missForest,20,1.9467,1.6169,0.831,0.0,missForest
tmp__steel_MCAR_10,mean,missForest,20,6.243,1.6169,0.259,0.0,missForest
tmp__steel_MCAR_10,SoftImpute,missForest,20,2.9249,1.6169,0.553,0.0,missForest
tmp__steel_MCAR_10,CRISP,lrEMplus,5,1.4368,17106.7929,11906.074,0.0625,CRISP
tmp__steel_MCAR_10,LCRISP,lrEMplus,5,0.4974,17106.7929,34393.709,0.0625,LCRISP
tmp__steel_MCAR_10,AutoCRISP,lrEMplus,5,1.4368,17106.7929,11906.074,0.0625,AutoCRISP
tmp__steel_MCAR_10,MICE,lrEMplus,5,1.4608,17106.7929,11710.65,0.0625,MICE
tmp__steel_MCAR_10,KNN,lrEMplus,5,1.8617,17106.7929,9189.014,0.0625,KNN
tmp__steel_MCAR_10,mean,lrEMplus,5,6.3505,17106.7929,2693.771,0.0625,mean
tmp__steel_MCAR_10,SoftImpute,lrEMplus,5,2.9609,17106.7929,5777.518,0.0625,SoftImpute
tmp__steel_MCAR_20,CRISP,impKNNa,20,2.6652,2.1487,0.806,0.0,impKNNa
tmp__steel_MCAR_20,LCRISP,impKNNa,20,1.5893,2.1487,1.352,0.0,LCRISP
tmp__steel_MCAR_20,AutoCRISP,impKNNa,20,1.5893,2.1487,1.352,0.0,AutoCRISP
tmp__steel_MCAR_20,MICE,impKNNa,20,2.5853,2.1487,0.831,0.0001,impKNNa
tmp__steel_MCAR_20,KNN,impKNNa,20,3.0122,2.1487,0.713,0.0,impKNNa
tmp__steel_MCAR_20,mean,impKNNa,20,6.3263,2.1487,0.34,0.0,impKNNa
tmp__steel_MCAR_20,SoftImpute,impKNNa,20,3.6699,2.1487,0.585,0.0,impKNNa
tmp__steel_MCAR_20,CRISP,missForest,20,2.6652,1.9491,0.731,0.0,missForest
tmp__steel_MCAR_20,LCRISP,missForest,20,1.5893,1.9491,1.226,0.0,LCRISP
tmp__steel_MCAR_20,AutoCRISP,missForest,20,1.5893,1.9491,1.226,0.0,AutoCRISP
tmp__steel_MCAR_20,MICE,missForest,20,2.5853,1.9491,0.754,0.0,missForest
tmp__steel_MCAR_20,KNN,missForest,20,3.0122,1.9491,0.647,0.0,missForest
tmp__steel_MCAR_20,mean,missForest,20,6.3263,1.9491,0.308,0.0,missForest
tmp__steel_MCAR_20,SoftImpute,missForest,20,3.6699,1.9491,0.531,0.0,missForest
tmp__steel_MNAR_10,CRISP,impKNNa,20,0.7991,0.9875,1.236,0.0192,CRISP
tmp__steel_MNAR_10,LCRISP,impKNNa,20,0.3343,0.9875,2.954,0.0,LCRISP
tmp__steel_MNAR_10,AutoCRISP,impKNNa,20,0.7991,0.9875,1.236,0.0192,AutoCRISP
tmp__steel_MNAR_10,MICE,impKNNa,20,0.8981,0.9875,1.1,0.2305,MICE
tmp__steel_MNAR_10,KNN,impKNNa,20,1.4577,0.9875,0.677,0.0,impKNNa
tmp__steel_MNAR_10,mean,impKNNa,20,5.203,0.9875,0.19,0.0,impKNNa
tmp__steel_MNAR_10,SoftImpute,impKNNa,20,2.3589,0.9875,0.419,0.0,impKNNa
tmp__steel_MNAR_10,CRISP,missForest,20,0.7991,1.2776,1.599,0.0001,CRISP
tmp__steel_MNAR_10,LCRISP,missForest,20,0.3343,1.2776,3.821,0.0,LCRISP
tmp__steel_MNAR_10,AutoCRISP,missForest,20,0.7991,1.2776,1.599,0.0001,AutoCRISP
tmp__steel_MNAR_10,MICE,missForest,20,0.8981,1.2776,1.423,0.0002,MICE
tmp__steel_MNAR_10,KNN,missForest,20,1.4577,1.2776,0.876,0.0073,missForest
tmp__steel_MNAR_10,mean,missForest,20,5.203,1.2776,0.246,0.0,missForest
tmp__steel_MNAR_10,SoftImpute,missForest,20,2.3589,1.2776,0.542,0.0,missForest
tmp__steel_MNAR_10,CRISP,lrEMplus,7,0.7202,64192.5847,89135.852,0.0156,CRISP
tmp__steel_MNAR_10,LCRISP,lrEMplus,7,0.3083,64192.5847,208215.596,0.0156,LCRISP
tmp__steel_MNAR_10,AutoCRISP,lrEMplus,7,0.7202,64192.5847,89135.852,0.0156,AutoCRISP
tmp__steel_MNAR_10,MICE,lrEMplus,7,0.8313,64192.5847,77218.549,0.0156,MICE
tmp__steel_MNAR_10,KNN,lrEMplus,7,1.5139,64192.5847,42400.868,0.0156,KNN
tmp__steel_MNAR_10,mean,lrEMplus,7,5.3195,64192.5847,12067.328,0.0469,mean
tmp__steel_MNAR_10,SoftImpute,lrEMplus,7,2.3744,64192.5847,27035.526,0.0156,SoftImpute
tmp__steel_MNAR_20,CRISP,impKNNa,20,1.5883,1.4007,0.882,0.0064,impKNNa
tmp__steel_MNAR_20,LCRISP,impKNNa,20,0.8119,1.4007,1.725,0.0,LCRISP
tmp__steel_MNAR_20,AutoCRISP,impKNNa,20,1.5883,1.4007,0.882,0.0064,impKNNa
tmp__steel_MNAR_20,MICE,impKNNa,20,1.7253,1.4007,0.812,0.0004,impKNNa
tmp__steel_MNAR_20,KNN,impKNNa,20,2.2928,1.4007,0.611,0.0,impKNNa
tmp__steel_MNAR_20,mean,impKNNa,20,5.3153,1.4007,0.264,0.0,impKNNa
tmp__steel_MNAR_20,SoftImpute,impKNNa,20,3.0322,1.4007,0.462,0.0,impKNNa
tmp__steel_MNAR_20,CRISP,missForest,20,1.5883,1.4839,0.934,0.114,missForest
tmp__steel_MNAR_20,LCRISP,missForest,20,0.8119,1.4839,1.828,0.0,LCRISP
tmp__steel_MNAR_20,AutoCRISP,missForest,20,1.5883,1.4839,0.934,0.114,missForest
tmp__steel_MNAR_20,MICE,missForest,20,1.7253,1.4839,0.86,0.0,missForest
tmp__steel_MNAR_20,KNN,missForest,20,2.2928,1.4839,0.647,0.0,missForest
tmp__steel_MNAR_20,mean,missForest,20,5.3153,1.4839,0.279,0.0,missForest
tmp__steel_MNAR_20,SoftImpute,missForest,20,3.0322,1.4839,0.489,0.0,missForest
tmp__synthetic_MAR_10,CRISP,impKNNa,20,3.16,10.7812,3.412,0.0,CRISP
tmp__synthetic_MAR_10,LCRISP,impKNNa,20,4.059,10.7812,2.656,0.0,LCRISP
tmp__synthetic_MAR_10,AutoCRISP,impKNNa,20,3.16,10.7812,3.412,0.0,AutoCRISP
tmp__synthetic_MAR_10,MICE,impKNNa,20,3.2944,10.7812,3.273,0.0,MICE
tmp__synthetic_MAR_10,KNN,impKNNa,20,10.9093,10.7812,0.988,0.8124,impKNNa
tmp__synthetic_MAR_10,mean,impKNNa,20,13.0006,10.7812,0.829,0.0,impKNNa
tmp__synthetic_MAR_10,SoftImpute,impKNNa,20,7.6603,10.7812,1.407,0.0,SoftImpute
tmp__synthetic_MAR_10,CRISP,missForest,20,3.16,11.6925,3.7,0.0,CRISP
tmp__synthetic_MAR_10,LCRISP,missForest,20,4.059,11.6925,2.881,0.0,LCRISP
tmp__synthetic_MAR_10,AutoCRISP,missForest,20,3.16,11.6925,3.7,0.0,AutoCRISP
tmp__synthetic_MAR_10,MICE,missForest,20,3.2944,11.6925,3.549,0.0,MICE
tmp__synthetic_MAR_10,KNN,missForest,20,10.9093,11.6925,1.072,0.0002,KNN
tmp__synthetic_MAR_10,mean,missForest,20,13.0006,11.6925,0.899,0.0,missForest
tmp__synthetic_MAR_10,SoftImpute,missForest,20,7.6603,11.6925,1.526,0.0,SoftImpute
tmp__synthetic_MAR_20,CRISP,impKNNa,20,6.4553,13.859,2.147,0.0,CRISP
tmp__synthetic_MAR_20,LCRISP,impKNNa,20,7.6085,13.859,1.822,0.0,LCRISP
tmp__synthetic_MAR_20,AutoCRISP,impKNNa,20,6.4553,13.859,2.147,0.0,AutoCRISP
tmp__synthetic_MAR_20,MICE,impKNNa,20,5.6873,13.859,2.437,0.0,MICE
tmp__synthetic_MAR_20,KNN,impKNNa,20,12.7766,13.859,1.085,0.0107,KNN
tmp__synthetic_MAR_20,mean,impKNNa,20,13.1744,13.859,1.052,0.04,mean
tmp__synthetic_MAR_20,SoftImpute,impKNNa,20,10.2152,13.859,1.357,0.0,SoftImpute
tmp__synthetic_MAR_20,CRISP,missForest,20,6.4553,12.4119,1.923,0.0,CRISP
tmp__synthetic_MAR_20,LCRISP,missForest,20,7.6085,12.4119,1.631,0.0,LCRISP
tmp__synthetic_MAR_20,AutoCRISP,missForest,20,6.4553,12.4119,1.923,0.0,AutoCRISP
tmp__synthetic_MAR_20,MICE,missForest,20,5.6873,12.4119,2.182,0.0,MICE
tmp__synthetic_MAR_20,KNN,missForest,20,12.7766,12.4119,0.971,0.0637,missForest
tmp__synthetic_MAR_20,mean,missForest,20,13.1744,12.4119,0.942,0.0,missForest
tmp__synthetic_MAR_20,SoftImpute,missForest,20,10.2152,12.4119,1.215,0.0,SoftImpute
tmp__synthetic_MCAR_10,CRISP,impKNNa,20,4.2857,11.8055,2.755,0.0,CRISP
tmp__synthetic_MCAR_10,LCRISP,impKNNa,20,5.3434,11.8055,2.209,0.0,LCRISP
tmp__synthetic_MCAR_10,AutoCRISP,impKNNa,20,4.2857,11.8055,2.755,0.0,AutoCRISP
tmp__synthetic_MCAR_10,MICE,impKNNa,20,3.7361,11.8055,3.16,0.0,MICE
tmp__synthetic_MCAR_10,KNN,impKNNa,20,12.3653,11.8055,0.955,0.0153,impKNNa
tmp__synthetic_MCAR_10,mean,impKNNa,20,15.1506,11.8055,0.779,0.0,impKNNa
tmp__synthetic_MCAR_10,SoftImpute,impKNNa,20,10.5502,11.8055,1.119,0.0001,SoftImpute
tmp__synthetic_MCAR_10,CRISP,missForest,20,4.2857,13.4885,3.147,0.0,CRISP
tmp__synthetic_MCAR_10,LCRISP,missForest,20,5.3434,13.4885,2.524,0.0,LCRISP
tmp__synthetic_MCAR_10,AutoCRISP,missForest,20,4.2857,13.4885,3.147,0.0,AutoCRISP
tmp__synthetic_MCAR_10,MICE,missForest,20,3.7361,13.4885,3.61,0.0,MICE
tmp__synthetic_MCAR_10,KNN,missForest,20,12.3653,13.4885,1.091,0.0,KNN
tmp__synthetic_MCAR_10,mean,missForest,20,15.1506,13.4885,0.89,0.0,missForest
tmp__synthetic_MCAR_10,SoftImpute,missForest,20,10.5502,13.4885,1.279,0.0,SoftImpute
tmp__synthetic_MCAR_20,CRISP,impKNNa,20,8.5354,14.3054,1.676,0.0,CRISP
tmp__synthetic_MCAR_20,LCRISP,impKNNa,20,9.4583,14.3054,1.512,0.0,LCRISP
tmp__synthetic_MCAR_20,AutoCRISP,impKNNa,20,8.5354,14.3054,1.676,0.0,AutoCRISP
tmp__synthetic_MCAR_20,MICE,impKNNa,20,6.7682,14.3054,2.114,0.0,MICE
tmp__synthetic_MCAR_20,KNN,impKNNa,20,15.0613,14.3054,0.95,0.0012,impKNNa
tmp__synthetic_MCAR_20,mean,impKNNa,20,15.3607,14.3054,0.931,0.0003,impKNNa
tmp__synthetic_MCAR_20,SoftImpute,impKNNa,20,13.0795,14.3054,1.094,0.0,SoftImpute
tmp__synthetic_MCAR_20,CRISP,missForest,20,8.5354,14.359,1.682,0.0,CRISP
tmp__synthetic_MCAR_20,LCRISP,missForest,20,9.4583,14.359,1.518,0.0,LCRISP
tmp__synthetic_MCAR_20,AutoCRISP,missForest,20,8.5354,14.359,1.682,0.0,AutoCRISP
tmp__synthetic_MCAR_20,MICE,missForest,20,6.7682,14.359,2.122,0.0,MICE
tmp__synthetic_MCAR_20,KNN,missForest,20,15.0613,14.359,0.953,0.0,missForest
tmp__synthetic_MCAR_20,mean,missForest,20,15.3607,14.359,0.935,0.0,missForest
tmp__synthetic_MCAR_20,SoftImpute,missForest,20,13.0795,14.359,1.098,0.0,SoftImpute
tmp__synthetic_MNAR_10,CRISP,impKNNa,20,2.7056,10.2771,3.798,0.0,CRISP
tmp__synthetic_MNAR_10,LCRISP,impKNNa,20,3.5693,10.2771,2.879,0.0,LCRISP
tmp__synthetic_MNAR_10,AutoCRISP,impKNNa,20,2.7056,10.2771,3.798,0.0,AutoCRISP
tmp__synthetic_MNAR_10,MICE,impKNNa,20,2.8151,10.2771,3.651,0.0,MICE
tmp__synthetic_MNAR_10,KNN,impKNNa,20,9.8243,10.2771,1.046,0.1893,KNN
tmp__synthetic_MNAR_10,mean,impKNNa,20,11.454,10.2771,0.897,0.0056,impKNNa
tmp__synthetic_MNAR_10,SoftImpute,impKNNa,20,5.687,10.2771,1.807,0.0,SoftImpute
tmp__synthetic_MNAR_10,CRISP,missForest,20,2.7056,10.477,3.872,0.0,CRISP
tmp__synthetic_MNAR_10,LCRISP,missForest,20,3.5693,10.477,2.935,0.0,LCRISP
tmp__synthetic_MNAR_10,AutoCRISP,missForest,20,2.7056,10.477,3.872,0.0,AutoCRISP
tmp__synthetic_MNAR_10,MICE,missForest,20,2.8151,10.477,3.722,0.0,MICE
tmp__synthetic_MNAR_10,KNN,missForest,20,9.8243,10.477,1.066,0.0012,KNN
tmp__synthetic_MNAR_10,mean,missForest,20,11.454,10.477,0.915,0.0,missForest
tmp__synthetic_MNAR_10,SoftImpute,missForest,20,5.687,10.477,1.842,0.0,SoftImpute
tmp__synthetic_MNAR_20,CRISP,impKNNa,20,5.4227,12.9066,2.38,0.0,CRISP
tmp__synthetic_MNAR_20,LCRISP,impKNNa,20,6.3655,12.9066,2.028,0.0,LCRISP
tmp__synthetic_MNAR_20,AutoCRISP,impKNNa,20,5.4227,12.9066,2.38,0.0,AutoCRISP
tmp__synthetic_MNAR_20,MICE,impKNNa,20,4.9395,12.9066,2.613,0.0,MICE
tmp__synthetic_MNAR_20,KNN,impKNNa,20,11.4694,12.9066,1.125,0.0003,KNN
tmp__synthetic_MNAR_20,mean,impKNNa,20,11.7384,12.9066,1.1,0.0007,mean
tmp__synthetic_MNAR_20,SoftImpute,impKNNa,20,8.193,12.9066,1.575,0.0,SoftImpute
tmp__synthetic_MNAR_20,CRISP,missForest,20,5.4227,11.0561,2.039,0.0,CRISP
tmp__synthetic_MNAR_20,LCRISP,missForest,20,6.3655,11.0561,1.737,0.0,LCRISP
tmp__synthetic_MNAR_20,AutoCRISP,missForest,20,5.4227,11.0561,2.039,0.0,AutoCRISP
tmp__synthetic_MNAR_20,MICE,missForest,20,4.9395,11.0561,2.238,0.0,MICE
tmp__synthetic_MNAR_20,KNN,missForest,20,11.4694,11.0561,0.964,0.024,missForest
tmp__synthetic_MNAR_20,mean,missForest,20,11.7384,11.0561,0.942,0.0,missForest
tmp__synthetic_MNAR_20,SoftImpute,missForest,20,8.193,11.0561,1.349,0.0,SoftImpute
tmp_nd__ge_nd_MAR_10,CRISP,impKNNa,20,2.7187,7.8942,2.904,0.0007,CRISP
tmp_nd__ge_nd_MAR_10,LCRISP,impKNNa,20,1.5975,7.8942,4.942,0.0,LCRISP
tmp_nd__ge_nd_MAR_10,AutoCRISP,impKNNa,20,2.7187,7.8942,2.904,0.0007,AutoCRISP
tmp_nd__ge_nd_MAR_10,MICE,impKNNa,20,2.8056,7.8942,2.814,0.0005,MICE
tmp_nd__ge_nd_MAR_10,KNN,impKNNa,20,9.715,7.8942,0.813,0.0215,impKNNa
tmp_nd__ge_nd_MAR_10,mean,impKNNa,20,11.8909,7.8942,0.664,0.0012,impKNNa
tmp_nd__ge_nd_MAR_10,SoftImpute,impKNNa,20,8.1432,7.8942,0.969,0.4304,impKNNa
tmp_nd__ge_nd_MAR_10,CRISP,missForest,20,2.7187,10.5706,3.888,0.0,CRISP
tmp_nd__ge_nd_MAR_10,LCRISP,missForest,20,1.5975,10.5706,6.617,0.0,LCRISP
tmp_nd__ge_nd_MAR_10,AutoCRISP,missForest,20,2.7187,10.5706,3.888,0.0,AutoCRISP
tmp_nd__ge_nd_MAR_10,MICE,missForest,20,2.8056,10.5706,3.768,0.0,MICE
tmp_nd__ge_nd_MAR_10,KNN,missForest,20,9.715,10.5706,1.088,0.0484,KNN
tmp_nd__ge_nd_MAR_10,mean,missForest,20,11.8909,10.5706,0.889,0.0002,missForest
tmp_nd__ge_nd_MAR_10,SoftImpute,missForest,20,8.1432,10.5706,1.298,0.0,SoftImpute
tmp_nd__ge_nd_MAR_30,CRISP,impKNNa,20,11.2685,10.2818,0.912,0.3884,impKNNa
tmp_nd__ge_nd_MAR_30,LCRISP,impKNNa,20,7.0322,10.2818,1.462,0.0042,LCRISP
tmp_nd__ge_nd_MAR_30,AutoCRISP,impKNNa,20,11.2685,10.2818,0.912,0.3884,impKNNa
tmp_nd__ge_nd_MAR_30,MICE,impKNNa,20,9.1949,10.2818,1.118,0.1893,MICE
tmp_nd__ge_nd_MAR_30,KNN,impKNNa,20,10.3699,10.2818,0.992,0.9563,impKNNa
tmp_nd__ge_nd_MAR_30,mean,impKNNa,20,12.9103,10.2818,0.796,0.0003,impKNNa
tmp_nd__ge_nd_MAR_30,SoftImpute,impKNNa,20,10.8793,10.2818,0.945,0.3118,impKNNa
tmp_nd__ge_nd_MAR_30,CRISP,missForest,20,11.2685,11.5753,1.027,0.7841,CRISP
tmp_nd__ge_nd_MAR_30,LCRISP,missForest,20,7.0322,11.5753,1.646,0.0,LCRISP
tmp_nd__ge_nd_MAR_30,AutoCRISP,missForest,20,11.2685,11.5753,1.027,0.7841,AutoCRISP
tmp_nd__ge_nd_MAR_30,MICE,missForest,20,9.1949,11.5753,1.259,0.0001,MICE
tmp_nd__ge_nd_MAR_30,KNN,missForest,20,10.3699,11.5753,1.116,0.0,KNN
tmp_nd__ge_nd_MAR_30,mean,missForest,20,12.9103,11.5753,0.897,0.0,missForest
tmp_nd__ge_nd_MAR_30,SoftImpute,missForest,20,10.8793,11.5753,1.064,0.0002,SoftImpute
tmp_nd__ge_nd_MCAR_10,CRISP,impKNNa,20,4.2735,8.2286,1.925,0.0032,CRISP
tmp_nd__ge_nd_MCAR_10,LCRISP,impKNNa,20,2.2998,8.2286,3.578,0.0,LCRISP
tmp_nd__ge_nd_MCAR_10,AutoCRISP,impKNNa,20,4.2735,8.2286,1.925,0.0032,AutoCRISP
tmp_nd__ge_nd_MCAR_10,MICE,impKNNa,20,3.8717,8.2286,2.125,0.0003,MICE
tmp_nd__ge_nd_MCAR_10,KNN,impKNNa,20,9.0438,8.2286,0.91,0.1712,impKNNa
tmp_nd__ge_nd_MCAR_10,mean,impKNNa,20,12.4754,8.2286,0.66,0.0,impKNNa
tmp_nd__ge_nd_MCAR_10,SoftImpute,impKNNa,20,8.5406,8.2286,0.963,0.7012,impKNNa
tmp_nd__ge_nd_MCAR_10,CRISP,missForest,20,4.2735,10.7649,2.519,0.0002,CRISP
tmp_nd__ge_nd_MCAR_10,LCRISP,missForest,20,2.2998,10.7649,4.681,0.0,LCRISP
tmp_nd__ge_nd_MCAR_10,AutoCRISP,missForest,20,4.2735,10.7649,2.519,0.0002,AutoCRISP
tmp_nd__ge_nd_MCAR_10,MICE,missForest,20,3.8717,10.7649,2.78,0.0,MICE
tmp_nd__ge_nd_MCAR_10,KNN,missForest,20,9.0438,10.7649,1.19,0.0003,KNN
tmp_nd__ge_nd_MCAR_10,mean,missForest,20,12.4754,10.7649,0.863,0.0,missForest
tmp_nd__ge_nd_MCAR_10,SoftImpute,missForest,20,8.5406,10.7649,1.26,0.0,SoftImpute
tmp_nd__ge_nd_MCAR_30,CRISP,impKNNa,20,12.4936,9.8763,0.791,0.0362,impKNNa
tmp_nd__ge_nd_MCAR_30,LCRISP,impKNNa,20,8.0413,9.8763,1.228,0.0583,LCRISP
tmp_nd__ge_nd_MCAR_30,AutoCRISP,impKNNa,20,12.4936,9.8763,0.791,0.0362,impKNNa
tmp_nd__ge_nd_MCAR_30,MICE,impKNNa,20,10.2495,9.8763,0.964,0.5217,impKNNa
tmp_nd__ge_nd_MCAR_30,KNN,impKNNa,20,10.614,9.8763,0.93,0.1054,impKNNa
tmp_nd__ge_nd_MCAR_30,mean,impKNNa,20,13.6672,9.8763,0.723,0.0,impKNNa
tmp_nd__ge_nd_MCAR_30,SoftImpute,impKNNa,20,11.3456,9.8763,0.87,0.0027,impKNNa
tmp_nd__ge_nd_MCAR_30,CRISP,missForest,20,12.4936,12.0167,0.962,0.6477,missForest
tmp_nd__ge_nd_MCAR_30,LCRISP,missForest,20,8.0413,12.0167,1.494,0.0001,LCRISP
tmp_nd__ge_nd_MCAR_30,AutoCRISP,missForest,20,12.4936,12.0167,0.962,0.6477,missForest
tmp_nd__ge_nd_MCAR_30,MICE,missForest,20,10.2495,12.0167,1.172,0.0,MICE
tmp_nd__ge_nd_MCAR_30,KNN,missForest,20,10.614,12.0167,1.132,0.0,KNN
tmp_nd__ge_nd_MCAR_30,mean,missForest,20,13.6672,12.0167,0.879,0.0,missForest
tmp_nd__ge_nd_MCAR_30,SoftImpute,missForest,20,11.3456,12.0167,1.059,0.0004,SoftImpute
tmp_nd__ge_nd_MNAR_10,CRISP,impKNNa,19,0.9474,7.0713,7.464,0.001,CRISP
tmp_nd__ge_nd_MNAR_10,LCRISP,impKNNa,19,0.0,7.0713,3.781733593347958e+16,0.0001,LCRISP
tmp_nd__ge_nd_MNAR_10,AutoCRISP,impKNNa,19,0.9474,7.0713,7.464,0.001,AutoCRISP
tmp_nd__ge_nd_MNAR_10,MICE,impKNNa,19,0.9675,7.0713,7.309,0.0,MICE
tmp_nd__ge_nd_MNAR_10,KNN,impKNNa,19,9.3637,7.0713,0.755,0.0046,impKNNa
tmp_nd__ge_nd_MNAR_10,mean,impKNNa,19,10.4126,7.0713,0.679,0.0053,impKNNa
tmp_nd__ge_nd_MNAR_10,SoftImpute,impKNNa,19,6.2229,7.0713,1.136,0.4653,SoftImpute
tmp_nd__ge_nd_MNAR_10,CRISP,missForest,19,0.9474,9.0199,9.521,0.0,CRISP
tmp_nd__ge_nd_MNAR_10,LCRISP,missForest,19,0.0,9.0199,4.823866374407358e+16,0.0,LCRISP
tmp_nd__ge_nd_MNAR_10,AutoCRISP,missForest,19,0.9474,9.0199,9.521,0.0,AutoCRISP
tmp_nd__ge_nd_MNAR_10,MICE,missForest,19,0.9675,9.0199,9.323,0.0,MICE
tmp_nd__ge_nd_MNAR_10,KNN,missForest,19,9.3637,9.0199,0.963,0.768,missForest
tmp_nd__ge_nd_MNAR_10,mean,missForest,19,10.4126,9.0199,0.866,0.0141,missForest
tmp_nd__ge_nd_MNAR_10,SoftImpute,missForest,19,6.2229,9.0199,1.449,0.0002,SoftImpute
tmp_nd__ge_nd_MNAR_30,CRISP,impKNNa,20,4.1854,8.9635,2.142,0.0003,CRISP
tmp_nd__ge_nd_MNAR_30,LCRISP,impKNNa,20,1.9999,8.9635,4.482,0.0,LCRISP
tmp_nd__ge_nd_MNAR_30,AutoCRISP,impKNNa,20,4.1854,8.9635,2.142,0.0003,AutoCRISP
tmp_nd__ge_nd_MNAR_30,MICE,impKNNa,20,3.3089,8.9635,2.709,0.0001,MICE
tmp_nd__ge_nd_MNAR_30,KNN,impKNNa,20,9.1274,8.9635,0.982,0.6477,impKNNa
tmp_nd__ge_nd_MNAR_30,mean,impKNNa,20,10.2186,8.9635,0.877,0.2024,impKNNa
tmp_nd__ge_nd_MNAR_30,SoftImpute,impKNNa,20,7.7016,8.9635,1.164,0.2611,SoftImpute
tmp_nd__ge_nd_MNAR_30,CRISP,missForest,20,4.1854,9.055,2.163,0.0,CRISP
tmp_nd__ge_nd_MNAR_30,LCRISP,missForest,20,1.9999,9.055,4.528,0.0,LCRISP
tmp_nd__ge_nd_MNAR_30,AutoCRISP,missForest,20,4.1854,9.055,2.163,0.0,AutoCRISP
tmp_nd__ge_nd_MNAR_30,MICE,missForest,20,3.3089,9.055,2.737,0.0,MICE
tmp_nd__ge_nd_MNAR_30,KNN,missForest,20,9.1274,9.055,0.992,0.5459,missForest
tmp_nd__ge_nd_MNAR_30,mean,missForest,20,10.2186,9.055,0.886,0.0,missForest
tmp_nd__ge_nd_MNAR_30,SoftImpute,missForest,20,7.7016,9.055,1.176,0.0,SoftImpute
tmp_nd__synA1_MAR_10,CRISP,impKNNa,20,2.5381,8.0119,3.157,0.0,CRISP
tmp_nd__synA1_MAR_10,LCRISP,impKNNa,20,3.731,8.0119,2.147,0.0,LCRISP
tmp_nd__synA1_MAR_10,AutoCRISP,impKNNa,20,2.5381,8.0119,3.157,0.0,AutoCRISP
tmp_nd__synA1_MAR_10,MICE,impKNNa,20,7.0168,8.0119,1.142,0.0032,MICE
tmp_nd__synA1_MAR_10,KNN,impKNNa,20,6.634,8.0119,1.208,0.0001,KNN
tmp_nd__synA1_MAR_10,mean,impKNNa,20,6.6367,8.0119,1.207,0.0,mean
tmp_nd__synA1_MAR_10,SoftImpute,impKNNa,20,6.8354,8.0119,1.172,0.0002,SoftImpute
tmp_nd__synA1_MAR_10,CRISP,missForest,20,2.5381,6.7428,2.657,0.0,CRISP
tmp_nd__synA1_MAR_10,LCRISP,missForest,20,3.731,6.7428,1.807,0.0,LCRISP
tmp_nd__synA1_MAR_10,AutoCRISP,missForest,20,2.5381,6.7428,2.657,0.0,AutoCRISP
tmp_nd__synA1_MAR_10,MICE,missForest,20,7.0168,6.7428,0.961,0.0328,missForest
tmp_nd__synA1_MAR_10,KNN,missForest,20,6.634,6.7428,1.016,0.5459,KNN
tmp_nd__synA1_MAR_10,mean,missForest,20,6.6367,6.7428,1.016,0.0006,mean
tmp_nd__synA1_MAR_10,SoftImpute,missForest,20,6.8354,6.7428,0.986,0.1327,missForest
tmp_nd__synA1_MAR_30,CRISP,impKNNa,20,6.5913,,,,impKNNa
tmp_nd__synA1_MAR_30,LCRISP,impKNNa,20,7.619,,,,impKNNa
tmp_nd__synA1_MAR_30,AutoCRISP,impKNNa,20,6.5913,,,,impKNNa
tmp_nd__synA1_MAR_30,MICE,impKNNa,20,7.3781,,,,impKNNa
tmp_nd__synA1_MAR_30,KNN,impKNNa,20,6.974,,,,impKNNa
tmp_nd__synA1_MAR_30,mean,impKNNa,20,6.8868,,,,impKNNa
tmp_nd__synA1_MAR_30,SoftImpute,impKNNa,20,7.1055,,,,impKNNa
tmp_nd__synA1_MAR_30,CRISP,missForest,20,6.5913,6.9898,1.06,0.2943,CRISP
tmp_nd__synA1_MAR_30,LCRISP,missForest,20,7.619,6.9898,0.917,0.0328,missForest
tmp_nd__synA1_MAR_30,AutoCRISP,missForest,20,6.5913,6.9898,1.06,0.2943,AutoCRISP
tmp_nd__synA1_MAR_30,MICE,missForest,20,7.3781,6.9898,0.947,0.0002,missForest
tmp_nd__synA1_MAR_30,KNN,missForest,20,6.974,6.9898,1.002,0.8983,KNN
tmp_nd__synA1_MAR_30,mean,missForest,20,6.8868,6.9898,1.015,0.0,mean
tmp_nd__synA1_MAR_30,SoftImpute,missForest,20,7.1055,6.9898,0.984,0.0136,missForest
tmp_nd__synA1_MCAR_10,CRISP,impKNNa,20,3.4586,8.7096,2.518,0.0,CRISP
tmp_nd__synA1_MCAR_10,LCRISP,impKNNa,20,5.3507,8.7096,1.628,0.0,LCRISP
tmp_nd__synA1_MCAR_10,AutoCRISP,impKNNa,20,3.4586,8.7096,2.518,0.0,AutoCRISP
tmp_nd__synA1_MCAR_10,MICE,impKNNa,20,8.3911,8.7096,1.038,0.2162,MICE
tmp_nd__synA1_MCAR_10,KNN,impKNNa,20,7.9649,8.7096,1.093,0.0056,KNN
tmp_nd__synA1_MCAR_10,mean,impKNNa,20,8.0673,8.7096,1.08,0.0107,mean
tmp_nd__synA1_MCAR_10,SoftImpute,impKNNa,20,8.2992,8.7096,1.049,0.0696,SoftImpute
tmp_nd__synA1_MCAR_10,CRISP,missForest,20,3.4586,8.1521,2.357,0.0,CRISP
tmp_nd__synA1_MCAR_10,LCRISP,missForest,20,5.3507,8.1521,1.524,0.0,LCRISP
tmp_nd__synA1_MCAR_10,AutoCRISP,missForest,20,3.4586,8.1521,2.357,0.0,AutoCRISP
tmp_nd__synA1_MCAR_10,MICE,missForest,20,8.3911,8.1521,0.972,0.0532,missForest
tmp_nd__synA1_MCAR_10,KNN,missForest,20,7.9649,8.1521,1.024,0.1536,KNN
tmp_nd__synA1_MCAR_10,mean,missForest,20,8.0673,8.1521,1.011,0.0001,mean
tmp_nd__synA1_MCAR_10,SoftImpute,missForest,20,8.2992,8.1521,0.982,0.0192,missForest
tmp_nd__synA1_MCAR_30,CRISP,impKNNa,20,6.5185,,,,impKNNa
tmp_nd__synA1_MCAR_30,LCRISP,impKNNa,20,8.2292,,,,impKNNa
tmp_nd__synA1_MCAR_30,AutoCRISP,impKNNa,20,6.5185,,,,impKNNa
tmp_nd__synA1_MCAR_30,MICE,impKNNa,20,8.1787,,,,impKNNa
tmp_nd__synA1_MCAR_30,KNN,impKNNa,20,7.7422,,,,impKNNa
tmp_nd__synA1_MCAR_30,mean,impKNNa,20,7.6844,,,,impKNNa
tmp_nd__synA1_MCAR_30,SoftImpute,impKNNa,20,7.8681,,,,impKNNa
tmp_nd__synA1_MCAR_30,CRISP,missForest,20,6.5185,7.7692,1.192,0.0073,CRISP
tmp_nd__synA1_MCAR_30,LCRISP,missForest,20,8.2292,7.7692,0.944,0.3118,missForest
tmp_nd__synA1_MCAR_30,AutoCRISP,missForest,20,6.5185,7.7692,1.192,0.0073,AutoCRISP
tmp_nd__synA1_MCAR_30,MICE,missForest,20,8.1787,7.7692,0.95,0.0002,missForest
tmp_nd__synA1_MCAR_30,KNN,missForest,20,7.7422,7.7692,1.003,0.2162,KNN
tmp_nd__synA1_MCAR_30,mean,missForest,20,7.6844,7.7692,1.011,0.0,mean
tmp_nd__synA1_MCAR_30,SoftImpute,missForest,20,7.8681,7.7692,0.987,0.0001,missForest
tmp_nd__synA1_MNAR_10,CRISP,impKNNa,20,1.3825,5.995,4.336,0.0,CRISP
tmp_nd__synA1_MNAR_10,LCRISP,impKNNa,20,1.8728,5.995,3.201,0.0,LCRISP
tmp_nd__synA1_MNAR_10,AutoCRISP,impKNNa,20,1.3825,5.995,4.336,0.0,AutoCRISP
tmp_nd__synA1_MNAR_10,MICE,impKNNa,20,5.1805,5.995,1.157,0.0042,MICE
tmp_nd__synA1_MNAR_10,KNN,impKNNa,20,4.8873,5.995,1.227,0.0001,KNN
tmp_nd__synA1_MNAR_10,mean,impKNNa,20,4.5907,5.995,1.306,0.0,mean
tmp_nd__synA1_MNAR_10,SoftImpute,impKNNa,20,4.8737,5.995,1.23,0.0,SoftImpute
tmp_nd__synA1_MNAR_10,CRISP,missForest,20,1.3825,4.6943,3.396,0.0,CRISP
tmp_nd__synA1_MNAR_10,LCRISP,missForest,20,1.8728,4.6943,2.507,0.0,LCRISP
tmp_nd__synA1_MNAR_10,AutoCRISP,missForest,20,1.3825,4.6943,3.396,0.0,AutoCRISP
tmp_nd__synA1_MNAR_10,MICE,missForest,20,5.1805,4.6943,0.906,0.002,missForest
tmp_nd__synA1_MNAR_10,KNN,missForest,20,4.8873,4.6943,0.961,0.2943,missForest
tmp_nd__synA1_MNAR_10,mean,missForest,20,4.5907,4.6943,1.023,0.0121,mean
tmp_nd__synA1_MNAR_10,SoftImpute,missForest,20,4.8737,4.6943,0.963,0.0973,missForest
tmp_nd__synA1_MNAR_30,CRISP,impKNNa,20,3.4445,,,,impKNNa
tmp_nd__synA1_MNAR_30,LCRISP,impKNNa,20,4.6405,,,,impKNNa
tmp_nd__synA1_MNAR_30,AutoCRISP,impKNNa,20,3.4445,,,,impKNNa
tmp_nd__synA1_MNAR_30,MICE,impKNNa,20,5.5011,,,,impKNNa
tmp_nd__synA1_MNAR_30,KNN,impKNNa,20,4.9584,,,,impKNNa
tmp_nd__synA1_MNAR_30,mean,impKNNa,20,4.5734,,,,impKNNa
tmp_nd__synA1_MNAR_30,SoftImpute,impKNNa,20,4.9618,,,,impKNNa
tmp_nd__synA1_MNAR_30,CRISP,missForest,20,3.4445,4.6959,1.363,0.0,CRISP
tmp_nd__synA1_MNAR_30,LCRISP,missForest,20,4.6405,4.6959,1.012,0.8983,LCRISP
tmp_nd__synA1_MNAR_30,AutoCRISP,missForest,20,3.4445,4.6959,1.363,0.0,AutoCRISP
tmp_nd__synA1_MNAR_30,MICE,missForest,20,5.5011,4.6959,0.854,0.0,missForest
tmp_nd__synA1_MNAR_30,KNN,missForest,20,4.9584,4.6959,0.947,0.0083,missForest
tmp_nd__synA1_MNAR_30,mean,missForest,20,4.5734,4.6959,1.027,0.0,mean
tmp_nd__synA1_MNAR_30,SoftImpute,missForest,20,4.9618,4.6959,0.946,0.001,missForest
tmp_nd__synA2_MAR_10,CRISP,impKNNa,20,2.7764,7.793,2.807,0.0,CRISP
tmp_nd__synA2_MAR_10,LCRISP,impKNNa,20,3.8451,7.793,2.027,0.0,LCRISP
tmp_nd__synA2_MAR_10,AutoCRISP,impKNNa,20,2.7764,7.793,2.807,0.0,AutoCRISP
tmp_nd__synA2_MAR_10,MICE,impKNNa,20,6.9248,7.793,1.125,0.0012,MICE
tmp_nd__synA2_MAR_10,KNN,impKNNa,20,6.6211,7.793,1.177,0.0003,KNN
tmp_nd__synA2_MAR_10,mean,impKNNa,20,6.743,7.793,1.156,0.0001,mean
tmp_nd__synA2_MAR_10,SoftImpute,impKNNa,20,7.1699,7.793,1.087,0.0121,SoftImpute
tmp_nd__synA2_MAR_10,CRISP,missForest,20,2.7764,6.7963,2.448,0.0,CRISP
tmp_nd__synA2_MAR_10,LCRISP,missForest,20,3.8451,6.7963,1.768,0.0,LCRISP
tmp_nd__synA2_MAR_10,AutoCRISP,missForest,20,2.7764,6.7963,2.448,0.0,AutoCRISP
tmp_nd__synA2_MAR_10,MICE,missForest,20,6.9248,6.7963,0.981,0.0441,missForest
tmp_nd__synA2_MAR_10,KNN,missForest,20,6.6211,6.7963,1.026,0.1327,KNN
tmp_nd__synA2_MAR_10,mean,missForest,20,6.743,6.7963,1.008,0.0826,mean
tmp_nd__synA2_MAR_10,SoftImpute,missForest,20,7.1699,6.7963,0.948,0.0,missForest
tmp_nd__synA2_MAR_30,CRISP,impKNNa,20,7.3663,,,,impKNNa
tmp_nd__synA2_MAR_30,LCRISP,impKNNa,20,8.6057,,,,impKNNa
tmp_nd__synA2_MAR_30,AutoCRISP,impKNNa,20,7.3663,,,,impKNNa
tmp_nd__synA2_MAR_30,MICE,impKNNa,20,7.1801,,,,impKNNa
tmp_nd__synA2_MAR_30,KNN,impKNNa,20,6.9769,,,,impKNNa
tmp_nd__synA2_MAR_30,mean,impKNNa,20,6.9034,,,,impKNNa
tmp_nd__synA2_MAR_30,SoftImpute,impKNNa,20,7.2697,,,,impKNNa
tmp_nd__synA2_MAR_30,CRISP,missForest,20,7.3663,6.9619,0.945,0.3488,missForest
tmp_nd__synA2_MAR_30,LCRISP,missForest,20,8.6057,6.9619,0.809,0.0,missForest
tmp_nd__synA2_MAR_30,AutoCRISP,missForest,20,7.3663,6.9619,0.945,0.3488,missForest
tmp_nd__synA2_MAR_30,MICE,missForest,20,7.1801,6.9619,0.97,0.0014,missForest
tmp_nd__synA2_MAR_30,KNN,missForest,20,6.9769,6.9619,0.998,0.8124,missForest
tmp_nd__synA2_MAR_30,mean,missForest,20,6.9034,6.9619,1.008,0.0014,mean
tmp_nd__synA2_MAR_30,SoftImpute,missForest,20,7.2697,6.9619,0.958,0.0,missForest
tmp_nd__synA2_MCAR_10,CRISP,impKNNa,20,2.9692,7.2491,2.441,0.0,CRISP
tmp_nd__synA2_MCAR_10,LCRISP,impKNNa,20,4.1487,7.2491,1.747,0.0,LCRISP
tmp_nd__synA2_MCAR_10,AutoCRISP,impKNNa,20,2.9692,7.2491,2.441,0.0,AutoCRISP
tmp_nd__synA2_MCAR_10,MICE,impKNNa,20,6.6704,7.2491,1.087,0.0001,MICE
tmp_nd__synA2_MCAR_10,KNN,impKNNa,20,6.3896,7.2491,1.135,0.0001,KNN
tmp_nd__synA2_MCAR_10,mean,impKNNa,20,6.3086,7.2491,1.149,0.0,mean
tmp_nd__synA2_MCAR_10,SoftImpute,impKNNa,20,6.8839,7.2491,1.053,0.0027,SoftImpute
tmp_nd__synA2_MCAR_10,CRISP,missForest,20,2.9692,6.4273,2.165,0.0,CRISP
tmp_nd__synA2_MCAR_10,LCRISP,missForest,20,4.1487,6.4273,1.549,0.0,LCRISP
tmp_nd__synA2_MCAR_10,AutoCRISP,missForest,20,2.9692,6.4273,2.165,0.0,AutoCRISP
tmp_nd__synA2_MCAR_10,MICE,missForest,20,6.6704,6.4273,0.964,0.0006,missForest
tmp_nd__synA2_MCAR_10,KNN,missForest,20,6.3896,6.4273,1.006,0.9854,KNN
tmp_nd__synA2_MCAR_10,mean,missForest,20,6.3086,6.4273,1.019,0.0,mean
tmp_nd__synA2_MCAR_10,SoftImpute,missForest,20,6.8839,6.4273,0.934,0.0,missForest
tmp_nd__synA2_MCAR_30,CRISP,impKNNa,20,7.7542,,,,impKNNa
tmp_nd__synA2_MCAR_30,LCRISP,impKNNa,20,8.5103,,,,impKNNa
tmp_nd__synA2_MCAR_30,AutoCRISP,impKNNa,20,7.7542,,,,impKNNa
tmp_nd__synA2_MCAR_30,MICE,impKNNa,20,7.2095,,,,impKNNa
tmp_nd__synA2_MCAR_30,KNN,impKNNa,20,6.8969,,,,impKNNa
tmp_nd__synA2_MCAR_30,mean,impKNNa,20,6.8972,,,,impKNNa
tmp_nd__synA2_MCAR_30,SoftImpute,impKNNa,20,7.2353,,,,impKNNa
tmp_nd__synA2_MCAR_30,CRISP,missForest,20,7.7542,6.986,0.901,0.114,missForest
tmp_nd__synA2_MCAR_30,LCRISP,missForest,20,8.5103,6.986,0.821,0.0,missForest
tmp_nd__synA2_MCAR_30,AutoCRISP,missForest,20,7.7542,6.986,0.901,0.114,missForest
tmp_nd__synA2_MCAR_30,MICE,missForest,20,7.2095,6.986,0.969,0.0001,missForest
tmp_nd__synA2_MCAR_30,KNN,missForest,20,6.8969,6.986,1.013,0.0826,KNN
tmp_nd__synA2_MCAR_30,mean,missForest,20,6.8972,6.986,1.013,0.0,mean
tmp_nd__synA2_MCAR_30,SoftImpute,missForest,20,7.2353,6.986,0.966,0.0,missForest
tmp_nd__synA2_MNAR_10,CRISP,impKNNa,20,1.7403,6.4459,3.704,0.0,CRISP
tmp_nd__synA2_MNAR_10,LCRISP,impKNNa,20,2.3964,6.4459,2.69,0.0,LCRISP
tmp_nd__synA2_MNAR_10,AutoCRISP,impKNNa,20,1.7403,6.4459,3.704,0.0,AutoCRISP
tmp_nd__synA2_MNAR_10,MICE,impKNNa,20,5.2555,6.4459,1.226,0.0,MICE
tmp_nd__synA2_MNAR_10,KNN,impKNNa,20,5.1778,6.4459,1.245,0.0,KNN
tmp_nd__synA2_MNAR_10,mean,impKNNa,20,4.9964,6.4459,1.29,0.0,mean
tmp_nd__synA2_MNAR_10,SoftImpute,impKNNa,20,5.5821,6.4459,1.155,0.0,SoftImpute
tmp_nd__synA2_MNAR_10,CRISP,missForest,20,1.7403,5.04,2.896,0.0,CRISP
tmp_nd__synA2_MNAR_10,LCRISP,missForest,20,2.3964,5.04,2.103,0.0,LCRISP
tmp_nd__synA2_MNAR_10,AutoCRISP,missForest,20,1.7403,5.04,2.896,0.0,AutoCRISP
tmp_nd__synA2_MNAR_10,MICE,missForest,20,5.2555,5.04,0.959,0.0759,missForest
tmp_nd__synA2_MNAR_10,KNN,missForest,20,5.1778,5.04,0.973,0.7841,missForest
tmp_nd__synA2_MNAR_10,mean,missForest,20,4.9964,5.04,1.009,0.1327,mean
tmp_nd__synA2_MNAR_10,SoftImpute,missForest,20,5.5821,5.04,0.903,0.0001,missForest
tmp_nd__synA2_MNAR_30,CRISP,impKNNa,20,4.3871,,,,impKNNa
tmp_nd__synA2_MNAR_30,LCRISP,impKNNa,20,5.4651,,,,impKNNa
tmp_nd__synA2_MNAR_30,AutoCRISP,impKNNa,20,4.3871,,,,impKNNa
tmp_nd__synA2_MNAR_30,MICE,impKNNa,20,5.1524,,,,impKNNa
tmp_nd__synA2_MNAR_30,KNN,impKNNa,20,5.142,,,,impKNNa
tmp_nd__synA2_MNAR_30,mean,impKNNa,20,4.8408,,,,impKNNa
tmp_nd__synA2_MNAR_30,SoftImpute,impKNNa,20,5.5049,,,,impKNNa
tmp_nd__synA2_MNAR_30,CRISP,missForest,20,4.3871,4.9086,1.119,0.0362,CRISP
tmp_nd__synA2_MNAR_30,LCRISP,missForest,20,5.4651,4.9086,0.898,0.0107,missForest
tmp_nd__synA2_MNAR_30,AutoCRISP,missForest,20,4.3871,4.9086,1.119,0.0362,AutoCRISP
tmp_nd__synA2_MNAR_30,MICE,missForest,20,5.1524,4.9086,0.953,0.0,missForest
tmp_nd__synA2_MNAR_30,KNN,missForest,20,5.142,4.9086,0.955,0.0049,missForest
tmp_nd__synA2_MNAR_30,mean,missForest,20,4.8408,4.9086,1.014,0.0083,mean
tmp_nd__synA2_MNAR_30,SoftImpute,missForest,20,5.5049,4.9086,0.892,0.0,missForest
tmp_nd__synA3_MAR_10,CRISP,impKNNa,20,2.8754,7.9677,2.771,0.0,CRISP
tmp_nd__synA3_MAR_10,LCRISP,impKNNa,20,4.0958,7.9677,1.945,0.0,LCRISP
tmp_nd__synA3_MAR_10,AutoCRISP,impKNNa,20,2.8754,7.9677,2.771,0.0,AutoCRISP
tmp_nd__synA3_MAR_10,MICE,impKNNa,20,7.597,7.9677,1.049,0.1231,MICE
tmp_nd__synA3_MAR_10,KNN,impKNNa,20,6.731,7.9677,1.184,0.0,KNN
tmp_nd__synA3_MAR_10,mean,impKNNa,20,6.7683,7.9677,1.177,0.0,mean
tmp_nd__synA3_MAR_10,SoftImpute,impKNNa,20,7.0299,7.9677,1.133,0.0,SoftImpute
tmp_nd__synA3_MAR_10,CRISP,missForest,20,2.8754,6.8626,2.387,0.0,CRISP
tmp_nd__synA3_MAR_10,LCRISP,missForest,20,4.0958,6.8626,1.676,0.0,LCRISP
tmp_nd__synA3_MAR_10,AutoCRISP,missForest,20,2.8754,6.8626,2.387,0.0,AutoCRISP
tmp_nd__synA3_MAR_10,MICE,missForest,20,7.597,6.8626,0.903,0.0,missForest
tmp_nd__synA3_MAR_10,KNN,missForest,20,6.731,6.8626,1.02,0.2305,KNN
tmp_nd__synA3_MAR_10,mean,missForest,20,6.7683,6.8626,1.014,0.0003,mean
tmp_nd__synA3_MAR_10,SoftImpute,missForest,20,7.0299,6.8626,0.976,0.0094,missForest
tmp_nd__synA3_MAR_30,CRISP,impKNNa,20,6.66,,,,impKNNa
tmp_nd__synA3_MAR_30,LCRISP,impKNNa,20,8.4884,,,,impKNNa
tmp_nd__synA3_MAR_30,AutoCRISP,impKNNa,20,6.66,,,,impKNNa
tmp_nd__synA3_MAR_30,MICE,impKNNa,20,8.1932,,,,impKNNa
tmp_nd__synA3_MAR_30,KNN,impKNNa,20,7.284,,,,impKNNa
tmp_nd__synA3_MAR_30,mean,impKNNa,20,7.2736,,,,impKNNa
tmp_nd__synA3_MAR_30,SoftImpute,impKNNa,20,7.517,,,,impKNNa
tmp_nd__synA3_MAR_30,CRISP,missForest,20,6.66,7.3099,1.098,0.1231,CRISP
tmp_nd__synA3_MAR_30,LCRISP,missForest,20,8.4884,7.3099,0.861,0.0023,missForest
tmp_nd__synA3_MAR_30,AutoCRISP,missForest,20,6.66,7.3099,1.098,0.1231,AutoCRISP
tmp_nd__synA3_MAR_30,MICE,missForest,20,8.1932,7.3099,0.892,0.0,missForest
tmp_nd__synA3_MAR_30,KNN,missForest,20,7.284,7.3099,1.004,0.7285,KNN
tmp_nd__synA3_MAR_30,mean,missForest,20,7.2736,7.3099,1.005,0.0172,mean
tmp_nd__synA3_MAR_30,SoftImpute,missForest,20,7.517,7.3099,0.972,0.0001,missForest
tmp_nd__synA3_MCAR_10,CRISP,impKNNa,20,3.0483,7.7685,2.548,0.0,CRISP
tmp_nd__synA3_MCAR_10,LCRISP,impKNNa,20,4.4338,7.7685,1.752,0.0,LCRISP
tmp_nd__synA3_MCAR_10,AutoCRISP,impKNNa,20,3.0483,7.7685,2.548,0.0,AutoCRISP
tmp_nd__synA3_MCAR_10,MICE,impKNNa,20,7.7381,7.7685,1.004,0.8695,MICE
tmp_nd__synA3_MCAR_10,KNN,impKNNa,20,6.821,7.7685,1.139,0.0001,KNN
tmp_nd__synA3_MCAR_10,mean,impKNNa,20,6.7628,7.7685,1.149,0.0,mean
tmp_nd__synA3_MCAR_10,SoftImpute,impKNNa,20,7.1261,7.7685,1.09,0.0006,SoftImpute
tmp_nd__synA3_MCAR_10,CRISP,missForest,20,3.0483,6.8361,2.243,0.0,CRISP
tmp_nd__synA3_MCAR_10,LCRISP,missForest,20,4.4338,6.8361,1.542,0.0,LCRISP
tmp_nd__synA3_MCAR_10,AutoCRISP,missForest,20,3.0483,6.8361,2.243,0.0,AutoCRISP
tmp_nd__synA3_MCAR_10,MICE,missForest,20,7.7381,6.8361,0.883,0.0001,missForest
tmp_nd__synA3_MCAR_10,KNN,missForest,20,6.821,6.8361,1.002,0.5459,KNN
tmp_nd__synA3_MCAR_10,mean,missForest,20,6.7628,6.8361,1.011,0.0266,mean
tmp_nd__synA3_MCAR_10,SoftImpute,missForest,20,7.1261,6.8361,0.959,0.0007,missForest
tmp_nd__synA3_MCAR_30,CRISP,impKNNa,20,5.7982,,,,impKNNa
tmp_nd__synA3_MCAR_30,LCRISP,impKNNa,20,8.8977,,,,impKNNa
tmp_nd__synA3_MCAR_30,AutoCRISP,impKNNa,20,5.7982,,,,impKNNa
tmp_nd__synA3_MCAR_30,MICE,impKNNa,20,7.9005,,,,impKNNa
tmp_nd__synA3_MCAR_30,KNN,impKNNa,20,7.1354,,,,impKNNa
tmp_nd__synA3_MCAR_30,mean,impKNNa,20,7.1848,,,,impKNNa
tmp_nd__synA3_MCAR_30,SoftImpute,impKNNa,20,7.4196,,,,impKNNa
tmp_nd__synA3_MCAR_30,CRISP,missForest,20,5.7982,7.2345,1.248,0.024,CRISP
tmp_nd__synA3_MCAR_30,LCRISP,missForest,20,8.8977,7.2345,0.813,0.0,missForest
tmp_nd__synA3_MCAR_30,AutoCRISP,missForest,20,5.7982,7.2345,1.248,0.024,AutoCRISP
tmp_nd__synA3_MCAR_30,MICE,missForest,20,7.9005,7.2345,0.916,0.0,missForest
tmp_nd__synA3_MCAR_30,KNN,missForest,20,7.1354,7.2345,1.014,0.1429,KNN
tmp_nd__synA3_MCAR_30,mean,missForest,20,7.1848,7.2345,1.007,0.001,mean
tmp_nd__synA3_MCAR_30,SoftImpute,missForest,20,7.4196,7.2345,0.975,0.0001,missForest
tmp_nd__synA3_MNAR_10,CRISP,impKNNa,20,1.4434,5.9654,4.133,0.0,CRISP
tmp_nd__synA3_MNAR_10,LCRISP,impKNNa,20,1.8283,5.9654,3.263,0.0,LCRISP
tmp_nd__synA3_MNAR_10,AutoCRISP,impKNNa,20,1.4434,5.9654,4.133,0.0,AutoCRISP
tmp_nd__synA3_MNAR_10,MICE,impKNNa,20,5.4172,5.9654,1.101,0.0759,MICE
tmp_nd__synA3_MNAR_10,KNN,impKNNa,20,4.6839,5.9654,1.274,0.0002,KNN
tmp_nd__synA3_MNAR_10,mean,impKNNa,20,4.4233,5.9654,1.349,0.0,mean
tmp_nd__synA3_MNAR_10,SoftImpute,impKNNa,20,4.7714,5.9654,1.25,0.0,SoftImpute
tmp_nd__synA3_MNAR_10,CRISP,missForest,20,1.4434,4.5032,3.12,0.0,CRISP
tmp_nd__synA3_MNAR_10,LCRISP,missForest,20,1.8283,4.5032,2.463,0.0,LCRISP
tmp_nd__synA3_MNAR_10,AutoCRISP,missForest,20,1.4434,4.5032,3.12,0.0,AutoCRISP
tmp_nd__synA3_MNAR_10,MICE,missForest,20,5.4172,4.5032,0.831,0.0004,missForest
tmp_nd__synA3_MNAR_10,KNN,missForest,20,4.6839,4.5032,0.961,0.2943,missForest
tmp_nd__synA3_MNAR_10,mean,missForest,20,4.4233,4.5032,1.018,0.0215,mean
tmp_nd__synA3_MNAR_10,SoftImpute,missForest,20,4.7714,4.5032,0.944,0.001,missForest
tmp_nd__synA3_MNAR_30,CRISP,impKNNa,20,4.2831,,,,impKNNa
tmp_nd__synA3_MNAR_30,LCRISP,impKNNa,20,4.7423,,,,impKNNa
tmp_nd__synA3_MNAR_30,AutoCRISP,impKNNa,20,4.2831,,,,impKNNa
tmp_nd__synA3_MNAR_30,MICE,impKNNa,20,5.8694,,,,impKNNa
tmp_nd__synA3_MNAR_30,KNN,impKNNa,20,4.7532,,,,impKNNa
tmp_nd__synA3_MNAR_30,mean,impKNNa,20,4.5947,,,,impKNNa
tmp_nd__synA3_MNAR_30,SoftImpute,impKNNa,20,4.9585,,,,impKNNa
tmp_nd__synA3_MNAR_30,CRISP,missForest,20,4.2831,4.6677,1.09,0.2455,CRISP
tmp_nd__synA3_MNAR_30,LCRISP,missForest,20,4.7423,4.6677,0.984,0.8408,missForest
tmp_nd__synA3_MNAR_30,AutoCRISP,missForest,20,4.2831,4.6677,1.09,0.2455,AutoCRISP
tmp_nd__synA3_MNAR_30,MICE,missForest,20,5.8694,4.6677,0.795,0.0,missForest
tmp_nd__synA3_MNAR_30,KNN,missForest,20,4.7532,4.6677,0.982,0.2024,missForest
tmp_nd__synA3_MNAR_30,mean,missForest,20,4.5947,4.6677,1.016,0.0014,mean
tmp_nd__synA3_MNAR_30,SoftImpute,missForest,20,4.9585,4.6677,0.941,0.0,missForest
tmp_nd__synA4_MAR_10,CRISP,impKNNa,20,2.6314,6.1453,2.335,0.0,CRISP
tmp_nd__synA4_MAR_10,LCRISP,impKNNa,20,3.6479,6.1453,1.685,0.0,LCRISP
tmp_nd__synA4_MAR_10,AutoCRISP,impKNNa,20,2.6314,6.1453,2.335,0.0,AutoCRISP
tmp_nd__synA4_MAR_10,MICE,impKNNa,20,5.835,6.1453,1.053,0.1327,MICE
tmp_nd__synA4_MAR_10,KNN,impKNNa,20,5.2125,6.1453,1.179,0.0001,KNN
tmp_nd__synA4_MAR_10,mean,impKNNa,20,5.2949,6.1453,1.161,0.0001,mean
tmp_nd__synA4_MAR_10,SoftImpute,impKNNa,20,5.395,6.1453,1.139,0.0003,SoftImpute
tmp_nd__synA4_MAR_10,CRISP,missForest,20,2.6314,5.3745,2.042,0.0,CRISP
tmp_nd__synA4_MAR_10,LCRISP,missForest,20,3.6479,5.3745,1.473,0.0001,LCRISP
tmp_nd__synA4_MAR_10,AutoCRISP,missForest,20,2.6314,5.3745,2.042,0.0,AutoCRISP
tmp_nd__synA4_MAR_10,MICE,missForest,20,5.835,5.3745,0.921,0.001,missForest
tmp_nd__synA4_MAR_10,KNN,missForest,20,5.2125,5.3745,1.031,0.0637,KNN
tmp_nd__synA4_MAR_10,mean,missForest,20,5.2949,5.3745,1.015,0.001,mean
tmp_nd__synA4_MAR_10,SoftImpute,missForest,20,5.395,5.3745,0.996,0.4749,missForest
tmp_nd__synA4_MAR_30,CRISP,impKNNa,20,4.6573,,,,impKNNa
tmp_nd__synA4_MAR_30,LCRISP,impKNNa,20,7.0192,,,,impKNNa
tmp_nd__synA4_MAR_30,AutoCRISP,impKNNa,20,4.6573,,,,impKNNa
tmp_nd__synA4_MAR_30,MICE,impKNNa,20,6.265,,,,impKNNa
tmp_nd__synA4_MAR_30,KNN,impKNNa,20,5.5912,,,,impKNNa
tmp_nd__synA4_MAR_30,mean,impKNNa,20,5.626,,,,impKNNa
tmp_nd__synA4_MAR_30,SoftImpute,impKNNa,20,5.7064,,,,impKNNa
tmp_nd__synA4_MAR_30,CRISP,missForest,20,4.6573,5.6982,1.224,0.0027,CRISP
tmp_nd__synA4_MAR_30,LCRISP,missForest,20,7.0192,5.6982,0.812,0.0,missForest
tmp_nd__synA4_MAR_30,AutoCRISP,missForest,20,4.6573,5.6982,1.224,0.0027,AutoCRISP
tmp_nd__synA4_MAR_30,MICE,missForest,20,6.265,5.6982,0.91,0.0,missForest
tmp_nd__synA4_MAR_30,KNN,missForest,20,5.5912,5.6982,1.019,0.0042,KNN
tmp_nd__synA4_MAR_30,mean,missForest,20,5.626,5.6982,1.013,0.0,mean
tmp_nd__synA4_MAR_30,SoftImpute,missForest,20,5.7064,5.6982,0.999,0.4304,missForest
tmp_nd__synA4_MCAR_10,CRISP,impKNNa,20,3.1379,6.613,2.107,0.0,CRISP
tmp_nd__synA4_MCAR_10,LCRISP,impKNNa,20,4.583,6.613,1.443,0.0003,LCRISP
tmp_nd__synA4_MCAR_10,AutoCRISP,impKNNa,20,3.1379,6.613,2.107,0.0,AutoCRISP
tmp_nd__synA4_MCAR_10,MICE,impKNNa,20,6.4385,6.613,1.027,0.5217,MICE
tmp_nd__synA4_MCAR_10,KNN,impKNNa,20,5.6952,6.613,1.161,0.0,KNN
tmp_nd__synA4_MCAR_10,mean,impKNNa,20,5.7971,6.613,1.141,0.0001,mean
tmp_nd__synA4_MCAR_10,SoftImpute,impKNNa,20,5.8297,6.613,1.134,0.0002,SoftImpute
tmp_nd__synA4_MCAR_10,CRISP,missForest,20,3.1379,5.8833,1.875,0.0,CRISP
tmp_nd__synA4_MCAR_10,LCRISP,missForest,20,4.583,5.8833,1.284,0.0027,LCRISP
tmp_nd__synA4_MCAR_10,AutoCRISP,missForest,20,3.1379,5.8833,1.875,0.0,AutoCRISP
tmp_nd__synA4_MCAR_10,MICE,missForest,20,6.4385,5.8833,0.914,0.0,missForest
tmp_nd__synA4_MCAR_10,KNN,missForest,20,5.6952,5.8833,1.033,0.0042,KNN
tmp_nd__synA4_MCAR_10,mean,missForest,20,5.7971,5.8833,1.015,0.0,mean
tmp_nd__synA4_MCAR_10,SoftImpute,missForest,20,5.8297,5.8833,1.009,0.0637,SoftImpute
tmp_nd__synA4_MCAR_30,CRISP,impKNNa,20,4.9535,,,,impKNNa
tmp_nd__synA4_MCAR_30,LCRISP,impKNNa,20,7.5902,,,,impKNNa
tmp_nd__synA4_MCAR_30,AutoCRISP,impKNNa,20,4.9535,,,,impKNNa
tmp_nd__synA4_MCAR_30,MICE,impKNNa,20,6.5558,,,,impKNNa
tmp_nd__synA4_MCAR_30,KNN,impKNNa,20,5.8917,,,,impKNNa
tmp_nd__synA4_MCAR_30,mean,impKNNa,20,5.9315,,,,impKNNa
tmp_nd__synA4_MCAR_30,SoftImpute,impKNNa,20,6.0263,,,,impKNNa
tmp_nd__synA4_MCAR_30,CRISP,missForest,20,4.9535,6.0251,1.216,0.0037,CRISP
tmp_nd__synA4_MCAR_30,LCRISP,missForest,20,7.5902,6.0251,0.794,0.0,missForest
tmp_nd__synA4_MCAR_30,AutoCRISP,missForest,20,4.9535,6.0251,1.216,0.0037,AutoCRISP
tmp_nd__synA4_MCAR_30,MICE,missForest,20,6.5558,6.0251,0.919,0.0,missForest
tmp_nd__synA4_MCAR_30,KNN,missForest,20,5.8917,6.0251,1.023,0.0042,KNN
tmp_nd__synA4_MCAR_30,mean,missForest,20,5.9315,6.0251,1.016,0.0,mean
tmp_nd__synA4_MCAR_30,SoftImpute,missForest,20,6.0263,6.0251,1.0,0.9273,missForest
tmp_nd__synA4_MNAR_10,CRISP,impKNNa,20,1.8557,4.9856,2.687,0.0,CRISP
tmp_nd__synA4_MNAR_10,LCRISP,impKNNa,20,2.3142,4.9856,2.154,0.0,LCRISP
tmp_nd__synA4_MNAR_10,AutoCRISP,impKNNa,20,1.8557,4.9856,2.687,0.0,AutoCRISP
tmp_nd__synA4_MNAR_10,MICE,impKNNa,20,4.6559,4.9856,1.071,0.0826,MICE
tmp_nd__synA4_MNAR_10,KNN,impKNNa,20,3.8304,4.9856,1.302,0.0,KNN
tmp_nd__synA4_MNAR_10,mean,impKNNa,20,3.7382,4.9856,1.334,0.0,mean
tmp_nd__synA4_MNAR_10,SoftImpute,impKNNa,20,3.8914,4.9856,1.281,0.0,SoftImpute
tmp_nd__synA4_MNAR_10,CRISP,missForest,20,1.8557,3.8368,2.068,0.0,CRISP
tmp_nd__synA4_MNAR_10,LCRISP,missForest,20,2.3142,3.8368,1.658,0.0003,LCRISP
tmp_nd__synA4_MNAR_10,AutoCRISP,missForest,20,1.8557,3.8368,2.068,0.0,AutoCRISP
tmp_nd__synA4_MNAR_10,MICE,missForest,20,4.6559,3.8368,0.824,0.0,missForest
tmp_nd__synA4_MNAR_10,KNN,missForest,20,3.8304,3.8368,1.002,0.8124,KNN
tmp_nd__synA4_MNAR_10,mean,missForest,20,3.7382,3.8368,1.026,0.0009,mean
tmp_nd__synA4_MNAR_10,SoftImpute,missForest,20,3.8914,3.8368,0.986,0.0484,missForest
tmp_nd__synA4_MNAR_30,CRISP,impKNNa,20,4.1584,,,,impKNNa
tmp_nd__synA4_MNAR_30,LCRISP,impKNNa,20,4.6646,,,,impKNNa
tmp_nd__synA4_MNAR_30,AutoCRISP,impKNNa,20,4.1584,,,,impKNNa
tmp_nd__synA4_MNAR_30,MICE,impKNNa,20,4.7487,,,,impKNNa
tmp_nd__synA4_MNAR_30,KNN,impKNNa,20,3.8586,,,,impKNNa
tmp_nd__synA4_MNAR_30,mean,impKNNa,20,3.7912,,,,impKNNa
tmp_nd__synA4_MNAR_30,SoftImpute,impKNNa,20,3.9054,,,,impKNNa
tmp_nd__synA4_MNAR_30,CRISP,missForest,20,4.1584,3.8631,0.929,0.1429,missForest
tmp_nd__synA4_MNAR_30,LCRISP,missForest,20,4.6646,3.8631,0.828,0.0001,missForest
tmp_nd__synA4_MNAR_30,AutoCRISP,missForest,20,4.1584,3.8631,0.929,0.1429,missForest
tmp_nd__synA4_MNAR_30,MICE,missForest,20,4.7487,3.8631,0.814,0.0,missForest
tmp_nd__synA4_MNAR_30,KNN,missForest,20,3.8586,3.8631,1.001,0.7562,KNN
tmp_nd__synA4_MNAR_30,mean,missForest,20,3.7912,3.8631,1.019,0.0,mean
tmp_nd__synA4_MNAR_30,SoftImpute,missForest,20,3.9054,3.8631,0.989,0.0266,missForest
