dataset,n,d,ratio,mechanism,rate,seed,n_missing,single_missing_rows,multi_missing_rows,complete_rows
steel,8,13,1.625,MCAR,0.2,0,15,2,6,0
steel,8,13,1.625,MCAR,0.2,1,17,2,5,1
steel,8,13,1.625,MCAR,0.2,2,18,3,4,1
steel,8,13,1.625,MCAR,0.2,3,19,1,7,0
steel,8,13,1.625,MCAR,0.2,4,14,4,3,1
steel,8,13,1.625,MCAR,0.2,5,22,0,7,1
steel,8,13,1.625,MCAR,0.2,6,16,2,5,1
steel,8,13,1.625,MCAR,0.2,7,16,0,6,2
steel,8,13,1.625,MCAR,0.2,8,24,0,7,1
steel,8,13,1.625,MCAR,0.2,9,12,1,4,3
steel,8,13,1.625,MCAR,0.2,10,20,1,6,1
steel,8,13,1.625,MCAR,0.2,11,15,1,6,1
steel,8,13,1.625,MCAR,0.2,12,13,3,4,1
steel,8,13,1.625,MCAR,0.2,13,16,1,5,2
steel,8,13,1.625,MCAR,0.2,14,12,3,3,2
steel,8,13,1.625,MCAR,0.2,15,14,2,4,2
steel,8,13,1.625,MCAR,0.2,16,14,2,4,2
steel,8,13,1.625,MCAR,0.2,17,18,2,6,0
steel,8,13,1.625,MCAR,0.2,18,17,2,6,0
steel,8,13,1.625,MCAR,0.2,19,16,4,4,0
steel,8,13,1.625,MCAR,0.4,0,35,0,8,0
steel,8,13,1.625,MCAR,0.4,1,40,0,8,0
steel,8,13,1.625,MCAR,0.4,2,38,0,8,0
steel,8,13,1.625,MCAR,0.4,3,38,0,8,0
steel,8,13,1.625,MCAR,0.4,4,32,0,8,0
steel,8,13,1.625,MCAR,0.4,5,36,1,7,0
steel,8,13,1.625,MCAR,0.4,6,39,0,8,0
steel,8,13,1.625,MCAR,0.4,7,29,0,8,0
steel,8,13,1.625,MCAR,0.4,8,49,0,8,0
steel,8,13,1.625,MCAR,0.4,9,33,0,8,0
steel,8,13,1.625,MCAR,0.4,10,32,0,8,0
steel,8,13,1.625,MCAR,0.4,11,34,0,8,0
steel,8,13,1.625,MCAR,0.4,12,32,0,8,0
steel,8,13,1.625,MCAR,0.4,13,31,1,7,0
steel,8,13,1.625,MCAR,0.4,14,29,1,7,0
steel,8,13,1.625,MCAR,0.4,15,33,0,8,0
steel,8,13,1.625,MCAR,0.4,16,35,0,8,0
steel,8,13,1.625,MCAR,0.4,17,35,0,8,0
steel,8,13,1.625,MCAR,0.4,18,38,0,8,0
steel,8,13,1.625,MCAR,0.4,19,31,0,8,0
steel,8,13,1.625,MNAR,0.2,0,12,3,4,1
steel,8,13,1.625,MNAR,0.2,1,20,0,7,1
steel,8,13,1.625,MNAR,0.2,2,13,4,3,1
steel,8,13,1.625,MNAR,0.2,3,8,2,2,4
steel,8,13,1.625,MNAR,0.2,4,9,2,3,3
steel,8,13,1.625,MNAR,0.2,5,14,1,5,2
steel,8,13,1.625,MNAR,0.2,6,10,4,2,2
steel,8,13,1.625,MNAR,0.2,7,8,2,3,3
steel,8,13,1.625,MNAR,0.2,8,11,6,2,0
steel,8,13,1.625,MNAR,0.2,9,13,3,4,1
steel,8,13,1.625,MNAR,0.2,10,11,3,4,1
steel,8,13,1.625,MNAR,0.2,11,12,3,3,2
steel,8,13,1.625,MNAR,0.2,12,9,4,2,2
steel,8,13,1.625,MNAR,0.2,13,10,2,4,2
steel,8,13,1.625,MNAR,0.2,14,7,0,3,5
steel,8,13,1.625,MNAR,0.2,15,10,1,4,3
steel,8,13,1.625,MNAR,0.2,16,12,3,4,1
steel,8,13,1.625,MNAR,0.2,17,13,1,5,2
steel,8,13,1.625,MNAR,0.2,18,6,6,0,2
steel,8,13,1.625,MNAR,0.2,19,8,1,3,4
steel,8,13,1.625,MNAR,0.4,0,27,0,8,0
steel,8,13,1.625,MNAR,0.4,1,35,0,8,0
steel,8,13,1.625,MNAR,0.4,2,28,0,8,0
steel,8,13,1.625,MNAR,0.4,3,23,2,6,0
steel,8,13,1.625,MNAR,0.4,4,18,1,6,1
steel,8,13,1.625,MNAR,0.4,5,24,2,6,0
steel,8,13,1.625,MNAR,0.4,6,25,1,6,1
steel,8,13,1.625,MNAR,0.4,7,18,2,6,0
steel,8,13,1.625,MNAR,0.4,8,25,1,7,0
steel,8,13,1.625,MNAR,0.4,9,29,0,8,0
steel,8,13,1.625,MNAR,0.4,10,20,0,8,0
steel,8,13,1.625,MNAR,0.4,11,17,3,5,0
steel,8,13,1.625,MNAR,0.4,12,21,1,6,1
steel,8,13,1.625,MNAR,0.4,13,18,1,7,0
steel,8,13,1.625,MNAR,0.4,14,23,2,6,0
steel,8,13,1.625,MNAR,0.4,15,22,0,8,0
steel,8,13,1.625,MNAR,0.4,16,27,1,7,0
steel,8,13,1.625,MNAR,0.4,17,25,0,8,0
steel,8,13,1.625,MNAR,0.4,18,22,1,7,0
steel,8,13,1.625,MNAR,0.4,19,21,2,6,0
ge,6,9,1.5,MCAR,0.2,0,5,5,0,1
ge,6,9,1.5,MCAR,0.2,1,6,1,2,3
ge,6,9,1.5,MCAR,0.2,2,7,2,2,2
ge,6,9,1.5,MCAR,0.2,3,6,4,1,1
ge,6,9,1.5,MCAR,0.2,4,5,1,2,3
ge,6,9,1.5,MCAR,0.2,5,2,0,1,5
ge,6,9,1.5,MCAR,0.2,6,7,2,2,2
ge,6,9,1.5,MCAR,0.2,7,5,1,2,3
ge,6,9,1.5,MCAR,0.2,8,9,3,2,1
ge,6,9,1.5,MCAR,0.2,9,5,1,2,3
ge,6,9,1.5,MCAR,0.2,10,5,1,2,3
ge,6,9,1.5,MCAR,0.2,11,4,2,1,3
ge,6,9,1.5,MCAR,0.2,12,6,2,2,2
ge,6,9,1.5,MCAR,0.2,13,5,5,0,1
ge,6,9,1.5,MCAR,0.2,15,4,1,1,4
ge,6,9,1.5,MCAR,0.2,16,2,2,0,4
ge,6,9,1.5,MCAR,0.2,17,8,4,2,0
ge,6,9,1.5,MCAR,0.2,18,1,1,0,5
ge,6,9,1.5,MCAR,0.2,19,2,2,0,4
ge,6,9,1.5,MCAR,0.4,0,7,3,2,1
ge,6,9,1.5,MCAR,0.4,1,14,1,5,0
ge,6,9,1.5,MCAR,0.4,2,17,1,5,0
ge,6,9,1.5,MCAR,0.4,3,10,2,3,1
ge,6,9,1.5,MCAR,0.4,4,10,1,4,1
ge,6,9,1.5,MCAR,0.4,5,4,2,1,3
ge,6,9,1.5,MCAR,0.4,6,15,2,4,0
ge,6,9,1.5,MCAR,0.4,7,6,2,2,2
ge,6,9,1.5,MCAR,0.4,8,13,1,5,0
ge,6,9,1.5,MCAR,0.4,9,10,0,4,2
ge,6,9,1.5,MCAR,0.4,10,9,0,4,2
ge,6,9,1.5,MCAR,0.4,11,11,2,3,1
ge,6,9,1.5,MCAR,0.4,12,10,3,3,0
ge,6,9,1.5,MCAR,0.4,13,9,3,3,0
ge,6,9,1.5,MCAR,0.4,14,6,4,1,1
ge,6,9,1.5,MCAR,0.4,15,9,2,3,1
ge,6,9,1.5,MCAR,0.4,16,9,3,3,0
ge,6,9,1.5,MCAR,0.4,17,13,2,4,0
ge,6,9,1.5,MCAR,0.4,18,6,2,2,2
ge,6,9,1.5,MCAR,0.4,19,10,3,3,0
ge,6,9,1.5,MNAR,0.2,1,2,0,1,5
ge,6,9,1.5,MNAR,0.2,2,2,2,0,4
ge,6,9,1.5,MNAR,0.2,4,1,1,0,5
ge,6,9,1.5,MNAR,0.2,6,1,1,0,5
ge,6,9,1.5,MNAR,0.2,8,2,0,1,5
ge,6,9,1.5,MNAR,0.2,9,3,0,1,5
ge,6,9,1.5,MNAR,0.2,11,2,0,1,5
ge,6,9,1.5,MNAR,0.2,13,2,2,0,4
ge,6,9,1.5,MNAR,0.2,14,1,1,0,5
ge,6,9,1.5,MNAR,0.2,15,1,1,0,5
ge,6,9,1.5,MNAR,0.2,16,1,1,0,5
ge,6,9,1.5,MNAR,0.2,17,2,2,0,4
ge,6,9,1.5,MNAR,0.2,18,2,2,0,4
ge,6,9,1.5,MNAR,0.2,19,1,1,0,5
ge,6,9,1.5,MNAR,0.4,1,6,0,3,3
ge,6,9,1.5,MNAR,0.4,2,4,4,0,2
ge,6,9,1.5,MNAR,0.4,3,2,0,1,5
ge,6,9,1.5,MNAR,0.4,4,3,3,0,3
ge,6,9,1.5,MNAR,0.4,5,2,2,0,4
ge,6,9,1.5,MNAR,0.4,6,3,1,1,4
ge,6,9,1.5,MNAR,0.4,7,1,1,0,5
ge,6,9,1.5,MNAR,0.4,8,2,0,1,5
ge,6,9,1.5,MNAR,0.4,9,6,3,1,2
ge,6,9,1.5,MNAR,0.4,10,3,3,0,3
ge,6,9,1.5,MNAR,0.4,11,3,1,1,4
ge,6,9,1.5,MNAR,0.4,12,2,0,1,5
ge,6,9,1.5,MNAR,0.4,13,2,2,0,4
ge,6,9,1.5,MNAR,0.4,14,1,1,0,5
ge,6,9,1.5,MNAR,0.4,15,2,2,0,4
ge,6,9,1.5,MNAR,0.4,16,2,0,1,5
ge,6,9,1.5,MNAR,0.4,17,4,4,0,2
ge,6,9,1.5,MNAR,0.4,18,2,2,0,4
ge,6,9,1.5,MNAR,0.4,19,2,2,0,4
glass,5,8,1.6,MCAR,0.2,0,6,4,1,0
glass,5,8,1.6,MCAR,0.2,1,12,1,4,0
glass,5,8,1.6,MCAR,0.2,2,8,2,2,1
glass,5,8,1.6,MCAR,0.2,3,7,3,2,0
glass,5,8,1.6,MCAR,0.2,4,6,3,1,1
glass,5,8,1.6,MCAR,0.2,5,6,4,1,0
glass,5,8,1.6,MCAR,0.2,6,7,2,2,1
glass,5,8,1.6,MCAR,0.2,7,5,1,2,2
glass,5,8,1.6,MCAR,0.2,8,6,2,2,1
glass,5,8,1.6,MCAR,0.2,9,8,3,2,0
glass,5,8,1.6,MCAR,0.2,10,10,1,4,0
glass,5,8,1.6,MCAR,0.2,11,8,2,3,0
glass,5,8,1.6,MCAR,0.2,12,4,2,1,2
glass,5,8,1.6,MCAR,0.2,13,5,3,1,1
glass,5,8,1.6,MCAR,0.2,14,2,2,0,3
glass,5,8,1.6,MCAR,0.2,15,6,3,1,1
glass,5,8,1.6,MCAR,0.2,16,4,2,1,2
glass,5,8,1.6,MCAR,0.2,17,9,3,2,0
glass,5,8,1.6,MCAR,0.2,18,6,2,2,1
glass,5,8,1.6,MCAR,0.2,19,2,2,0,3
glass,5,8,1.6,MCAR,0.4,0,13,0,5,0
glass,5,8,1.6,MCAR,0.4,1,22,0,5,0
glass,5,8,1.6,MCAR,0.4,2,18,0,5,0
glass,5,8,1.6,MCAR,0.4,3,10,1,4,0
glass,5,8,1.6,MCAR,0.4,4,11,0,4,1
glass,5,8,1.6,MCAR,0.4,5,10,0,5,0
glass,5,8,1.6,MCAR,0.4,6,15,1,4,0
glass,5,8,1.6,MCAR,0.4,7,9,1,4,0
glass,5,8,1.6,MCAR,0.4,8,16,1,4,0
glass,5,8,1.6,MCAR,0.4,9,17,0,5,0
glass,5,8,1.6,MCAR,0.4,10,15,1,4,0
glass,5,8,1.6,MCAR,0.4,11,16,0,5,0
glass,5,8,1.6,MCAR,0.4,12,14,0,5,0
glass,5,8,1.6,MCAR,0.4,13,9,1,3,1
glass,5,8,1.6,MCAR,0.4,14,9,3,2,0
glass,5,8,1.6,MCAR,0.4,15,15,0,5,0
glass,5,8,1.6,MCAR,0.4,16,11,0,5,0
glass,5,8,1.6,MCAR,0.4,17,17,1,4,0
glass,5,8,1.6,MCAR,0.4,18,12,1,3,1
glass,5,8,1.6,MCAR,0.4,19,9,2,3,0
glass,5,8,1.6,MNAR,0.2,0,1,1,0,4
glass,5,8,1.6,MNAR,0.2,1,1,1,0,4
glass,5,8,1.6,MNAR,0.2,2,4,2,1,2
glass,5,8,1.6,MNAR,0.2,4,4,4,0,1
glass,5,8,1.6,MNAR,0.2,5,1,1,0,4
glass,5,8,1.6,MNAR,0.2,6,1,1,0,4
glass,5,8,1.6,MNAR,0.2,7,1,1,0,4
glass,5,8,1.6,MNAR,0.2,8,1,1,0,4
glass,5,8,1.6,MNAR,0.2,9,3,3,0,2
glass,5,8,1.6,MNAR,0.2,10,2,2,0,3
glass,5,8,1.6,MNAR,0.2,11,3,1,1,3
glass,5,8,1.6,MNAR,0.2,14,1,1,0,4
glass,5,8,1.6,MNAR,0.2,15,2,0,1,4
glass,5,8,1.6,MNAR,0.2,16,1,1,0,4
glass,5,8,1.6,MNAR,0.2,17,1,1,0,4
glass,5,8,1.6,MNAR,0.2,18,2,2,0,3
glass,5,8,1.6,MNAR,0.4,0,1,1,0,4
glass,5,8,1.6,MNAR,0.4,1,6,4,1,0
glass,5,8,1.6,MNAR,0.4,2,5,3,1,1
glass,5,8,1.6,MNAR,0.4,3,2,2,0,3
glass,5,8,1.6,MNAR,0.4,4,5,5,0,0
glass,5,8,1.6,MNAR,0.4,5,2,2,0,3
glass,5,8,1.6,MNAR,0.4,6,4,4,0,1
glass,5,8,1.6,MNAR,0.4,7,2,2,0,3
glass,5,8,1.6,MNAR,0.4,8,3,3,0,2
glass,5,8,1.6,MNAR,0.4,9,6,4,1,0
glass,5,8,1.6,MNAR,0.4,10,6,1,2,2
glass,5,8,1.6,MNAR,0.4,11,6,2,2,1
glass,5,8,1.6,MNAR,0.4,13,4,2,1,2
glass,5,8,1.6,MNAR,0.4,14,2,0,1,4
glass,5,8,1.6,MNAR,0.4,15,3,1,1,3
glass,5,8,1.6,MNAR,0.4,16,3,1,1,3
glass,5,8,1.6,MNAR,0.4,17,6,1,2,2
glass,5,8,1.6,MNAR,0.4,18,3,3,0,2
glass,5,8,1.6,MNAR,0.4,19,1,1,0,4
cement,4,7,1.75,MCAR,0.2,0,4,2,1,1
cement,4,7,1.75,MCAR,0.2,1,8,0,3,1
cement,4,7,1.75,MCAR,0.2,2,7,2,2,0
cement,4,7,1.75,MCAR,0.2,3,6,2,2,0
cement,4,7,1.75,MCAR,0.2,4,6,1,2,1
cement,4,7,1.75,MCAR,0.2,5,5,1,2,1
cement,4,7,1.75,MCAR,0.2,6,5,1,2,1
cement,4,7,1.75,MCAR,0.2,7,4,2,1,1
cement,4,7,1.75,MCAR,0.2,8,5,2,1,1
cement,4,7,1.75,MCAR,0.2,9,2,2,0,2
cement,4,7,1.75,MCAR,0.2,10,6,2,2,0
cement,4,7,1.75,MCAR,0.2,11,7,2,2,0
cement,4,7,1.75,MCAR,0.2,12,2,2,0,2
cement,4,7,1.75,MCAR,0.2,13,1,1,0,3
cement,4,7,1.75,MCAR,0.2,14,1,1,0,3
cement,4,7,1.75,MCAR,0.2,15,4,1,1,2
cement,4,7,1.75,MCAR,0.2,16,3,1,1,2
cement,4,7,1.75,MCAR,0.2,17,6,2,2,0
cement,4,7,1.75,MCAR,0.2,18,2,2,0,2
cement,4,7,1.75,MCAR,0.2,19,3,1,1,2
cement,4,7,1.75,MCAR,0.4,0,9,0,3,1
cement,4,7,1.75,MCAR,0.4,1,15,0,4,0
cement,4,7,1.75,MCAR,0.4,2,15,0,4,0
cement,4,7,1.75,MCAR,0.4,3,10,0,4,0
cement,4,7,1.75,MCAR,0.4,4,10,1,3,0
cement,4,7,1.75,MCAR,0.4,5,6,1,2,1
cement,4,7,1.75,MCAR,0.4,6,10,0,4,0
cement,4,7,1.75,MCAR,0.4,7,7,1,3,0
cement,4,7,1.75,MCAR,0.4,8,12,1,3,0
cement,4,7,1.75,MCAR,0.4,9,10,1,3,0
cement,4,7,1.75,MCAR,0.4,10,9,1,3,0
cement,4,7,1.75,MCAR,0.4,11,10,0,4,0
cement,4,7,1.75,MCAR,0.4,12,9,1,3,0
cement,4,7,1.75,MCAR,0.4,13,3,1,1,2
cement,4,7,1.75,MCAR,0.4,14,5,2,1,1
cement,4,7,1.75,MCAR,0.4,15,10,1,3,0
cement,4,7,1.75,MCAR,0.4,16,7,0,3,1
cement,4,7,1.75,MCAR,0.4,17,11,1,3,0
cement,4,7,1.75,MCAR,0.4,18,9,2,2,0
cement,4,7,1.75,MCAR,0.4,19,9,2,2,0
cement,4,7,1.75,MNAR,0.2,0,1,1,0,3
cement,4,7,1.75,MNAR,0.2,1,2,2,0,2
cement,4,7,1.75,MNAR,0.2,2,4,2,1,1
cement,4,7,1.75,MNAR,0.2,4,3,0,1,3
cement,4,7,1.75,MNAR,0.2,5,1,1,0,3
cement,4,7,1.75,MNAR,0.2,6,1,1,0,3
cement,4,7,1.75,MNAR,0.2,7,1,1,0,3
cement,4,7,1.75,MNAR,0.2,8,1,1,0,3
cement,4,7,1.75,MNAR,0.2,9,2,0,1,3
cement,4,7,1.75,MNAR,0.2,10,3,3,0,1
cement,4,7,1.75,MNAR,0.2,11,5,1,2,1
cement,4,7,1.75,MNAR,0.2,13,1,1,0,3
cement,4,7,1.75,MNAR,0.2,14,1,1,0,3
cement,4,7,1.75,MNAR,0.2,16,2,2,0,2
cement,4,7,1.75,MNAR,0.2,17,3,1,1,2
cement,4,7,1.75,MNAR,0.4,0,2,0,1,3
cement,4,7,1.75,MNAR,0.4,1,5,3,1,0
cement,4,7,1.75,MNAR,0.4,2,6,1,2,1
cement,4,7,1.75,MNAR,0.4,3,2,2,0,2
cement,4,7,1.75,MNAR,0.4,4,5,2,1,1
cement,4,7,1.75,MNAR,0.4,5,2,2,0,2
cement,4,7,1.75,MNAR,0.4,6,4,2,1,1
cement,4,7,1.75,MNAR,0.4,7,2,2,0,2
cement,4,7,1.75,MNAR,0.4,8,2,2,0,2
cement,4,7,1.75,MNAR,0.4,9,3,1,1,2
cement,4,7,1.75,MNAR,0.4,10,3,3,0,1
cement,4,7,1.75,MNAR,0.4,11,5,1,2,1
cement,4,7,1.75,MNAR,0.4,12,1,1,0,3
cement,4,7,1.75,MNAR,0.4,13,1,1,0,3
cement,4,7,1.75,MNAR,0.4,14,1,1,0,3
cement,4,7,1.75,MNAR,0.4,16,4,2,1,1
cement,4,7,1.75,MNAR,0.4,17,5,3,1,0
cement,4,7,1.75,MNAR,0.4,18,1,1,0,3
cement,4,7,1.75,MNAR,0.4,19,4,0,2,2
