key,group,dataset,crisp,lcrisp,auto,best_base,auto_equals_crisp,auto_equals_lcrisp,auto_win,crisp_win,gain_vs_crisp
cement_MCAR_20|realhr|MCAR|0.2,MCAR,cement_MCAR_20,1.5985,1.5839,1.5985,1.1016,True,False,False,False,0.0
cement_MCAR_40|realhr|MCAR|0.4,MCAR,cement_MCAR_40,2.755,2.7943,2.755,2.4758,True,False,False,False,0.0
cement_MNAR_20|realhr|MNAR|0.2,MNAR,cement_MNAR_20,0.4903,0.4885,0.4903,0.453,True,False,False,False,0.0
cement_MNAR_40|realhr|MNAR|0.4,MNAR,cement_MNAR_40,0.5896,0.5859,0.5896,0.5627,True,False,False,False,0.0
cement|lowmiss|MAR|0.1,MAR,cement,0.9846,0.5069,0.5069,0.3099,False,True,False,False,48.51716433069267
cement|lowmiss|MAR|0.2,MAR,cement,1.6986,0.9917,1.0269,0.6939,False,False,False,False,39.54433062522078
cement|lowmiss|MCAR|0.1,MCAR,cement,1.0741,0.5513,0.5513,0.3355,False,True,False,False,48.67330788567173
cement|lowmiss|MCAR|0.2,MCAR,cement,1.7944,1.053,1.094,0.7343,False,False,False,False,39.032545697726256
cement|lowmiss|MNAR|0.1,MNAR,cement,0.5477,0.2327,0.2327,0.1493,False,True,False,False,57.513237173635204
cement|lowmiss|MNAR|0.2,MNAR,cement,0.9796,0.4752,0.4752,0.2973,False,True,False,False,51.49040424663127
cement|realnd|observed|nan,observed,cement,0.0,0.0,0.0,0.0,True,True,False,False,
ge_MCAR_20|realhr|MCAR|0.2,MCAR,ge_MCAR_20,8.2064,7.8915,8.6912,5.4325,False,False,False,False,-5.907584324429712
ge_MCAR_40|realhr|MCAR|0.4,MCAR,ge_MCAR_40,13.4319,10.8748,11.6772,9.2662,False,False,False,False,13.063676769481617
ge_MNAR_20|realhr|MNAR|0.2,MNAR,ge_MNAR_20,2.9422,2.9422,2.9422,2.5109,True,True,False,False,0.0
ge_MNAR_40|realhr|MNAR|0.4,MNAR,ge_MNAR_40,2.9699,2.9699,2.9699,2.2571,True,True,False,False,0.0
ge_nd|nd|MAR|0.1,MAR,ge_nd,2.7187,1.5975,1.8658,0.7537,False,False,False,False,31.371611431934387
ge_nd|nd|MAR|0.3,MAR,ge_nd,11.2685,7.0322,10.1444,4.6519,False,False,False,False,9.97559568709234
ge_nd|nd|MCAR|0.1,MCAR,ge_nd,4.2735,2.2998,3.2198,1.7323,False,False,False,False,24.656604656604657
ge_nd|nd|MCAR|0.3,MCAR,ge_nd,12.4936,8.0413,9.6481,5.2192,False,False,False,False,22.775661138502922
ge_nd|nd|MNAR|0.1,MNAR,ge_nd,0.9474,0.0,0.5263,0.1289,False,False,False,False,44.44796284568292
ge_nd|nd|MNAR|0.3,MNAR,ge_nd,4.1854,1.9999,3.2299,1.2946,False,False,False,False,22.829359201032144
ge|lowmiss|MAR|0.1,MAR,ge,1.6962,1.4211,1.4438,0.7481,False,False,False,False,14.880320716896591
ge|lowmiss|MAR|0.2,MAR,ge,4.1351,3.7894,3.7898,2.074,False,False,False,False,8.35046310851008
ge|lowmiss|MCAR|0.1,MCAR,ge,2.4353,2.062,2.1453,1.0852,False,False,False,False,11.90818379665748
ge|lowmiss|MCAR|0.2,MCAR,ge,4.3124,3.7608,3.8767,2.4575,False,False,False,False,10.103422688062336
ge|lowmiss|MNAR|0.1,MNAR,ge,0.5067,0.5682,0.5682,0.2136,False,True,False,False,-12.137359384251036
ge|lowmiss|MNAR|0.2,MNAR,ge,1.9309,2.3118,2.1597,0.9565,False,False,False,False,-11.849396654409855
ge|realnd|observed|nan,observed,ge,0.0,0.0,0.0,0.0,True,True,False,False,
glass_MCAR_20|realhr|MCAR|0.2,MCAR,glass_MCAR_20,0.0826,0.0832,0.0831,0.0967,False,False,True,True,-0.6053268765133009
glass_MCAR_40|realhr|MCAR|0.4,MCAR,glass_MCAR_40,0.2071,0.1952,0.1976,0.2196,False,False,True,True,4.587155963302756
glass_MNAR_20|realhr|MNAR|0.2,MNAR,glass_MNAR_20,0.0173,0.0174,0.0174,0.0227,False,True,True,True,-0.5780346820809213
glass_MNAR_40|realhr|MNAR|0.4,MNAR,glass_MNAR_40,0.062,0.0608,0.0625,0.0889,False,False,True,True,-0.8064516129032264
glass|lowmiss|MAR|0.1,MAR,glass,0.0624,0.0555,0.057,0.0554,False,False,False,False,8.653846153846146
glass|lowmiss|MAR|0.2,MAR,glass,0.1129,0.1064,0.1132,0.0999,False,False,False,False,-0.26572187776793155
glass|lowmiss|MCAR|0.1,MCAR,glass,0.0734,0.0607,0.0616,0.0621,False,False,True,False,16.076294277929158
glass|lowmiss|MCAR|0.2,MCAR,glass,0.1291,0.1053,0.118,0.1117,False,False,False,False,8.597986057319906
glass|lowmiss|MNAR|0.1,MNAR,glass,0.0171,0.0173,0.0173,0.0142,False,True,False,False,-1.1695906432748466
glass|lowmiss|MNAR|0.2,MNAR,glass,0.0469,0.0474,0.0475,0.0446,False,False,False,False,-1.2793176972281521
glass|realnd|observed|nan,observed,glass,0.0,0.0,0.0,0.0,True,True,False,False,
steel_MCAR_20|realhr|MCAR|0.2,MCAR,steel_MCAR_20,3.0666,3.0716,2.5431,4.1803,False,False,True,True,17.071023283114858
steel_MCAR_40|realhr|MCAR|0.4,MCAR,steel_MCAR_40,5.2718,4.7637,4.9475,5.7124,False,False,True,True,6.151599074319967
steel_MNAR_20|realhr|MNAR|0.2,MNAR,steel_MNAR_20,1.8063,1.8624,1.7132,2.615,False,False,True,True,5.154182583181086
steel_MNAR_40|realhr|MNAR|0.4,MNAR,steel_MNAR_40,2.4896,2.7581,2.5814,4.4442,False,False,True,True,-3.6873393316195413
steel|lowmiss|MAR|0.1,MAR,steel,1.2694,0.5568,0.5568,1.0038,False,True,True,False,56.13675752323933
steel|lowmiss|MAR|0.2,MAR,steel,2.1885,1.194,1.194,1.9783,False,True,True,False,45.44208361891707
steel|lowmiss|MCAR|0.1,MCAR,steel,1.5133,0.6356,0.6356,1.1455,False,True,True,False,57.99907486949052
steel|lowmiss|MCAR|0.2,MCAR,steel,2.6652,1.5893,1.5893,2.3222,False,True,True,False,40.36845264895693
steel|lowmiss|MNAR|0.1,MNAR,steel,0.7991,0.3343,0.3343,0.7745,False,True,True,False,58.16543611563009
steel|lowmiss|MNAR|0.2,MNAR,steel,1.5883,0.8119,0.8119,1.5126,False,True,True,False,48.88245293710256
steel|realnd|observed|nan,observed,steel,3.6946,2.8122,2.9215,2.4115,False,False,False,False,20.92513397932117
synA1|nd|MAR|0.1,MAR,synA1,2.5381,3.731,2.5381,4.2237,True,False,True,True,0.0
synA1|nd|MAR|0.3,MAR,synA1,6.5913,7.619,6.5913,6.2361,True,False,False,False,0.0
synA1|nd|MCAR|0.1,MCAR,synA1,3.4586,5.3507,3.4586,5.4337,True,False,True,True,0.0
synA1|nd|MCAR|0.3,MCAR,synA1,6.5185,8.2292,6.5185,7.0101,True,False,True,True,0.0
synA1|nd|MNAR|0.1,MNAR,synA1,1.3825,1.8728,1.3825,2.1836,True,False,True,True,0.0
synA1|nd|MNAR|0.3,MNAR,synA1,3.4445,4.6405,3.4445,3.8507,True,False,True,True,0.0
synA2|nd|MAR|0.1,MAR,synA2,2.7764,3.8451,2.7764,3.9796,True,False,True,True,0.0
synA2|nd|MAR|0.3,MAR,synA2,7.3663,8.6057,7.3663,6.0659,True,False,False,False,0.0
synA2|nd|MCAR|0.1,MCAR,synA2,2.9692,4.1487,2.9692,3.8994,True,False,True,True,0.0
synA2|nd|MCAR|0.3,MCAR,synA2,7.7542,8.5103,7.7542,6.167,True,False,False,False,0.0
synA2|nd|MNAR|0.1,MNAR,synA2,1.7403,2.3964,1.7403,2.3724,True,False,True,True,0.0
synA2|nd|MNAR|0.3,MNAR,synA2,4.3871,5.4651,4.3871,4.1258,True,False,False,False,0.0
synA3|nd|MAR|0.1,MAR,synA3,2.8754,4.0958,2.8754,4.0734,True,False,True,True,0.0
synA3|nd|MAR|0.3,MAR,synA3,6.66,8.4884,6.66,6.4868,True,False,False,False,0.0
synA3|nd|MCAR|0.1,MCAR,synA3,3.0483,4.4338,3.0483,4.1634,True,False,True,True,0.0
synA3|nd|MCAR|0.3,MCAR,synA3,5.7982,8.8977,5.7982,6.4459,True,False,True,True,0.0
synA3|nd|MNAR|0.1,MNAR,synA3,1.4434,1.8283,1.4434,1.91,True,False,True,True,0.0
synA3|nd|MNAR|0.3,MNAR,synA3,4.2831,4.7423,4.2831,3.782,True,False,False,False,0.0
synA4|nd|MAR|0.1,MAR,synA4,2.6314,3.6479,2.6314,3.588,True,False,True,True,0.0
synA4|nd|MAR|0.3,MAR,synA4,4.6573,7.0192,4.6573,5.2165,True,False,True,True,0.0
synA4|nd|MCAR|0.1,MCAR,synA4,3.1379,4.583,3.1379,4.0981,True,False,True,True,0.0
synA4|nd|MCAR|0.3,MCAR,synA4,4.9535,7.5902,4.9535,5.4631,True,False,True,True,0.0
synA4|nd|MNAR|0.1,MNAR,synA4,1.8557,2.3142,1.8557,2.3388,True,False,True,True,0.0
synA4|nd|MNAR|0.3,MNAR,synA4,4.1584,4.6646,4.1584,3.4179,True,False,False,False,0.0
synthetic|lowmiss|MAR|0.1,MAR,synthetic,3.16,4.059,4.033,2.8086,False,False,False,False,-27.62658227848102
synthetic|lowmiss|MAR|0.2,MAR,synthetic,6.4553,7.6085,6.9341,5.4095,False,False,False,False,-7.417161092435667
synthetic|lowmiss|MCAR|0.1,MCAR,synthetic,4.2857,5.3434,4.7483,3.5578,False,False,False,False,-10.794035980119936
synthetic|lowmiss|MCAR|0.2,MCAR,synthetic,8.5354,9.4583,9.0988,6.7027,False,False,False,False,-6.600745132038352
synthetic|lowmiss|MNAR|0.1,MNAR,synthetic,2.7056,3.5693,3.4889,2.3067,False,False,False,False,-28.95106445890006
synthetic|lowmiss|MNAR|0.2,MNAR,synthetic,5.4227,6.3655,6.067,4.5061,False,False,False,False,-11.881535028675758
