config,group,n,d,active_cols,n_sub,support,pseudo_choice,crisp,lcrisp,true_winner,lcrisp_gain,pseudo_correct
steel_MCAR_40|realhr,realhr,8,13,11,20,0.4167,CRISP,5.2718,4.7637,LCRISP,1.107,False
glass_MCAR_40|realhr,realhr,5,8,6,20,0.4514,CRISP,0.2071,0.1952,LCRISP,1.061,False
cement_MCAR_40|realhr,realhr,4,7,5,20,0.5,CRISP,2.755,2.7943,CRISP,0.986,True
steel_MNAR_40|realhr,realhr,8,13,11,20,0.5774,CRISP,2.4896,2.7581,CRISP,0.903,True
ge_MCAR_40|realhr,realhr,6,9,7,20,0.5857,LCRISP,13.4319,10.8748,LCRISP,1.235,True
glass|lowmiss,lowmiss,40,8,8,1,0.6603,LCRISP,0.1291,0.1053,LCRISP,1.226,True
glass_MCAR_20|realhr,realhr,5,8,7,20,0.6786,CRISP,0.0826,0.0832,CRISP,0.993,True
steel_MCAR_20|realhr,realhr,8,13,11,20,0.6894,LCRISP,3.0666,3.0716,CRISP,0.998,False
cement_MCAR_20|realhr,realhr,4,7,6,20,0.6905,CRISP,1.5985,1.5839,LCRISP,1.009,False
cement|lowmiss,lowmiss,1030,7,7,1,0.7028,LCRISP,1.7944,1.053,LCRISP,1.704,True
steel|lowmiss,lowmiss,300,13,13,1,0.7052,LCRISP,2.6652,1.5893,LCRISP,1.677,True
steel|lowmiss,lowmiss,300,13,13,1,0.7121,LCRISP,2.1885,1.194,LCRISP,1.833,True
glass|lowmiss,lowmiss,40,8,8,1,0.7147,CRISP,0.1129,0.1064,LCRISP,1.061,False
cement|lowmiss,lowmiss,1030,7,7,1,0.7148,LCRISP,1.6986,0.9917,LCRISP,1.713,True
steel|lowmiss,lowmiss,300,13,13,1,0.7278,LCRISP,1.5883,0.8119,LCRISP,1.956,True
glass_MNAR_40|realhr,realhr,5,8,7,19,0.75,LCRISP,0.062,0.0608,LCRISP,1.02,True
ge_nd|nd,nd,20,30,9,1,0.7544,LCRISP,12.4936,8.0413,LCRISP,1.554,True
cement_MNAR_40|realhr,realhr,4,7,6,19,0.7619,CRISP,0.5896,0.5859,LCRISP,1.006,False
ge_MCAR_20|realhr,realhr,6,9,8,19,0.7667,LCRISP,8.2064,7.8915,LCRISP,1.04,True
steel_MNAR_20|realhr,realhr,8,13,11,20,0.7677,CRISP,1.8063,1.8624,CRISP,0.97,True
synthetic|lowmiss,lowmiss,300,8,8,1,0.768,CRISP,8.5354,9.4583,CRISP,0.902,True
synthetic|lowmiss,lowmiss,300,8,8,1,0.7738,CRISP,6.4553,7.6085,CRISP,0.848,True
synthetic|lowmiss,lowmiss,300,8,8,1,0.7851,LCRISP,5.4227,6.3655,CRISP,0.852,False
cement|lowmiss,lowmiss,1030,7,7,1,0.7872,LCRISP,0.9796,0.4752,LCRISP,2.061,True
cement|lowmiss,lowmiss,1030,7,7,1,0.7888,LCRISP,1.0741,0.5513,LCRISP,1.948,True
cement|lowmiss,lowmiss,1030,7,7,1,0.7899,LCRISP,0.9846,0.5069,LCRISP,1.942,True
glass|lowmiss,lowmiss,40,8,8,1,0.7981,LCRISP,0.0624,0.0555,LCRISP,1.124,True
glass|realnd,realnd,6,8,7,1,0.8,LCRISP,0.0,0.0,CRISP,0.0,False
cement|realnd,realnd,6,7,7,1,0.8,LCRISP,0.0,0.0,CRISP,0.0,False
cement|realnd,realnd,6,7,7,1,0.8,LCRISP,0.0,0.0,CRISP,0.0,False
cement|realnd,realnd,6,7,7,1,0.8,LCRISP,0.0,0.0,CRISP,0.0,False
cement|realnd,realnd,6,7,7,1,0.8,LCRISP,0.0,0.0,CRISP,0.0,False
glass|realnd,realnd,6,8,7,1,0.8,CRISP,0.0,0.0,CRISP,0.0,True
glass|realnd,realnd,6,8,7,1,0.8,LCRISP,0.0,0.0,CRISP,0.0,False
glass|realnd,realnd,6,8,7,1,0.8,CRISP,0.0,0.0,CRISP,0.0,True
glass|realnd,realnd,6,8,7,1,0.8,LCRISP,0.0,0.0,CRISP,0.0,False
glass|realnd,realnd,6,8,7,1,0.8,CRISP,0.0,0.0,CRISP,0.0,True
glass|realnd,realnd,6,8,7,1,0.8,LCRISP,0.0,0.0,CRISP,0.0,False
glass|realnd,realnd,6,8,7,1,0.8,LCRISP,0.0,0.0,CRISP,0.0,False
glass|realnd,realnd,6,8,7,1,0.8,LCRISP,0.0,0.0,CRISP,0.0,False
glass|realnd,realnd,6,8,7,1,0.8,CRISP,0.0,0.0,CRISP,0.0,True
glass|realnd,realnd,6,8,7,1,0.8,LCRISP,0.0,0.0,CRISP,0.0,False
glass|realnd,realnd,6,8,7,1,0.8,CRISP,0.0,0.0,CRISP,0.0,True
glass|realnd,realnd,6,8,7,1,0.8,CRISP,0.0,0.0,CRISP,0.0,True
glass|realnd,realnd,6,8,7,1,0.8,LCRISP,0.0,0.0,CRISP,0.0,False
glass|realnd,realnd,6,8,7,1,0.8,LCRISP,0.0,0.0,CRISP,0.0,False
glass|realnd,realnd,6,8,7,1,0.8,LCRISP,0.0,0.0,CRISP,0.0,False
cement|realnd,realnd,6,7,7,1,0.8,CRISP,0.0,0.0,CRISP,0.0,True
cement|realnd,realnd,6,7,7,1,0.8,LCRISP,0.0,0.0,CRISP,0.0,False
cement|realnd,realnd,6,7,7,1,0.8,CRISP,0.0,0.0,CRISP,0.0,True
cement|realnd,realnd,6,7,7,1,0.8,CRISP,0.0,0.0,CRISP,0.0,True
ge_MNAR_40|realhr,realhr,6,9,7,19,0.8,CRISP,2.9699,2.9699,CRISP,1.0,True
cement|realnd,realnd,6,7,7,1,0.8,LCRISP,0.0,0.0,CRISP,0.0,False
cement|realnd,realnd,6,7,7,1,0.8,CRISP,0.0,0.0,CRISP,0.0,True
cement|realnd,realnd,6,7,7,1,0.8,CRISP,0.0,0.0,CRISP,0.0,True
cement|realnd,realnd,6,7,7,1,0.8,LCRISP,0.0,0.0,CRISP,0.0,False
cement|realnd,realnd,6,7,7,1,0.8,CRISP,0.0,0.0,CRISP,0.0,True
cement|realnd,realnd,6,7,7,1,0.8,LCRISP,0.0,0.0,CRISP,0.0,False
cement|realnd,realnd,6,7,7,1,0.8,LCRISP,0.0,0.0,CRISP,0.0,False
cement|realnd,realnd,6,7,7,1,0.8,CRISP,0.0,0.0,CRISP,0.0,True
glass|lowmiss,lowmiss,40,8,8,1,0.8045,CRISP,0.0734,0.0607,LCRISP,1.209,False
ge|lowmiss,lowmiss,86,9,9,1,0.8065,LCRISP,4.3124,3.7608,LCRISP,1.147,True
cement_MNAR_20|realhr,realhr,4,7,6,15,0.8095,CRISP,0.4903,0.4885,LCRISP,1.004,False
ge_nd|nd,nd,20,30,9,1,0.8129,LCRISP,11.2685,7.0322,LCRISP,1.602,True
ge|realnd,realnd,8,9,7,1,0.8163,LCRISP,0.0,0.0,CRISP,0.0,False
ge|realnd,realnd,8,9,7,1,0.8163,LCRISP,0.0,0.0,CRISP,0.0,False
ge|realnd,realnd,8,9,7,1,0.8163,CRISP,0.0,0.0,CRISP,0.0,True
synthetic|lowmiss,lowmiss,300,8,8,1,0.8194,LCRISP,4.2857,5.3434,CRISP,0.802,False
synthetic|lowmiss,lowmiss,300,8,8,1,0.8215,LCRISP,3.16,4.059,CRISP,0.779,False
cement|lowmiss,lowmiss,1030,7,7,1,0.8244,LCRISP,0.5477,0.2327,LCRISP,2.354,True
glass|realnd,realnd,6,8,8,1,0.825,CRISP,0.0,0.0,CRISP,0.0,True
glass|realnd,realnd,6,8,8,1,0.825,CRISP,0.0,0.0,CRISP,0.0,True
glass|realnd,realnd,6,8,8,1,0.825,CRISP,0.0,0.0,CRISP,0.0,True
glass|realnd,realnd,6,8,8,1,0.825,CRISP,0.0,0.0,CRISP,0.0,True
synthetic|lowmiss,lowmiss,300,8,8,1,0.8257,LCRISP,2.7056,3.5693,CRISP,0.758,False
ge|lowmiss,lowmiss,86,9,9,1,0.8261,LCRISP,4.1351,3.7894,LCRISP,1.091,True
steel|realnd,realnd,10,13,11,1,0.8283,LCRISP,3.6946,2.8122,LCRISP,1.314,True
steel|realnd,realnd,10,13,11,1,0.8283,LCRISP,3.6946,2.8122,LCRISP,1.314,True
cement|realnd,realnd,6,7,7,1,0.8286,CRISP,0.0,0.0,CRISP,0.0,True
cement|realnd,realnd,6,7,7,1,0.8286,LCRISP,0.0,0.0,CRISP,0.0,False
cement|realnd,realnd,6,7,7,1,0.8286,CRISP,0.0,0.0,CRISP,0.0,True
cement|realnd,realnd,6,7,7,1,0.8286,CRISP,0.0,0.0,CRISP,0.0,True
steel|realnd,realnd,10,13,12,1,0.8333,LCRISP,3.6946,2.8122,LCRISP,1.314,True
steel|realnd,realnd,10,13,12,1,0.8333,CRISP,3.6946,2.8122,LCRISP,1.314,False
steel|realnd,realnd,10,13,12,1,0.8333,CRISP,3.6946,2.8122,LCRISP,1.314,False
glass|lowmiss,lowmiss,40,8,8,1,0.8365,LCRISP,0.0469,0.0474,CRISP,0.989,False
ge|realnd,realnd,8,9,7,1,0.8367,LCRISP,0.0,0.0,CRISP,0.0,False
steel|realnd,realnd,10,13,12,1,0.838,LCRISP,3.6946,2.8122,LCRISP,1.314,True
ge|realnd,realnd,8,9,8,1,0.8393,CRISP,0.0,0.0,CRISP,0.0,True
ge_nd|nd,nd,20,30,9,1,0.8421,CRISP,4.2735,2.2998,LCRISP,1.858,False
steel|realnd,realnd,10,13,12,1,0.8426,CRISP,3.6946,2.8122,LCRISP,1.314,False
steel|realnd,realnd,10,13,12,1,0.8426,LCRISP,3.6946,2.8122,LCRISP,1.314,True
steel|realnd,realnd,10,13,12,1,0.8426,CRISP,3.6946,2.8122,LCRISP,1.314,False
steel|realnd,realnd,10,13,12,1,0.8426,LCRISP,3.6946,2.8122,LCRISP,1.314,True
steel|realnd,realnd,10,13,12,1,0.8426,CRISP,3.6946,2.8122,LCRISP,1.314,False
steel|realnd,realnd,10,13,12,1,0.8426,LCRISP,3.6946,2.8122,LCRISP,1.314,True
steel|realnd,realnd,10,13,12,1,0.8426,CRISP,3.6946,2.8122,LCRISP,1.314,False
steel|lowmiss,lowmiss,300,13,13,1,0.8451,LCRISP,1.5133,0.6356,LCRISP,2.381,True
steel|lowmiss,lowmiss,300,13,13,1,0.8474,LCRISP,1.2694,0.5568,LCRISP,2.28,True
synA3|nd,nd,20,40,39,1,0.8489,CRISP,5.7982,8.8977,CRISP,0.652,True
synA2|nd,nd,30,40,40,1,0.85,CRISP,7.7542,8.5103,CRISP,0.911,True
synA2|nd,nd,30,40,40,1,0.85,CRISP,7.3663,8.6057,CRISP,0.856,True
steel|realnd,realnd,10,13,12,1,0.8519,CRISP,3.6946,2.8122,LCRISP,1.314,False
steel|realnd,realnd,10,13,12,1,0.8519,LCRISP,3.6946,2.8122,LCRISP,1.314,True
steel|realnd,realnd,10,13,12,1,0.8519,LCRISP,3.6946,2.8122,LCRISP,1.314,True
ge|lowmiss,lowmiss,86,9,9,1,0.8523,LCRISP,1.9309,2.3118,CRISP,0.835,False
ge|lowmiss,lowmiss,86,9,9,1,0.8536,LCRISP,2.4353,2.062,LCRISP,1.181,True
ge|lowmiss,lowmiss,86,9,9,1,0.8536,LCRISP,1.6962,1.4211,LCRISP,1.194,True
ge_nd|nd,nd,20,30,9,1,0.8538,LCRISP,4.1854,1.9999,LCRISP,2.093,True
synA3|nd,nd,20,40,39,1,0.8543,CRISP,6.66,8.4884,CRISP,0.785,True
steel|realnd,realnd,10,13,13,1,0.8547,CRISP,3.6946,2.8122,LCRISP,1.314,False
steel|realnd,realnd,10,13,13,1,0.8547,CRISP,3.6946,2.8122,LCRISP,1.314,False
steel|realnd,realnd,10,13,13,1,0.8547,LCRISP,3.6946,2.8122,LCRISP,1.314,True
steel|realnd,realnd,10,13,13,1,0.8547,CRISP,3.6946,2.8122,LCRISP,1.314,False
steel|lowmiss,lowmiss,300,13,13,1,0.8554,LCRISP,0.7991,0.3343,LCRISP,2.39,True
glass|lowmiss,lowmiss,40,8,8,1,0.8558,LCRISP,0.0171,0.0173,CRISP,0.988,False
ge|realnd,realnd,8,9,7,1,0.8571,CRISP,0.0,0.0,CRISP,0.0,True
glass_MNAR_20|realhr,realhr,5,8,7,16,0.8571,LCRISP,0.0173,0.0174,CRISP,0.994,False
ge_MNAR_20|realhr,realhr,6,9,7,14,0.8571,LCRISP,2.9422,2.9422,CRISP,1.0,False
ge|realnd,realnd,8,9,7,1,0.8571,LCRISP,0.0,0.0,CRISP,0.0,False
ge|realnd,realnd,8,9,7,1,0.8571,LCRISP,0.0,0.0,CRISP,0.0,False
ge|realnd,realnd,8,9,7,1,0.8571,LCRISP,0.0,0.0,CRISP,0.0,False
ge|realnd,realnd,8,9,7,1,0.8571,CRISP,0.0,0.0,CRISP,0.0,True
ge|realnd,realnd,8,9,8,1,0.8571,CRISP,0.0,0.0,CRISP,0.0,True
ge|realnd,realnd,8,9,7,1,0.8571,CRISP,0.0,0.0,CRISP,0.0,True
ge|realnd,realnd,8,9,8,1,0.8571,CRISP,0.0,0.0,CRISP,0.0,True
ge|realnd,realnd,8,9,7,1,0.8571,LCRISP,0.0,0.0,CRISP,0.0,False
ge_nd|nd,nd,20,30,9,1,0.8596,LCRISP,2.7187,1.5975,LCRISP,1.702,True
synA4|nd,nd,25,60,60,1,0.8653,CRISP,4.9535,7.5902,CRISP,0.653,True
ge|lowmiss,lowmiss,86,9,9,1,0.8706,LCRISP,0.5067,0.5682,CRISP,0.892,False
ge|realnd,realnd,8,9,9,1,0.873,CRISP,0.0,0.0,CRISP,0.0,True
ge|realnd,realnd,8,9,9,1,0.873,LCRISP,0.0,0.0,CRISP,0.0,False
ge|realnd,realnd,8,9,9,1,0.873,LCRISP,0.0,0.0,CRISP,0.0,False
synA1|nd,nd,25,50,49,1,0.8818,CRISP,6.5185,8.2292,CRISP,0.792,True
synA1|nd,nd,25,50,49,1,0.8827,CRISP,6.5913,7.619,CRISP,0.865,True
ge_nd|nd,nd,20,30,9,1,0.883,LCRISP,0.9474,0.0,LCRISP,947400000000.0,True
ge|realnd,realnd,8,9,9,1,0.8889,LCRISP,0.0,0.0,CRISP,0.0,False
synA4|nd,nd,25,60,59,1,0.8941,CRISP,4.6573,7.0192,CRISP,0.664,True
synA2|nd,nd,30,40,40,1,0.8953,CRISP,4.3871,5.4651,CRISP,0.803,True
synA3|nd,nd,20,40,39,1,0.9015,CRISP,4.2831,4.7423,CRISP,0.903,True
ge|realnd,realnd,8,9,7,1,0.9184,CRISP,0.0,0.0,CRISP,0.0,True
synA1|nd,nd,25,50,50,1,0.9208,CRISP,3.4445,4.6405,CRISP,0.742,True
synA3|nd,nd,20,40,39,1,0.9258,CRISP,2.8754,4.0958,CRISP,0.702,True
synA4|nd,nd,25,60,59,1,0.9301,CRISP,4.1584,4.6646,CRISP,0.891,True
synA3|nd,nd,20,40,39,1,0.9318,CRISP,1.4434,1.8283,CRISP,0.789,True
synA2|nd,nd,30,40,40,1,0.9474,CRISP,2.9692,4.1487,CRISP,0.716,True
synA4|nd,nd,25,60,59,1,0.9474,CRISP,2.6314,3.6479,CRISP,0.721,True
synA4|nd,nd,25,60,60,1,0.9521,CRISP,1.8557,2.3142,CRISP,0.802,True
synA2|nd,nd,30,40,40,1,0.9526,CRISP,2.7764,3.8451,CRISP,0.722,True
synA3|nd,nd,20,40,39,1,0.9541,CRISP,3.0483,4.4338,CRISP,0.688,True
synA4|nd,nd,25,60,60,1,0.959,CRISP,3.1379,4.583,CRISP,0.685,True
synA1|nd,nd,25,50,50,1,0.96,CRISP,3.4586,5.3507,CRISP,0.646,True
synA2|nd,nd,30,40,40,1,0.9612,CRISP,1.7403,2.3964,CRISP,0.726,True
synA1|nd,nd,25,50,50,1,0.9633,CRISP,2.5381,3.731,CRISP,0.68,True
synA1|nd,nd,25,50,50,1,0.97,CRISP,1.3825,1.8728,CRISP,0.738,True
