config,group,n,d,missing_pct,r_median,r_mean,r_p75,crisp_mae,lcrisp_mae,winner,lcrisp_gain
steel|lowmiss,lowmiss,300,13,16.77,0.0014,0.0093,0.0056,2.6652,1.5893,LCRISP,1.677
steel|lowmiss,lowmiss,300,13,16.18,0.0015,0.0096,0.0057,2.1885,1.194,LCRISP,1.833
cement|lowmiss,lowmiss,1030,7,16.74,0.002,0.0057,0.0079,1.7944,1.053,LCRISP,1.704
cement|lowmiss,lowmiss,1030,7,15.87,0.0021,0.0057,0.0071,1.6986,0.9917,LCRISP,1.713
steel|lowmiss,lowmiss,300,13,14.49,0.0024,0.0127,0.0085,1.5883,0.8119,LCRISP,1.956
steel|lowmiss,lowmiss,300,13,8.13,0.0035,0.0155,0.0131,1.2694,0.5568,LCRISP,2.28
steel|lowmiss,lowmiss,300,13,8.31,0.0035,0.0134,0.0109,1.5133,0.6356,LCRISP,2.381
steel|lowmiss,lowmiss,300,13,7.28,0.0038,0.0177,0.0132,0.7991,0.3343,LCRISP,2.39
cement|lowmiss,lowmiss,1030,7,8.35,0.0064,0.0135,0.0203,1.0741,0.5513,LCRISP,1.948
cement|lowmiss,lowmiss,1030,7,8.03,0.0074,0.0139,0.0208,0.9846,0.5069,LCRISP,1.942
cement|lowmiss,lowmiss,1030,7,8.18,0.0089,0.0153,0.0229,0.9796,0.4752,LCRISP,2.061
cement|lowmiss,lowmiss,1030,7,3.91,0.0149,0.022,0.0315,0.5477,0.2327,LCRISP,2.354
synthetic|lowmiss,lowmiss,300,8,11.88,0.0453,0.0584,0.0767,8.5354,9.4583,CRISP,0.902
synthetic|lowmiss,lowmiss,300,8,11.33,0.0553,0.065,0.0889,6.4553,7.6085,CRISP,0.848
synthetic|lowmiss,lowmiss,300,8,10.21,0.0639,0.0693,0.0948,5.4227,6.3655,CRISP,0.852
synthetic|lowmiss,lowmiss,300,8,6.0,0.077,0.0864,0.1144,3.16,4.059,CRISP,0.779
synthetic|lowmiss,lowmiss,300,8,6.29,0.0777,0.0847,0.1114,4.2857,5.3434,CRISP,0.802
synthetic|lowmiss,lowmiss,300,8,5.58,0.0798,0.0905,0.1227,2.7056,3.5693,CRISP,0.758
glass|lowmiss,lowmiss,40,8,16.25,0.1347,0.1652,0.2172,0.1129,0.1064,LCRISP,1.061
glass|lowmiss,lowmiss,40,8,14.69,0.1531,0.1708,0.2285,0.1291,0.1053,LCRISP,1.226
glass|lowmiss,lowmiss,40,8,7.81,0.2091,0.2062,0.2533,0.0734,0.0607,LCRISP,1.209
glass|lowmiss,lowmiss,40,8,8.75,0.2127,0.215,0.2661,0.0624,0.0555,LCRISP,1.124
glass|lowmiss,lowmiss,40,8,2.81,0.2236,0.2244,0.2766,0.0171,0.0173,CRISP,0.988
glass|lowmiss,lowmiss,40,8,5.31,0.2279,0.241,0.3157,0.0469,0.0474,CRISP,0.989
ge|lowmiss,lowmiss,86,9,7.11,0.2381,0.2291,0.2613,4.1351,3.7894,LCRISP,1.091
ge|lowmiss,lowmiss,86,9,4.26,0.2384,0.2368,0.2697,1.9309,2.3118,CRISP,0.835
ge|lowmiss,lowmiss,86,9,9.17,0.242,0.2405,0.2654,4.3124,3.7608,LCRISP,1.147
ge|lowmiss,lowmiss,86,9,4.13,0.2499,0.2596,0.2793,2.4353,2.062,LCRISP,1.181
ge|lowmiss,lowmiss,86,9,4.01,0.27,0.2716,0.2808,1.6962,1.4211,LCRISP,1.194
ge|lowmiss,lowmiss,86,9,2.2,0.2853,0.2845,0.2895,0.5067,0.5682,CRISP,0.892
steel|realnd,realnd,10,13,7.69,0.3171,0.3769,0.5587,3.6946,2.8122,LCRISP,1.314
steel|realnd,realnd,10,13,8.46,0.3513,0.3974,0.4231,3.6946,2.8122,LCRISP,1.314
steel|realnd,realnd,10,13,7.69,0.3775,0.4404,0.4717,3.6946,2.8122,LCRISP,1.314
steel|realnd,realnd,10,13,6.92,0.3896,0.464,0.6578,3.6946,2.8122,LCRISP,1.314
ge_nd|nd,nd,20,30,1.33,0.4006,0.3994,0.4819,4.1854,1.9999,LCRISP,2.093
ge_nd|nd,nd,20,30,1.17,0.4035,0.4008,0.4822,2.7187,1.5975,LCRISP,1.702
ge_nd|nd,nd,20,30,2.5,0.4187,0.4172,0.5035,11.2685,7.0322,LCRISP,1.602
ge_nd|nd,nd,20,30,1.67,0.4274,0.4265,0.5281,4.2735,2.2998,LCRISP,1.858
ge_nd|nd,nd,20,30,4.17,0.441,0.4041,0.4945,12.4936,8.0413,LCRISP,1.554
steel|realnd,realnd,10,13,7.69,0.4443,0.477,0.5156,3.6946,2.8122,LCRISP,1.314
steel|realnd,realnd,10,13,7.69,0.4526,0.497,0.5964,3.6946,2.8122,LCRISP,1.314
steel|realnd,realnd,10,13,7.69,0.4575,0.4714,0.5241,3.6946,2.8122,LCRISP,1.314
steel|realnd,realnd,10,13,8.46,0.4699,0.4719,0.482,3.6946,2.8122,LCRISP,1.314
steel|realnd,realnd,10,13,7.69,0.4767,0.4716,0.6653,3.6946,2.8122,LCRISP,1.314
steel|realnd,realnd,10,13,7.69,0.4769,0.4904,0.5727,3.6946,2.8122,LCRISP,1.314
steel|realnd,realnd,10,13,7.69,0.4879,0.512,0.6137,3.6946,2.8122,LCRISP,1.314
steel|realnd,realnd,10,13,6.92,0.4902,0.5392,0.5997,3.6946,2.8122,LCRISP,1.314
steel|realnd,realnd,10,13,8.46,0.5026,0.5045,0.5813,3.6946,2.8122,LCRISP,1.314
ge_nd|nd,nd,20,30,0.5,0.5076,0.4401,0.5076,0.9474,0.0,LCRISP,947400000000.0
steel|realnd,realnd,10,13,7.69,0.5111,0.4989,0.5659,3.6946,2.8122,LCRISP,1.314
steel|realnd,realnd,10,13,7.69,0.5157,0.5547,0.6805,3.6946,2.8122,LCRISP,1.314
steel_MCAR_20|realhr,realhr,8,13,13.46,0.5309,0.5493,0.6242,3.0666,3.0716,CRISP,0.998
steel|realnd,realnd,10,13,7.69,0.5394,0.5224,0.6786,3.6946,2.8122,LCRISP,1.314
steel_MCAR_40|realhr,realhr,8,13,29.81,0.5432,0.6297,0.6569,5.2718,4.7637,LCRISP,1.107
steel|realnd,realnd,10,13,6.92,0.5454,0.5119,0.6049,3.6946,2.8122,LCRISP,1.314
synA2|nd,nd,30,40,7.83,0.5684,0.5754,0.6158,7.7542,8.5103,CRISP,0.911
steel|realnd,realnd,10,13,8.46,0.5687,0.5733,0.6178,3.6946,2.8122,LCRISP,1.314
steel_MCAR_40|realhr,realhr,8,13,38.46,0.5755,0.8192,0.876,5.2718,4.7637,LCRISP,1.107
synA2|nd,nd,30,40,7.75,0.5813,0.5799,0.6433,7.3663,8.6057,CRISP,0.856
steel_MCAR_20|realhr,realhr,8,13,17.31,0.5876,0.6873,0.6424,3.0666,3.0716,CRISP,0.998
steel|realnd,realnd,10,13,7.69,0.5904,0.5249,0.617,3.6946,2.8122,LCRISP,1.314
steel_MNAR_20|realhr,realhr,8,13,11.54,0.6017,0.6177,0.6516,1.8063,1.8624,CRISP,0.97
steel_MNAR_20|realhr,realhr,8,13,9.62,0.6064,0.6388,0.6472,1.8063,1.8624,CRISP,0.97
steel_MNAR_20|realhr,realhr,8,13,7.69,0.6091,0.6576,0.6773,1.8063,1.8624,CRISP,0.97
steel_MNAR_40|realhr,realhr,8,13,25.96,0.612,0.6369,0.7177,2.4896,2.7581,CRISP,0.903
synA2|nd,nd,30,40,5.5,0.6123,0.6167,0.6575,4.3871,5.4651,CRISP,0.803
steel_MNAR_20|realhr,realhr,8,13,11.54,0.6194,0.6367,0.6991,1.8063,1.8624,CRISP,0.97
steel|realnd,realnd,10,13,7.69,0.6231,0.6048,0.6453,3.6946,2.8122,LCRISP,1.314
steel_MCAR_20|realhr,realhr,8,13,13.46,0.6234,0.6122,0.7081,3.0666,3.0716,CRISP,0.998
synA2|nd,nd,30,40,2.25,0.6365,0.6476,0.6712,2.7764,3.8451,CRISP,0.722
steel_MCAR_20|realhr,realhr,8,13,11.54,0.6377,0.6532,0.7405,3.0666,3.0716,CRISP,0.998
synA1|nd,nd,25,50,5.92,0.6409,0.6237,0.6843,6.5913,7.619,CRISP,0.865
synA2|nd,nd,30,40,2.75,0.6427,0.6237,0.67,2.9692,4.1487,CRISP,0.716
steel_MCAR_40|realhr,realhr,8,13,30.77,0.6483,0.6912,0.7467,5.2718,4.7637,LCRISP,1.107
synA2|nd,nd,30,40,1.42,0.6528,0.6668,0.719,1.7403,2.3964,CRISP,0.726
steel_MCAR_20|realhr,realhr,8,13,18.27,0.6531,0.6824,0.787,3.0666,3.0716,CRISP,0.998
steel_MCAR_40|realhr,realhr,8,13,36.54,0.6542,0.7633,0.7416,5.2718,4.7637,LCRISP,1.107
synA4|nd,nd,25,60,5.73,0.655,0.6526,0.7403,4.6573,7.0192,CRISP,0.664
synA1|nd,nd,25,50,6.48,0.6561,0.6525,0.7002,6.5185,8.2292,CRISP,0.792
synA3|nd,nd,20,40,7.62,0.6565,0.6839,0.7258,5.7982,8.8977,CRISP,0.652
synA3|nd,nd,20,40,7.25,0.6567,0.6608,0.6957,6.66,8.4884,CRISP,0.785
steel_MNAR_20|realhr,realhr,8,13,11.54,0.6612,0.6851,0.7026,1.8063,1.8624,CRISP,0.97
steel_MCAR_20|realhr,realhr,8,13,16.35,0.6626,0.708,0.785,3.0666,3.0716,CRISP,0.998
synA1|nd,nd,25,50,3.92,0.6635,0.6648,0.7026,3.4445,4.6405,CRISP,0.742
steel_MCAR_40|realhr,realhr,8,13,31.73,0.665,0.8373,1.068,5.2718,4.7637,LCRISP,1.107
steel_MNAR_20|realhr,realhr,8,13,12.5,0.6666,0.6365,0.6933,1.8063,1.8624,CRISP,0.97
steel_MCAR_40|realhr,realhr,8,13,36.54,0.6676,0.8628,0.9033,5.2718,4.7637,LCRISP,1.107
steel_MCAR_20|realhr,realhr,8,13,14.42,0.6713,0.6591,0.6876,3.0666,3.0716,CRISP,0.998
synA3|nd,nd,20,40,2.5,0.6722,0.6934,0.7403,2.8754,4.0958,CRISP,0.702
steel_MCAR_40|realhr,realhr,8,13,33.65,0.6739,0.6552,0.7464,5.2718,4.7637,LCRISP,1.107
steel_MCAR_40|realhr,realhr,8,13,30.77,0.6742,0.7358,0.7445,5.2718,4.7637,LCRISP,1.107
steel_MNAR_40|realhr,realhr,8,13,17.31,0.6772,0.7214,0.7343,2.4896,2.7581,CRISP,0.903
steel_MNAR_40|realhr,realhr,8,13,21.15,0.6784,0.6561,0.6954,2.4896,2.7581,CRISP,0.903
synA3|nd,nd,20,40,1.88,0.68,0.6982,0.7394,1.4434,1.8283,CRISP,0.789
steel_MCAR_40|realhr,realhr,8,13,27.88,0.6829,0.934,0.9682,5.2718,4.7637,LCRISP,1.107
steel_MCAR_20|realhr,realhr,8,13,21.15,0.6863,0.6943,0.7752,3.0666,3.0716,CRISP,0.998
steel_MNAR_40|realhr,realhr,8,13,26.92,0.6885,0.752,0.7837,2.4896,2.7581,CRISP,0.903
steel_MNAR_20|realhr,realhr,8,13,12.5,0.6886,0.6815,0.7303,1.8063,1.8624,CRISP,0.97
steel_MNAR_20|realhr,realhr,8,13,8.65,0.6904,0.7029,0.7662,1.8063,1.8624,CRISP,0.97
steel_MCAR_20|realhr,realhr,8,13,15.38,0.6917,0.8371,0.9162,3.0666,3.0716,CRISP,0.998
steel_MNAR_40|realhr,realhr,8,13,20.19,0.6924,0.7266,0.7306,2.4896,2.7581,CRISP,0.903
steel_MCAR_40|realhr,realhr,8,13,36.54,0.6962,2.4233,3.3601,5.2718,4.7637,LCRISP,1.107
synA1|nd,nd,25,50,1.68,0.6962,0.6837,0.7167,2.5381,3.731,CRISP,0.68
steel_MCAR_20|realhr,realhr,8,13,15.38,0.6995,0.7754,0.8775,3.0666,3.0716,CRISP,0.998
steel_MNAR_40|realhr,realhr,8,13,16.35,0.7009,0.7354,0.8727,2.4896,2.7581,CRISP,0.903
synA1|nd,nd,25,50,1.04,0.7017,0.7077,0.7089,1.3825,1.8728,CRISP,0.738
steel_MNAR_20|realhr,realhr,8,13,7.69,0.7035,0.7279,0.7504,1.8063,1.8624,CRISP,0.97
steel_MCAR_20|realhr,realhr,8,13,17.31,0.7046,0.7083,0.8896,3.0666,3.0716,CRISP,0.998
steel_MCAR_20|realhr,realhr,8,13,19.23,0.7056,0.7497,0.76,3.0666,3.0716,CRISP,0.998
synA4|nd,nd,25,60,7.27,0.7072,0.7067,0.7577,4.9535,7.5902,CRISP,0.653
synA1|nd,nd,25,50,2.0,0.7073,0.705,0.737,3.4586,5.3507,CRISP,0.646
steel_MNAR_20|realhr,realhr,8,13,19.23,0.7096,0.7344,0.766,1.8063,1.8624,CRISP,0.97
steel_MCAR_40|realhr,realhr,8,13,30.77,0.7104,1.3222,0.9521,5.2718,4.7637,LCRISP,1.107
synA4|nd,nd,25,60,2.07,0.7131,0.6931,0.7669,2.6314,3.6479,CRISP,0.721
steel_MCAR_20|realhr,realhr,8,13,23.08,0.7191,0.8804,1.0066,3.0666,3.0716,CRISP,0.998
synA4|nd,nd,25,60,1.67,0.7233,0.7025,0.7801,1.8557,2.3142,CRISP,0.802
steel_MCAR_40|realhr,realhr,8,13,33.65,0.7246,4.0156,1.6271,5.2718,4.7637,LCRISP,1.107
steel_MCAR_20|realhr,realhr,8,13,15.38,0.725,0.7821,0.8926,3.0666,3.0716,CRISP,0.998
steel_MNAR_40|realhr,realhr,8,13,27.88,0.7291,0.9037,1.1183,2.4896,2.7581,CRISP,0.903
synA3|nd,nd,20,40,4.88,0.7293,0.7092,0.7585,4.2831,4.7423,CRISP,0.903
synA4|nd,nd,25,60,3.67,0.7294,0.7041,0.7586,4.1584,4.6646,CRISP,0.891
steel_MNAR_40|realhr,realhr,8,13,22.12,0.7312,1.5193,0.8157,2.4896,2.7581,CRISP,0.903
steel_MNAR_40|realhr,realhr,8,13,24.04,0.7357,0.8219,0.8767,2.4896,2.7581,CRISP,0.903
steel_MNAR_20|realhr,realhr,8,13,6.73,0.7364,1.1882,1.4276,1.8063,1.8624,CRISP,0.97
steel_MCAR_20|realhr,realhr,8,13,12.5,0.7391,0.7514,0.7896,3.0666,3.0716,CRISP,0.998
steel_MCAR_20|realhr,realhr,8,13,11.54,0.7396,0.6632,0.7433,3.0666,3.0716,CRISP,0.998
steel_MNAR_20|realhr,realhr,8,13,10.58,0.7422,0.7501,0.8369,1.8063,1.8624,CRISP,0.97
steel_MNAR_40|realhr,realhr,8,13,24.04,0.7424,0.7565,0.9045,2.4896,2.7581,CRISP,0.903
steel_MNAR_20|realhr,realhr,8,13,9.62,0.7433,0.7801,0.9908,1.8063,1.8624,CRISP,0.97
synA3|nd,nd,20,40,2.0,0.7447,0.7373,0.7885,3.0483,4.4338,CRISP,0.688
steel_MCAR_40|realhr,realhr,8,13,27.88,0.7481,0.7006,0.7975,5.2718,4.7637,LCRISP,1.107
steel_MNAR_20|realhr,realhr,8,13,5.77,0.7526,0.7495,0.7722,1.8063,1.8624,CRISP,0.97
synA4|nd,nd,25,60,2.4,0.7527,0.7355,0.7806,3.1379,4.583,CRISP,0.685
steel_MCAR_20|realhr,realhr,8,13,16.35,0.7529,0.7845,0.8843,3.0666,3.0716,CRISP,0.998
steel_MNAR_40|realhr,realhr,8,13,20.19,0.7534,0.7974,0.9024,2.4896,2.7581,CRISP,0.903
steel_MNAR_40|realhr,realhr,8,13,17.31,0.7542,0.8556,0.871,2.4896,2.7581,CRISP,0.903
steel_MCAR_40|realhr,realhr,8,13,37.5,0.756,0.7425,0.8826,5.2718,4.7637,LCRISP,1.107
steel_MNAR_20|realhr,realhr,8,13,12.5,0.7643,0.7937,0.8485,1.8063,1.8624,CRISP,0.97
steel_MNAR_40|realhr,realhr,8,13,21.15,0.768,0.808,0.9392,2.4896,2.7581,CRISP,0.903
steel_MNAR_40|realhr,realhr,8,13,22.12,0.7716,0.7475,0.8748,2.4896,2.7581,CRISP,0.903
steel_MCAR_40|realhr,realhr,8,13,31.73,0.7723,1.1572,1.7077,5.2718,4.7637,LCRISP,1.107
steel_MCAR_20|realhr,realhr,8,13,15.38,0.7737,0.797,0.9212,3.0666,3.0716,CRISP,0.998
steel_MNAR_40|realhr,realhr,8,13,17.31,0.7758,0.7326,0.8019,2.4896,2.7581,CRISP,0.903
steel_MCAR_40|realhr,realhr,8,13,34.62,0.7765,0.8215,0.8511,5.2718,4.7637,LCRISP,1.107
steel_MNAR_20|realhr,realhr,8,13,9.62,0.7811,0.8048,0.8486,1.8063,1.8624,CRISP,0.97
steel_MNAR_20|realhr,realhr,8,13,13.46,0.7872,0.8003,0.8369,1.8063,1.8624,CRISP,0.97
steel_MCAR_20|realhr,realhr,8,13,13.46,0.7881,0.9218,0.9106,3.0666,3.0716,CRISP,0.998
steel_MNAR_40|realhr,realhr,8,13,23.08,0.7888,0.7951,0.807,2.4896,2.7581,CRISP,0.903
steel_MNAR_20|realhr,realhr,8,13,8.65,0.8125,0.8773,0.8963,1.8063,1.8624,CRISP,0.97
steel_MCAR_20|realhr,realhr,8,13,14.42,0.8165,0.7859,0.8655,3.0666,3.0716,CRISP,0.998
steel_MNAR_20|realhr,realhr,8,13,7.69,0.8458,0.8208,0.8721,1.8063,1.8624,CRISP,0.97
ge|realnd,realnd,8,9,4.17,0.8489,0.8711,0.9117,0.0,0.0,CRISP,0.0
steel_MCAR_40|realhr,realhr,8,13,32.69,0.8714,1.7646,1.9494,5.2718,4.7637,LCRISP,1.107
steel_MCAR_40|realhr,realhr,8,13,29.81,0.8982,1.201,1.0664,5.2718,4.7637,LCRISP,1.107
steel_MNAR_40|realhr,realhr,8,13,24.04,0.8991,0.9954,1.2009,2.4896,2.7581,CRISP,0.903
steel_MCAR_40|realhr,realhr,8,13,47.12,0.9139,14.0846,1.5731,5.2718,4.7637,LCRISP,1.107
ge|realnd,realnd,8,9,4.17,0.9346,0.9339,0.9433,0.0,0.0,CRISP,0.0
ge|realnd,realnd,8,9,4.17,0.9702,0.9253,0.9802,0.0,0.0,CRISP,0.0
ge|realnd,realnd,8,9,4.17,1.0011,1.0084,1.0474,0.0,0.0,CRISP,0.0
steel_MNAR_40|realhr,realhr,8,13,25.96,1.0218,1.389,1.7924,2.4896,2.7581,CRISP,0.903
steel_MNAR_40|realhr,realhr,8,13,33.65,1.0267,1.1938,1.4913,2.4896,2.7581,CRISP,0.903
steel_MNAR_40|realhr,realhr,8,13,19.23,1.0759,1.6984,2.2893,2.4896,2.7581,CRISP,0.903
steel_MNAR_20|realhr,realhr,8,13,10.58,1.4353,1.489,2.0039,1.8063,1.8624,CRISP,0.97
steel_MCAR_40|realhr,realhr,8,13,33.65,1.9097,2.0216,2.7072,5.2718,4.7637,LCRISP,1.107
