config,group,n,d,n_sub,choice,crisp,lcrisp,oracle,pseudo_crisp_mae,pseudo_lcrisp_mae,true_winner,routed,correct
cement|lowmiss,lowmiss,1030,7,1,LCRISP,0.9846,0.5069,0.5069,2.8535,2.2622,LCRISP,0.5069,True
cement|lowmiss,lowmiss,1030,7,1,LCRISP,1.6986,0.9917,0.9917,2.9766,2.4214,LCRISP,0.9917,True
cement|lowmiss,lowmiss,1030,7,1,LCRISP,1.0741,0.5513,0.5513,2.9864,2.3014,LCRISP,0.5513,True
cement|lowmiss,lowmiss,1030,7,1,LCRISP,1.7944,1.053,1.053,2.9147,2.381,LCRISP,1.053,True
cement|lowmiss,lowmiss,1030,7,1,LCRISP,0.5477,0.2327,0.2327,2.8591,2.1305,LCRISP,0.2327,True
cement|lowmiss,lowmiss,1030,7,1,LCRISP,0.9796,0.4752,0.4752,2.8637,2.237,LCRISP,0.4752,True
ge|lowmiss,lowmiss,86,9,1,LCRISP,1.6962,1.4211,1.4211,15.3965,15.2941,LCRISP,1.4211,True
ge|lowmiss,lowmiss,86,9,1,LCRISP,4.1351,3.7894,3.7894,20.4486,14.0311,LCRISP,3.7894,True
ge|lowmiss,lowmiss,86,9,1,LCRISP,2.4353,2.062,2.062,17.5049,14.4348,LCRISP,2.062,True
ge|lowmiss,lowmiss,86,9,1,LCRISP,4.3124,3.7608,3.7608,17.8185,14.7895,LCRISP,3.7608,True
ge|lowmiss,lowmiss,86,9,1,LCRISP,0.5067,0.5682,0.5067,18.1062,14.0829,CRISP,0.5682,False
ge|lowmiss,lowmiss,86,9,1,LCRISP,1.9309,2.3118,1.9309,16.8852,13.813,CRISP,2.3118,False
glass|lowmiss,lowmiss,40,8,1,LCRISP,0.0624,0.0555,0.0555,0.2061,0.2035,LCRISP,0.0555,True
glass|lowmiss,lowmiss,40,8,1,CRISP,0.1129,0.1064,0.1064,0.2277,0.2313,LCRISP,0.1129,False
glass|lowmiss,lowmiss,40,8,1,CRISP,0.0734,0.0607,0.0607,0.1942,0.1942,LCRISP,0.0734,False
glass|lowmiss,lowmiss,40,8,1,LCRISP,0.1291,0.1053,0.1053,0.2193,0.2172,LCRISP,0.1053,True
glass|lowmiss,lowmiss,40,8,1,LCRISP,0.0171,0.0173,0.0171,0.2065,0.1877,CRISP,0.0173,False
glass|lowmiss,lowmiss,40,8,1,LCRISP,0.0469,0.0474,0.0469,0.2077,0.1885,CRISP,0.0474,False
steel|lowmiss,lowmiss,300,13,1,LCRISP,1.2694,0.5568,0.5568,4.0198,2.9436,LCRISP,0.5568,True
steel|lowmiss,lowmiss,300,13,1,LCRISP,2.1885,1.194,1.194,4.4917,3.7038,LCRISP,1.194,True
steel|lowmiss,lowmiss,300,13,1,LCRISP,1.5133,0.6356,0.6356,3.513,2.2638,LCRISP,0.6356,True
steel|lowmiss,lowmiss,300,13,1,LCRISP,2.6652,1.5893,1.5893,4.2985,3.1921,LCRISP,1.5893,True
steel|lowmiss,lowmiss,300,13,1,LCRISP,0.7991,0.3343,0.3343,3.7165,2.7546,LCRISP,0.3343,True
steel|lowmiss,lowmiss,300,13,1,LCRISP,1.5883,0.8119,0.8119,4.3744,3.391,LCRISP,0.8119,True
synthetic|lowmiss,lowmiss,300,8,1,LCRISP,3.16,4.059,3.16,23.345,19.2933,CRISP,4.059,False
synthetic|lowmiss,lowmiss,300,8,1,CRISP,6.4553,7.6085,6.4553,17.7746,20.1865,CRISP,6.4553,True
synthetic|lowmiss,lowmiss,300,8,1,LCRISP,4.2857,5.3434,4.2857,21.1164,19.0261,CRISP,5.3434,False
synthetic|lowmiss,lowmiss,300,8,1,CRISP,8.5354,9.4583,8.5354,18.161,18.9851,CRISP,8.5354,True
synthetic|lowmiss,lowmiss,300,8,1,LCRISP,2.7056,3.5693,2.7056,22.5757,18.0045,CRISP,3.5693,False
synthetic|lowmiss,lowmiss,300,8,1,LCRISP,5.4227,6.3655,5.4227,20.1277,19.6438,CRISP,6.3655,False
ge_nd|nd,nd,20,30,1,LCRISP,2.7187,1.5975,1.5975,20.2593,14.7825,LCRISP,1.5975,True
ge_nd|nd,nd,20,30,1,LCRISP,11.2685,7.0322,7.0322,21.2731,17.8531,LCRISP,7.0322,True
ge_nd|nd,nd,20,30,1,CRISP,4.2735,2.2998,2.2998,16.9512,21.5302,LCRISP,4.2735,False
ge_nd|nd,nd,20,30,1,LCRISP,12.4936,8.0413,8.0413,22.55,17.4835,LCRISP,8.0413,True
ge_nd|nd,nd,20,30,1,LCRISP,0.9474,0.0,0.0,20.2222,9.9415,LCRISP,0.0,True
ge_nd|nd,nd,20,30,1,LCRISP,4.1854,1.9999,1.9999,22.9268,18.8039,LCRISP,1.9999,True
synA1|nd,nd,25,50,1,CRISP,2.5381,3.731,2.5381,5.6813,7.9596,CRISP,2.5381,True
synA1|nd,nd,25,50,1,CRISP,6.5913,7.619,6.5913,6.1584,8.5606,CRISP,6.5913,True
synA1|nd,nd,25,50,1,CRISP,3.4586,5.3507,3.4586,4.9518,8.1254,CRISP,3.4586,True
synA1|nd,nd,25,50,1,CRISP,6.5185,8.2292,6.5185,4.9519,8.4437,CRISP,6.5185,True
synA1|nd,nd,25,50,1,CRISP,1.3825,1.8728,1.3825,5.449,7.9642,CRISP,1.3825,True
synA1|nd,nd,25,50,1,CRISP,3.4445,4.6405,3.4445,6.078,9.0537,CRISP,3.4445,True
synA2|nd,nd,30,40,1,CRISP,2.7764,3.8451,2.7764,5.0163,10.2527,CRISP,2.7764,True
synA2|nd,nd,30,40,1,CRISP,7.3663,8.6057,7.3663,5.5709,11.7804,CRISP,7.3663,True
synA2|nd,nd,30,40,1,CRISP,2.9692,4.1487,2.9692,5.3096,8.631,CRISP,2.9692,True
synA2|nd,nd,30,40,1,CRISP,7.7542,8.5103,7.7542,5.2231,13.0558,CRISP,7.7542,True
synA2|nd,nd,30,40,1,CRISP,1.7403,2.3964,1.7403,4.6204,7.2213,CRISP,1.7403,True
synA2|nd,nd,30,40,1,CRISP,4.3871,5.4651,4.3871,5.4949,10.488,CRISP,4.3871,True
synA3|nd,nd,20,40,1,CRISP,2.8754,4.0958,2.8754,5.0449,12.2063,CRISP,2.8754,True
synA3|nd,nd,20,40,1,CRISP,6.66,8.4884,6.66,5.3623,12.4701,CRISP,6.66,True
synA3|nd,nd,20,40,1,CRISP,3.0483,4.4338,3.0483,4.3782,9.0108,CRISP,3.0483,True
synA3|nd,nd,20,40,1,CRISP,5.7982,8.8977,5.7982,5.4554,13.5475,CRISP,5.7982,True
synA3|nd,nd,20,40,1,CRISP,1.4434,1.8283,1.4434,4.6231,10.1674,CRISP,1.4434,True
synA3|nd,nd,20,40,1,CRISP,4.2831,4.7423,4.2831,5.5535,12.447,CRISP,4.2831,True
synA4|nd,nd,25,60,1,CRISP,2.6314,3.6479,2.6314,5.2533,7.5661,CRISP,2.6314,True
synA4|nd,nd,25,60,1,CRISP,4.6573,7.0192,4.6573,5.3152,9.7848,CRISP,4.6573,True
synA4|nd,nd,25,60,1,CRISP,3.1379,4.583,3.1379,5.0496,7.9338,CRISP,3.1379,True
synA4|nd,nd,25,60,1,CRISP,4.9535,7.5902,4.9535,5.7076,10.3038,CRISP,4.9535,True
synA4|nd,nd,25,60,1,CRISP,1.8557,2.3142,1.8557,5.1177,7.5204,CRISP,1.8557,True
synA4|nd,nd,25,60,1,CRISP,4.1584,4.6646,4.1584,5.2785,8.8723,CRISP,4.1584,True
cement|realnd,realnd,6,7,1,LCRISP,0.0,0.0,0.0,1.3751,1.3259,CRISP,0.0,False
cement|realnd,realnd,6,7,1,LCRISP,0.0,0.0,0.0,2.5936,2.5699,CRISP,0.0,False
cement|realnd,realnd,6,7,1,LCRISP,0.0,0.0,0.0,2.0843,2.0637,CRISP,0.0,False
cement|realnd,realnd,6,7,1,LCRISP,0.0,0.0,0.0,1.1224,1.1171,CRISP,0.0,False
cement|realnd,realnd,6,7,1,CRISP,0.0,0.0,0.0,3.1802,3.2424,CRISP,0.0,True
cement|realnd,realnd,6,7,1,LCRISP,0.0,0.0,0.0,1.902,1.7454,CRISP,0.0,False
cement|realnd,realnd,6,7,1,LCRISP,0.0,0.0,0.0,4.1257,3.9443,CRISP,0.0,False
cement|realnd,realnd,6,7,1,CRISP,0.0,0.0,0.0,1.5476,1.5666,CRISP,0.0,True
cement|realnd,realnd,6,7,1,CRISP,0.0,0.0,0.0,10.1805,10.1805,CRISP,0.0,True
cement|realnd,realnd,6,7,1,CRISP,0.0,0.0,0.0,1.3875,1.4002,CRISP,0.0,True
cement|realnd,realnd,6,7,1,CRISP,0.0,0.0,0.0,0.8238,0.9363,CRISP,0.0,True
cement|realnd,realnd,6,7,1,CRISP,0.0,0.0,0.0,3.721,3.737,CRISP,0.0,True
cement|realnd,realnd,6,7,1,LCRISP,0.0,0.0,0.0,2.7722,2.6515,CRISP,0.0,False
cement|realnd,realnd,6,7,1,LCRISP,0.0,0.0,0.0,3.218,3.1186,CRISP,0.0,False
cement|realnd,realnd,6,7,1,CRISP,0.0,0.0,0.0,1.5211,1.8387,CRISP,0.0,True
cement|realnd,realnd,6,7,1,CRISP,0.0,0.0,0.0,2.7211,3.0925,CRISP,0.0,True
cement|realnd,realnd,6,7,1,LCRISP,0.0,0.0,0.0,3.2633,3.1888,CRISP,0.0,False
cement|realnd,realnd,6,7,1,CRISP,0.0,0.0,0.0,1.7238,2.1324,CRISP,0.0,True
cement|realnd,realnd,6,7,1,CRISP,0.0,0.0,0.0,2.0399,2.2679,CRISP,0.0,True
cement|realnd,realnd,6,7,1,LCRISP,0.0,0.0,0.0,1.7509,1.6873,CRISP,0.0,False
ge|realnd,realnd,8,9,1,LCRISP,0.0,0.0,0.0,22.2917,18.2354,CRISP,0.0,False
ge|realnd,realnd,8,9,1,CRISP,0.0,0.0,0.0,20.5057,20.6693,CRISP,0.0,True
ge|realnd,realnd,8,9,1,CRISP,0.0,0.0,0.0,1.2145,14.465,CRISP,0.0,True
ge|realnd,realnd,8,9,1,LCRISP,0.0,0.0,0.0,14.0351,7.5401,CRISP,0.0,False
ge|realnd,realnd,8,9,1,LCRISP,0.0,0.0,0.0,14.6806,14.6805,CRISP,0.0,False
ge|realnd,realnd,8,9,1,CRISP,0.0,0.0,0.0,1.8519,26.0841,CRISP,0.0,True
ge|realnd,realnd,8,9,1,CRISP,0.0,0.0,0.0,24.1667,25.4108,CRISP,0.0,True
ge|realnd,realnd,8,9,1,LCRISP,0.0,0.0,0.0,21.9794,14.4543,CRISP,0.0,False
ge|realnd,realnd,8,9,1,LCRISP,0.0,0.0,0.0,20.2161,19.0069,CRISP,0.0,False
ge|realnd,realnd,8,9,1,LCRISP,0.0,0.0,0.0,20.614,17.0349,CRISP,0.0,False
ge|realnd,realnd,8,9,1,LCRISP,0.0,0.0,0.0,18.4211,12.5782,CRISP,0.0,False
ge|realnd,realnd,8,9,1,LCRISP,0.0,0.0,0.0,11.3889,9.47,CRISP,0.0,False
ge|realnd,realnd,8,9,1,CRISP,0.0,0.0,0.0,15.8333,19.6435,CRISP,0.0,True
ge|realnd,realnd,8,9,1,CRISP,0.0,0.0,0.0,20.521,23.06,CRISP,0.0,True
ge|realnd,realnd,8,9,1,CRISP,0.0,0.0,0.0,0.1381,22.3018,CRISP,0.0,True
ge|realnd,realnd,8,9,1,CRISP,0.0,0.0,0.0,23.3112,23.4921,CRISP,0.0,True
ge|realnd,realnd,8,9,1,LCRISP,0.0,0.0,0.0,14.9123,7.8351,CRISP,0.0,False
ge|realnd,realnd,8,9,1,LCRISP,0.0,0.0,0.0,18.6842,14.945,CRISP,0.0,False
ge|realnd,realnd,8,9,1,CRISP,0.0,0.0,0.0,11.6667,14.1041,CRISP,0.0,True
glass|realnd,realnd,6,8,1,CRISP,0.0,0.0,0.0,0.1452,0.1529,CRISP,0.0,True
glass|realnd,realnd,6,8,1,LCRISP,0.0,0.0,0.0,0.1379,0.1244,CRISP,0.0,False
glass|realnd,realnd,6,8,1,CRISP,0.0,0.0,0.0,0.2694,0.2774,CRISP,0.0,True
glass|realnd,realnd,6,8,1,LCRISP,0.0,0.0,0.0,0.1801,0.1631,CRISP,0.0,False
glass|realnd,realnd,6,8,1,CRISP,0.0,0.0,0.0,26.4618,26.4618,CRISP,0.0,True
glass|realnd,realnd,6,8,1,LCRISP,0.0,0.0,0.0,0.3882,0.3853,CRISP,0.0,False
glass|realnd,realnd,6,8,1,LCRISP,0.0,0.0,0.0,0.3006,0.2993,CRISP,0.0,False
glass|realnd,realnd,6,8,1,LCRISP,0.0,0.0,0.0,0.368,0.3552,CRISP,0.0,False
glass|realnd,realnd,6,8,1,CRISP,0.0,0.0,0.0,0.4199,0.4262,CRISP,0.0,True
glass|realnd,realnd,6,8,1,CRISP,0.0,0.0,0.0,27.6892,27.6892,CRISP,0.0,True
glass|realnd,realnd,6,8,1,LCRISP,0.0,0.0,0.0,0.4076,0.3947,CRISP,0.0,False
glass|realnd,realnd,6,8,1,CRISP,0.0,0.0,0.0,26.2347,26.2347,CRISP,0.0,True
glass|realnd,realnd,6,8,1,CRISP,0.0,0.0,0.0,0.1087,0.1097,CRISP,0.0,True
glass|realnd,realnd,6,8,1,CRISP,0.0,0.0,0.0,0.2437,0.2485,CRISP,0.0,True
glass|realnd,realnd,6,8,1,LCRISP,0.0,0.0,0.0,0.2382,0.2364,CRISP,0.0,False
glass|realnd,realnd,6,8,1,CRISP,0.0,0.0,0.0,0.1393,0.1423,CRISP,0.0,True
glass|realnd,realnd,6,8,1,LCRISP,0.0,0.0,0.0,0.3657,0.3623,CRISP,0.0,False
glass|realnd,realnd,6,8,1,LCRISP,0.0,0.0,0.0,0.1434,0.1317,CRISP,0.0,False
glass|realnd,realnd,6,8,1,CRISP,0.0,0.0,0.0,0.209,0.244,CRISP,0.0,True
glass|realnd,realnd,6,8,1,LCRISP,0.0,0.0,0.0,0.1377,0.1347,CRISP,0.0,False
steel|realnd,realnd,10,13,1,CRISP,3.6946,2.8122,2.8122,4.2596,4.6335,LCRISP,3.6946,False
steel|realnd,realnd,10,13,1,LCRISP,3.6946,2.8122,2.8122,6.5502,5.7922,LCRISP,2.8122,True
steel|realnd,realnd,10,13,1,LCRISP,3.6946,2.8122,2.8122,3.2301,2.6671,LCRISP,2.8122,True
steel|realnd,realnd,10,13,1,CRISP,3.6946,2.8122,2.8122,1.8021,2.0282,LCRISP,3.6946,False
steel|realnd,realnd,10,13,1,LCRISP,3.6946,2.8122,2.8122,2.4124,2.1572,LCRISP,2.8122,True
steel|realnd,realnd,10,13,1,LCRISP,3.6946,2.8122,2.8122,4.7815,4.4085,LCRISP,2.8122,True
steel|realnd,realnd,10,13,1,CRISP,3.6946,2.8122,2.8122,1.1341,2.5865,LCRISP,3.6946,False
steel|realnd,realnd,10,13,1,LCRISP,3.6946,2.8122,2.8122,6.1408,5.8794,LCRISP,2.8122,True
steel|realnd,realnd,10,13,1,LCRISP,3.6946,2.8122,2.8122,8.2966,6.4337,LCRISP,2.8122,True
steel|realnd,realnd,10,13,1,CRISP,3.6946,2.8122,2.8122,0.9544,1.215,LCRISP,3.6946,False
steel|realnd,realnd,10,13,1,LCRISP,3.6946,2.8122,2.8122,3.0103,2.7705,LCRISP,2.8122,True
steel|realnd,realnd,10,13,1,CRISP,3.6946,2.8122,2.8122,1.5599,1.6191,LCRISP,3.6946,False
steel|realnd,realnd,10,13,1,LCRISP,3.6946,2.8122,2.8122,0.9275,0.8968,LCRISP,2.8122,True
steel|realnd,realnd,10,13,1,LCRISP,3.6946,2.8122,2.8122,4.0521,3.1986,LCRISP,2.8122,True
steel|realnd,realnd,10,13,1,LCRISP,3.6946,2.8122,2.8122,2.3099,1.688,LCRISP,2.8122,True
steel|realnd,realnd,10,13,1,CRISP,3.6946,2.8122,2.8122,5.0798,5.3725,LCRISP,3.6946,False
steel|realnd,realnd,10,13,1,CRISP,3.6946,2.8122,2.8122,4.5901,4.8883,LCRISP,3.6946,False
steel|realnd,realnd,10,13,1,CRISP,3.6946,2.8122,2.8122,2.342,2.7229,LCRISP,3.6946,False
steel|realnd,realnd,10,13,1,CRISP,3.6946,2.8122,2.8122,4.1154,4.2329,LCRISP,3.6946,False
steel|realnd,realnd,10,13,1,CRISP,3.6946,2.8122,2.8122,0.9046,2.2264,LCRISP,3.6946,False
cement_MCAR_20|realhr,realhr,4,7,20,CRISP,1.5985,1.5839,1.5839,11.1326,11.1406,LCRISP,1.5985,False
cement_MCAR_40|realhr,realhr,4,7,19,CRISP,2.755,2.7943,2.755,11.4405,11.447,CRISP,2.755,True
cement_MNAR_20|realhr,realhr,4,7,15,CRISP,0.4903,0.4885,0.4885,7.1752,7.1904,LCRISP,0.4903,False
cement_MNAR_40|realhr,realhr,4,7,19,CRISP,0.5896,0.5859,0.5859,10.22,10.2215,LCRISP,0.5896,False
ge_MCAR_20|realhr,realhr,6,9,19,LCRISP,8.2064,7.8915,7.8915,20.1683,21.4936,LCRISP,7.8915,True
ge_MCAR_40|realhr,realhr,6,9,20,LCRISP,13.4319,10.8748,10.8748,21.7705,22.3433,LCRISP,10.8748,True
ge_MNAR_20|realhr,realhr,6,9,14,LCRISP,2.9422,2.9422,2.9422,20.8037,19.2529,CRISP,2.9422,False
ge_MNAR_40|realhr,realhr,6,9,19,CRISP,2.9699,2.9699,2.9699,17.2624,21.8553,CRISP,2.9699,True
glass_MCAR_20|realhr,realhr,5,8,20,CRISP,0.0826,0.0832,0.0826,4.2759,4.2763,CRISP,0.0826,True
glass_MCAR_40|realhr,realhr,5,8,20,CRISP,0.2071,0.1952,0.1952,11.3645,11.3603,LCRISP,0.2071,False
glass_MNAR_20|realhr,realhr,5,8,16,LCRISP,0.0173,0.0174,0.0173,0.2996,0.2992,CRISP,0.0174,False
glass_MNAR_40|realhr,realhr,5,8,19,LCRISP,0.062,0.0608,0.0608,2.6982,2.6976,LCRISP,0.0608,True
steel_MCAR_20|realhr,realhr,8,13,20,LCRISP,3.0666,3.0716,3.0666,3.2132,2.836,CRISP,3.0716,False
steel_MCAR_40|realhr,realhr,8,13,20,CRISP,5.2718,4.7637,4.7637,6.0983,5.9012,LCRISP,5.2718,False
steel_MNAR_20|realhr,realhr,8,13,20,CRISP,1.8063,1.8624,1.8063,2.6123,2.6024,CRISP,1.8063,True
steel_MNAR_40|realhr,realhr,8,13,20,CRISP,2.4896,2.7581,2.4896,4.4419,4.4513,CRISP,2.4896,True
