config,label,n,d,d_over_n,seeds,variant,mae,mae_std,sumdev
tmp/ge_MCAR_10,"low-miss real (ge, 86x9)",86,9,0.1,20,softimpute(lam_ratio=0.0),11.8015,0.9803,4.6088
tmp/ge_MCAR_10,"low-miss real (ge, 86x9)",86,9,0.1,20,softimpute(lam_ratio=0.005),9.7129,1.1792,3.8505
tmp/ge_MCAR_10,"low-miss real (ge, 86x9)",86,9,0.1,20,softimpute(lam_ratio=0.02),8.3367,1.1953,3.54
tmp/ge_MCAR_10,"low-miss real (ge, 86x9)",86,9,0.1,20,softimpute(lam_ratio=0.05),8.2409,1.1717,3.9263
tmp/ge_MCAR_10,"low-miss real (ge, 86x9)",86,9,0.1,20,softimpute(lam_ratio=0.15),9.0087,0.8591,4.5948
tmp/ge_MCAR_10,"low-miss real (ge, 86x9)",86,9,0.1,20,softimpute(lam_ratio=0.5),11.0355,0.9122,4.6089
tmp/ge_MCAR_10,"low-miss real (ge, 86x9)",86,9,0.1,20,v1.0 legacy (hard rank-5 truncation),29.3427,3.9394,10.8669
tmp/cement_MCAR_10,"low-miss real (cement, 1030x7)",1030,7,0.01,20,softimpute(lam_ratio=0.0),2.3075,0.0875,1.1184
tmp/cement_MCAR_10,"low-miss real (cement, 1030x7)",1030,7,0.01,20,softimpute(lam_ratio=0.005),1.7747,0.0917,0.7602
tmp/cement_MCAR_10,"low-miss real (cement, 1030x7)",1030,7,0.01,20,softimpute(lam_ratio=0.02),1.2228,0.0925,0.3748
tmp/cement_MCAR_10,"low-miss real (cement, 1030x7)",1030,7,0.01,20,softimpute(lam_ratio=0.05),1.1457,0.0747,0.2707
tmp/cement_MCAR_10,"low-miss real (cement, 1030x7)",1030,7,0.01,20,softimpute(lam_ratio=0.15),1.4936,0.0525,0.2777
tmp/cement_MCAR_10,"low-miss real (cement, 1030x7)",1030,7,0.01,20,softimpute(lam_ratio=0.5),2.0639,0.0762,0.2785
tmp/cement_MCAR_10,"low-miss real (cement, 1030x7)",1030,7,0.01,20,v1.0 legacy (hard rank-5 truncation),3.4501,0.1402,1.7657
tmp/steel_MCAR_10,"low-miss real (steel, 300x13)",300,13,0.04,20,softimpute(lam_ratio=0.0),6.243,0.4614,5.8504
tmp/steel_MCAR_10,"low-miss real (steel, 300x13)",300,13,0.04,20,softimpute(lam_ratio=0.005),4.3118,0.4748,3.3823
tmp/steel_MCAR_10,"low-miss real (steel, 300x13)",300,13,0.04,20,softimpute(lam_ratio=0.02),2.7213,0.3377,1.0025
tmp/steel_MCAR_10,"low-miss real (steel, 300x13)",300,13,0.04,20,softimpute(lam_ratio=0.05),2.9249,0.3001,0.689
tmp/steel_MCAR_10,"low-miss real (steel, 300x13)",300,13,0.04,20,softimpute(lam_ratio=0.15),3.6998,0.3204,0.6108
tmp/steel_MCAR_10,"low-miss real (steel, 300x13)",300,13,0.04,20,softimpute(lam_ratio=0.5),5.2958,0.3917,0.5917
tmp/steel_MCAR_10,"low-miss real (steel, 300x13)",300,13,0.04,20,v1.0 legacy (hard rank-5 truncation),5.8787,0.3835,5.5411
tmp_nd/synA1_MCAR_10,n<d synthetic (25x50),25,50,2.0,20,softimpute(lam_ratio=0.0),8.0673,1.351,8.6214
tmp_nd/synA1_MCAR_10,n<d synthetic (25x50),25,50,2.0,20,softimpute(lam_ratio=0.005),8.1676,1.3604,8.611
tmp_nd/synA1_MCAR_10,n<d synthetic (25x50),25,50,2.0,20,softimpute(lam_ratio=0.02),8.2695,1.3626,8.6261
tmp_nd/synA1_MCAR_10,n<d synthetic (25x50),25,50,2.0,20,softimpute(lam_ratio=0.05),8.2992,1.3553,8.6047
tmp_nd/synA1_MCAR_10,n<d synthetic (25x50),25,50,2.0,20,softimpute(lam_ratio=0.15),8.3119,1.3479,8.552
tmp_nd/synA1_MCAR_10,n<d synthetic (25x50),25,50,2.0,20,softimpute(lam_ratio=0.5),8.1864,1.33,8.4663
tmp_nd/synA1_MCAR_10,n<d synthetic (25x50),25,50,2.0,20,v1.0 legacy (hard rank-5 truncation),13.1195,3.2481,13.3406
tmp_nd/ge_nd_MCAR_10,"n<d 'real' (20x30, effective d=9)",20,30,1.5,20,softimpute(lam_ratio=0.0),12.4754,2.3431,5.2396
tmp_nd/ge_nd_MCAR_10,"n<d 'real' (20x30, effective d=9)",20,30,1.5,20,softimpute(lam_ratio=0.005),9.1084,2.4129,3.979
tmp_nd/ge_nd_MCAR_10,"n<d 'real' (20x30, effective d=9)",20,30,1.5,20,softimpute(lam_ratio=0.02),8.4377,2.2767,4.1314
tmp_nd/ge_nd_MCAR_10,"n<d 'real' (20x30, effective d=9)",20,30,1.5,20,softimpute(lam_ratio=0.05),8.5406,2.1829,4.8946
tmp_nd/ge_nd_MCAR_10,"n<d 'real' (20x30, effective d=9)",20,30,1.5,20,softimpute(lam_ratio=0.15),9.2984,2.1283,5.2361
tmp_nd/ge_nd_MCAR_10,"n<d 'real' (20x30, effective d=9)",20,30,1.5,20,softimpute(lam_ratio=0.5),10.8063,2.1494,5.2129
tmp_nd/ge_nd_MCAR_10,"n<d 'real' (20x30, effective d=9)",20,30,1.5,20,v1.0 legacy (hard rank-5 truncation),24.7753,10.3304,9.9537
tmp_realhr/steel_MCAR_20_s0,real high-ratio n<d (8x13),8,13,1.62,1,softimpute(lam_ratio=0.0),5.4432,0.0,9.7469
tmp_realhr/steel_MCAR_20_s0,real high-ratio n<d (8x13),8,13,1.62,1,softimpute(lam_ratio=0.005),4.5695,0.0,8.251
tmp_realhr/steel_MCAR_20_s0,real high-ratio n<d (8x13),8,13,1.62,1,softimpute(lam_ratio=0.02),3.9679,0.0,6.9848
tmp_realhr/steel_MCAR_20_s0,real high-ratio n<d (8x13),8,13,1.62,1,softimpute(lam_ratio=0.05),3.9224,0.0,6.5013
tmp_realhr/steel_MCAR_20_s0,real high-ratio n<d (8x13),8,13,1.62,1,softimpute(lam_ratio=0.15),3.994,0.0,6.3917
tmp_realhr/steel_MCAR_20_s0,real high-ratio n<d (8x13),8,13,1.62,1,softimpute(lam_ratio=0.5),4.7856,0.0,7.1233
tmp_realhr/steel_MCAR_20_s0,real high-ratio n<d (8x13),8,13,1.62,1,v1.0 legacy (hard rank-5 truncation),5.4965,0.0,8.5029
