dataset,mechanism,missing,test,p,crisp,other
synthetic,MCAR,0.1,CRISP vs MICE,0.0094,4.286,3.736
synthetic,MCAR,0.1,CRISP vs KNN,0.0,4.286,12.365
synthetic,MCAR,0.1,CRISP vs mean,0.0,4.286,15.151
synthetic,MCAR,0.1,CRISP vs SoftImpute,0.0,4.286,10.55
synthetic,MCAR,0.2,CRISP vs MICE,0.0,8.535,6.768
synthetic,MCAR,0.2,CRISP vs KNN,0.0,8.535,15.065
synthetic,MCAR,0.2,CRISP vs mean,0.0,8.535,15.361
synthetic,MCAR,0.2,CRISP vs SoftImpute,0.0,8.535,13.079
synthetic,MAR,0.1,CRISP vs MICE,0.4524,3.16,3.294
synthetic,MAR,0.1,CRISP vs KNN,0.0,3.16,10.909
synthetic,MAR,0.1,CRISP vs mean,0.0,3.16,13.001
synthetic,MAR,0.1,CRISP vs SoftImpute,0.0,3.16,7.66
synthetic,MAR,0.2,CRISP vs MICE,0.0,6.455,5.687
synthetic,MAR,0.2,CRISP vs KNN,0.0,6.455,12.776
synthetic,MAR,0.2,CRISP vs mean,0.0,6.455,13.174
synthetic,MAR,0.2,CRISP vs SoftImpute,0.0,6.455,10.215
synthetic,MNAR,0.1,CRISP vs MICE,0.5958,2.706,2.815
synthetic,MNAR,0.1,CRISP vs KNN,0.0,2.706,9.824
synthetic,MNAR,0.1,CRISP vs mean,0.0,2.706,11.454
synthetic,MNAR,0.1,CRISP vs SoftImpute,0.0,2.706,5.687
synthetic,MNAR,0.2,CRISP vs MICE,0.0042,5.423,4.94
synthetic,MNAR,0.2,CRISP vs KNN,0.0,5.423,11.471
synthetic,MNAR,0.2,CRISP vs mean,0.0,5.423,11.738
synthetic,MNAR,0.2,CRISP vs SoftImpute,0.0,5.423,8.193
steel,MCAR,0.1,CRISP vs MICE,0.3683,1.513,1.548
steel,MCAR,0.1,CRISP vs KNN,0.0,1.513,1.947
steel,MCAR,0.1,CRISP vs mean,0.0,1.513,6.243
steel,MCAR,0.1,CRISP vs SoftImpute,0.0,1.513,2.925
steel,MCAR,0.2,CRISP vs MICE,0.0266,2.665,2.585
steel,MCAR,0.2,CRISP vs KNN,0.0,2.665,3.012
steel,MCAR,0.2,CRISP vs mean,0.0,2.665,6.326
steel,MCAR,0.2,CRISP vs SoftImpute,0.0,2.665,3.67
steel,MAR,0.1,CRISP vs MICE,0.3683,1.269,1.296
steel,MAR,0.1,CRISP vs KNN,0.0,1.269,1.731
steel,MAR,0.1,CRISP vs mean,0.0,1.269,5.65
steel,MAR,0.1,CRISP vs SoftImpute,0.0,1.269,2.649
steel,MAR,0.2,CRISP vs MICE,0.6215,2.188,2.168
steel,MAR,0.2,CRISP vs KNN,0.0,2.188,2.588
steel,MAR,0.2,CRISP vs mean,0.0,2.188,5.684
steel,MAR,0.2,CRISP vs SoftImpute,0.0,2.188,3.227
steel,MNAR,0.1,CRISP vs MICE,0.0136,0.799,0.898
steel,MNAR,0.1,CRISP vs KNN,0.0,0.799,1.458
steel,MNAR,0.1,CRISP vs mean,0.0,0.799,5.203
steel,MNAR,0.1,CRISP vs SoftImpute,0.0,0.799,2.359
steel,MNAR,0.2,CRISP vs MICE,0.0006,1.588,1.725
steel,MNAR,0.2,CRISP vs KNN,0.0,1.588,2.293
steel,MNAR,0.2,CRISP vs mean,0.0,1.588,5.315
steel,MNAR,0.2,CRISP vs SoftImpute,0.0,1.588,3.032
glass,MCAR,0.1,CRISP vs MICE,0.5958,0.073,0.075
glass,MCAR,0.1,CRISP vs KNN,0.0,0.073,0.156
glass,MCAR,0.1,CRISP vs mean,0.0,0.073,0.253
glass,MCAR,0.1,CRISP vs SoftImpute,0.0,0.073,0.135
glass,MCAR,0.2,CRISP vs MICE,0.5459,0.129,0.132
glass,MCAR,0.2,CRISP vs KNN,0.0,0.129,0.185
glass,MCAR,0.2,CRISP vs mean,0.0,0.129,0.267
glass,MCAR,0.2,CRISP vs SoftImpute,0.0003,0.129,0.166
glass,MAR,0.1,CRISP vs MICE,0.3683,0.062,0.071
glass,MAR,0.1,CRISP vs KNN,0.0,0.062,0.16
glass,MAR,0.1,CRISP vs mean,0.0,0.062,0.247
glass,MAR,0.1,CRISP vs SoftImpute,0.0,0.062,0.126
glass,MAR,0.2,CRISP vs MICE,0.5217,0.113,0.117
glass,MAR,0.2,CRISP vs KNN,0.0,0.113,0.179
glass,MAR,0.2,CRISP vs mean,0.0,0.113,0.251
glass,MAR,0.2,CRISP vs SoftImpute,0.0,0.113,0.152
glass,MNAR,0.1,CRISP vs MICE,0.165,0.017,0.017
glass,MNAR,0.1,CRISP vs KNN,0.0,0.017,0.144
glass,MNAR,0.1,CRISP vs mean,0.0,0.017,0.229
glass,MNAR,0.1,CRISP vs SoftImpute,0.0,0.017,0.107
glass,MNAR,0.2,CRISP vs MICE,0.5706,0.047,0.058
glass,MNAR,0.2,CRISP vs KNN,0.0,0.047,0.159
glass,MNAR,0.2,CRISP vs mean,0.0,0.047,0.239
glass,MNAR,0.2,CRISP vs SoftImpute,0.0,0.047,0.119
ge,MCAR,0.1,CRISP vs MICE,0.1054,2.435,1.646
ge,MCAR,0.1,CRISP vs KNN,0.0,2.435,11.095
ge,MCAR,0.1,CRISP vs mean,0.0,2.435,11.802
ge,MCAR,0.1,CRISP vs SoftImpute,0.0,2.435,8.241
ge,MCAR,0.2,CRISP vs MICE,0.0003,4.312,2.555
ge,MCAR,0.2,CRISP vs KNN,0.0,4.312,11.582
ge,MCAR,0.2,CRISP vs mean,0.0,4.312,12.731
ge,MCAR,0.2,CRISP vs SoftImpute,0.0,4.312,10.756
ge,MAR,0.1,CRISP vs MICE,0.7841,1.696,1.498
ge,MAR,0.1,CRISP vs KNN,0.0,1.696,10.916
ge,MAR,0.1,CRISP vs mean,0.0,1.696,11.35
ge,MAR,0.1,CRISP vs SoftImpute,0.0,1.696,7.378
ge,MAR,0.2,CRISP vs MICE,0.0001,4.135,2.173
ge,MAR,0.2,CRISP vs KNN,0.0,4.135,11.139
ge,MAR,0.2,CRISP vs mean,0.0,4.135,11.794
ge,MAR,0.2,CRISP vs SoftImpute,0.0,4.135,9.469
ge,MNAR,0.1,CRISP vs MICE,0.0328,0.507,0.734
ge,MNAR,0.1,CRISP vs KNN,0.0,0.507,10.584
ge,MNAR,0.1,CRISP vs mean,0.0,0.507,10.202
ge,MNAR,0.1,CRISP vs SoftImpute,0.0,0.507,5.432
ge,MNAR,0.2,CRISP vs MICE,0.165,1.931,1.535
ge,MNAR,0.2,CRISP vs KNN,0.0,1.931,10.501
ge,MNAR,0.2,CRISP vs mean,0.0,1.931,10.33
ge,MNAR,0.2,CRISP vs SoftImpute,0.0,1.931,7.0
cement,MCAR,0.1,CRISP vs MICE,0.0,1.074,0.566
cement,MCAR,0.1,CRISP vs KNN,0.0,1.074,0.779
cement,MCAR,0.1,CRISP vs mean,0.0,1.074,2.307
cement,MCAR,0.1,CRISP vs SoftImpute,0.0107,1.074,1.146
cement,MCAR,0.2,CRISP vs MICE,0.0,1.794,0.968
cement,MCAR,0.2,CRISP vs KNN,0.0,1.794,1.137
cement,MCAR,0.2,CRISP vs mean,0.0,1.794,2.318
cement,MCAR,0.2,CRISP vs SoftImpute,0.0,1.794,1.605
cement,MAR,0.1,CRISP vs MICE,0.0,0.985,0.549
cement,MAR,0.1,CRISP vs KNN,0.0,0.985,0.743
cement,MAR,0.1,CRISP vs mean,0.0,0.985,2.264
cement,MAR,0.1,CRISP vs SoftImpute,0.0006,0.985,1.083
cement,MAR,0.2,CRISP vs MICE,0.0,1.699,0.924
cement,MAR,0.2,CRISP vs KNN,0.0,1.699,1.107
cement,MAR,0.2,CRISP vs mean,0.0,1.699,2.29
cement,MAR,0.2,CRISP vs SoftImpute,0.0,1.699,1.548
cement,MNAR,0.1,CRISP vs MICE,0.0,0.548,0.316
cement,MNAR,0.1,CRISP vs KNN,0.3118,0.548,0.52
cement,MNAR,0.1,CRISP vs mean,0.0,0.548,2.139
cement,MNAR,0.1,CRISP vs SoftImpute,0.0,0.548,0.787
cement,MNAR,0.2,CRISP vs MICE,0.0,0.98,0.556
cement,MNAR,0.2,CRISP vs KNN,0.0,0.98,0.697
cement,MNAR,0.2,CRISP vs mean,0.0,0.98,2.156
cement,MNAR,0.2,CRISP vs SoftImpute,0.0826,0.98,0.945
