dataset,test,p,crisp,other
ge_nd_MAR_10,CRISP vs MICE,0.498,2.719,2.806
ge_nd_MAR_10,CRISP vs SoftImpute,0.0001,2.719,8.143
ge_nd_MAR_30,CRISP vs MICE,0.0897,11.268,9.195
ge_nd_MAR_30,CRISP vs SoftImpute,0.6742,11.268,10.879
ge_nd_MCAR_10,CRISP vs MICE,0.9563,4.274,3.872
ge_nd_MCAR_10,CRISP vs SoftImpute,0.0042,4.274,8.541
ge_nd_MCAR_30,CRISP vs MICE,0.0583,12.494,10.25
ge_nd_MCAR_30,CRISP vs SoftImpute,0.2611,12.494,11.346
ge_nd_MNAR_10,CRISP vs MICE,,,
ge_nd_MNAR_10,CRISP vs SoftImpute,,,
ge_nd_MNAR_30,CRISP vs MICE,0.4749,4.185,3.309
ge_nd_MNAR_30,CRISP vs SoftImpute,0.0003,4.185,7.702
synA1_MAR_10,CRISP vs MICE,0.0,2.538,7.017
synA1_MAR_10,CRISP vs SoftImpute,0.0,2.538,6.835
synA1_MAR_30,CRISP vs MICE,0.0637,6.591,7.378
synA1_MAR_30,CRISP vs SoftImpute,0.1536,6.591,7.106
synA1_MCAR_10,CRISP vs MICE,0.0,3.459,8.391
synA1_MCAR_10,CRISP vs SoftImpute,0.0,3.459,8.299
synA1_MCAR_30,CRISP vs MICE,0.0014,6.519,8.179
synA1_MCAR_30,CRISP vs SoftImpute,0.0056,6.519,7.868
synA1_MNAR_10,CRISP vs MICE,0.0,1.382,5.18
synA1_MNAR_10,CRISP vs SoftImpute,0.0,1.382,4.874
synA1_MNAR_30,CRISP vs MICE,0.0,3.445,5.501
synA1_MNAR_30,CRISP vs SoftImpute,0.0,3.445,4.962
synA2_MAR_10,CRISP vs MICE,0.0,2.776,6.925
synA2_MAR_10,CRISP vs SoftImpute,0.0,2.776,7.17
synA2_MAR_30,CRISP vs MICE,0.6742,7.366,7.18
synA2_MAR_30,CRISP vs SoftImpute,0.8408,7.366,7.27
synA2_MCAR_10,CRISP vs MICE,0.0,2.969,6.67
synA2_MCAR_10,CRISP vs SoftImpute,0.0,2.969,6.884
synA2_MCAR_30,CRISP vs MICE,0.2774,7.754,7.21
synA2_MCAR_30,CRISP vs SoftImpute,0.2943,7.754,7.235
synA2_MNAR_10,CRISP vs MICE,0.0,1.74,5.256
synA2_MNAR_10,CRISP vs SoftImpute,0.0,1.74,5.582
synA2_MNAR_30,CRISP vs MICE,0.0049,4.387,5.152
synA2_MNAR_30,CRISP vs SoftImpute,0.0,4.387,5.505
synA3_MAR_10,CRISP vs MICE,0.0,2.875,7.597
synA3_MAR_10,CRISP vs SoftImpute,0.0,2.875,7.03
synA3_MAR_30,CRISP vs MICE,0.0107,6.66,8.193
synA3_MAR_30,CRISP vs SoftImpute,0.0826,6.66,7.517
synA3_MCAR_10,CRISP vs MICE,0.0,3.048,7.738
synA3_MCAR_10,CRISP vs SoftImpute,0.0,3.048,7.126
synA3_MCAR_30,CRISP vs MICE,0.0014,5.798,7.9
synA3_MCAR_30,CRISP vs SoftImpute,0.0192,5.798,7.42
synA3_MNAR_10,CRISP vs MICE,0.0,1.443,5.417
synA3_MNAR_10,CRISP vs SoftImpute,0.0,1.443,4.771
synA3_MNAR_30,CRISP vs MICE,0.0,4.283,5.869
synA3_MNAR_30,CRISP vs SoftImpute,0.0296,4.283,4.958
synA4_MAR_10,CRISP vs MICE,0.0,2.631,5.835
synA4_MAR_10,CRISP vs SoftImpute,0.0,2.631,5.395
synA4_MAR_30,CRISP vs MICE,0.0002,4.657,6.265
synA4_MAR_30,CRISP vs SoftImpute,0.0027,4.657,5.706
synA4_MCAR_10,CRISP vs MICE,0.0,3.138,6.438
synA4_MCAR_10,CRISP vs SoftImpute,0.0,3.138,5.83
synA4_MCAR_30,CRISP vs MICE,0.0003,4.954,6.556
synA4_MCAR_30,CRISP vs SoftImpute,0.0037,4.954,6.026
synA4_MNAR_10,CRISP vs MICE,0.0,1.856,4.656
synA4_MNAR_10,CRISP vs SoftImpute,0.0,1.856,3.891
synA4_MNAR_30,CRISP vs MICE,0.0083,4.158,4.749
synA4_MNAR_30,CRISP vs SoftImpute,0.2162,4.158,3.905
