0,1,2,3,4,5,6,7,8,9,10,11,12,13,14,15,16,17,18,19,20,21,22,23,24,25,26,27,28,29,30,31,32,33,34,35,36,37,38,39,40,41,42,43,44,45,46,47,48,49,50,51,52,53,54,55,56,57,58,59
11.21,6.82,0.0,1.37,0.0,0.0,0.0,0.0,11.29,0.0,0.0,0.0,2.0,0.0,0.88,0.0,0.0,0.0,0.0,0.0,0.0,0.0,5.03,0.0,0.0,0.0,0.0,7.95,0.0,0.0,0.0,0.0,8.01,6.7,0.0,0.0,12.04,0.0,0.0,0.0,0.0,9.7,0.0,0.0,0.0,0.0,0.0,0.0,3.5,0.0,0.0,0.0,0.0,2.91,2.69,5.56,2.1,0.0,0.0,0.24
0.0,0.0,0.0,0.0,0.0,0.0,0.0,0.0,0.0,0.0,0.0,0.0,0.0,0.0,1.06,0.0,0.0,0.0,2.76,0.0,0.0,0.0,0.0,0.0,0.0,0.0,0.0,31.22,0.0,0.0,2.93,16.26,0.0,0.0,0.0,22.5,9.24,0.0,0.0,0.0,0.0,1.05,0.0,0.0,0.0,0.0,0.0,5.45,0.0,0.0,0.0,0.0,0.0,0.0,0.0,0.0,7.54,0.0,0.0,0.0
0.0,0.0,21.17,0.0,6.52,0.0,0.0,0.0,0.0,8.35,2.4,0.35,0.0,0.0,0.0,0.0,12.99,0.0,0.0,9.6,0.0,0.0,0.0,0.0,0.0,0.0,3.54,0.0,0.0,0.0,0.0,2.86,0.0,2.48,0.06,0.0,0.0,0.0,4.02,0.0,0.0,0.0,0.0,0.0,0.0,0.0,0.0,0.0,6.72,6.11,7.94,4.83,0.06,0.0,0.0,0.0,0.0,0.0,0.0,0.0
0.0,0.0,0.0,0.0,0.0,0.0,0.0,0.0,1.04,0.0,0.0,0.0,0.0,0.0,0.0,0.0,0.0,0.0,0.0,0.9,0.0,8.65,0.0,37.76,0.0,0.0,0.0,0.0,14.38,0.0,0.0,0.0,0.0,0.0,0.0,0.0,0.0,0.0,0.0,0.0,0.0,0.0,0.0,7.11,0.0,0.0,0.0,0.0,0.0,0.0,8.39,0.0,15.53,0.0,0.0,6.09,0.0,0.0,0.16,0.0
0.0,0.0,0.0,2.03,0.0,0.0,0.0,17.32,0.0,0.0,0.0,0.0,0.0,0.0,0.0,22.64,0.0,0.0,0.0,0.0,0.0,0.0,0.0,0.0,0.0,0.0,0.0,8.64,27.55,0.0,0.0,0.0,0.0,0.0,0.0,0.0,0.0,7.04,5.39,0.0,0.0,0.0,0.0,0.0,0.0,0.0,0.0,0.0,3.35,5.0,0.0,1.03,0.0,0.0,0.0,0.0,0.0,0.0,0.0,0.0
0.0,0.0,0.0,0.0,19.81,0.0,0.0,0.0,0.0,0.0,0.0,0.0,0.0,11.25,0.0,0.0,0.0,0.0,0.0,0.0,11.12,1.38,0.0,0.0,5.05,0.0,0.0,0.0,0.0,0.0,0.0,0.0,11.96,6.93,0.0,0.21,0.0,0.0,18.14,0.0,0.0,0.46,4.65,0.0,0.0,0.0,0.0,0.0,0.0,0.0,0.0,0.0,3.55,0.0,0.0,0.0,0.82,0.0,0.0,4.67
12.93,0.0,0.0,0.0,0.0,0.0,0.0,0.0,0.0,0.0,0.0,0.0,0.0,0.0,0.0,2.04,2.94,0.0,0.0,0.0,0.0,0.0,0.0,9.33,4.76,0.0,0.0,0.0,0.0,5.08,0.0,0.0,0.0,0.0,0.0,8.84,0.0,1.04,0.0,0.0,10.33,0.0,0.0,0.0,0.0,0.0,0.0,0.0,21.56,0.0,3.62,0.0,13.84,0.0,3.69,0.0,0.0,0.0,0.0,0.0
0.0,0.0,14.94,0.0,6.22,0.0,0.0,0.0,0.0,10.54,0.0,0.0,0.0,0.0,0.0,0.0,2.55,0.0,0.0,0.0,0.0,0.0,0.0,0.0,0.0,9.56,0.0,3.39,8.37,3.6,0.0,0.0,0.0,10.02,8.36,0.0,1.91,0.0,0.0,13.32,0.0,0.0,0.0,0.0,0.0,0.0,0.0,0.0,0.0,0.0,0.0,2.77,0.58,0.0,0.0,0.0,3.88,0.0,0.0,0.0
0.0,0.0,0.0,1.76,0.0,0.0,9.43,4.61,0.0,0.0,0.0,0.0,2.34,0.0,2.74,0.0,0.0,0.0,0.0,0.0,0.0,0.0,0.0,0.0,0.0,0.0,0.0,0.0,0.0,0.0,0.0,3.62,0.0,0.0,0.0,0.0,3.61,0.0,8.6,21.3,0.0,8.39,0.0,0.0,0.0,7.06,0.0,0.0,0.0,2.55,10.39,12.84,0.0,0.0,0.0,0.76,0.0,0.0,0.0,0.0
5.91,0.0,1.81,5.03,0.0,0.0,5.41,0.0,0.0,0.0,0.0,0.0,0.0,0.0,0.0,7.21,0.0,7.51,4.24,0.0,0.0,0.0,0.0,0.0,4.55,0.0,5.82,0.0,0.0,0.0,0.0,0.0,0.0,0.0,10.1,0.0,0.0,0.41,0.0,0.0,0.0,0.0,0.0,0.0,0.0,0.0,0.0,14.21,0.0,0.0,0.83,3.09,0.0,0.0,0.0,0.0,2.32,8.84,12.7,0.0
0.0,0.0,0.0,0.0,0.0,13.02,13.96,0.0,0.0,0.0,0.0,0.0,0.0,0.0,0.0,1.46,12.29,0.0,0.0,0.0,0.0,0.0,0.0,0.0,0.0,0.0,0.0,0.0,0.0,0.0,0.0,0.0,12.06,22.65,0.0,2.46,0.0,0.0,0.0,0.0,0.0,0.0,7.0,0.0,0.0,0.0,0.0,4.19,0.0,0.0,0.0,0.49,0.0,1.26,9.17,0.0,0.0,0.0,0.0,0.0
0.0,0.0,0.0,0.0,0.0,0.0,0.0,6.2,2.14,0.0,0.0,0.0,0.0,1.31,0.0,0.0,10.64,0.0,0.0,0.0,23.26,0.0,0.0,0.0,6.24,0.0,0.0,0.0,0.0,0.0,0.0,0.0,0.0,0.0,10.26,2.48,0.0,0.0,7.55,12.02,0.14,0.0,0.0,5.63,0.0,1.35,0.0,0.0,0.0,0.0,8.66,0.0,0.0,0.0,0.0,0.0,0.0,0.0,2.12,0.0
10.43,0.0,0.0,0.0,8.88,0.0,17.52,7.79,0.0,0.0,0.0,0.0,0.0,0.0,12.9,0.0,1.64,0.0,0.0,0.0,8.55,0.0,0.0,0.0,0.0,0.0,0.0,0.0,0.0,0.0,0.0,0.0,0.0,0.84,11.15,0.41,0.06,0.0,0.0,0.0,16.6,0.0,0.0,0.0,0.0,0.0,0.0,0.0,0.0,2.78,0.0,0.0,0.43,0.0,0.0,0.0,0.0,0.0,0.0,0.0
0.0,0.0,0.0,0.0,0.0,14.74,3.13,0.0,0.0,0.0,0.0,0.0,1.52,0.0,0.0,0.0,0.0,0.0,0.0,0.0,3.82,0.0,1.4,3.16,0.0,0.0,0.0,0.0,0.0,0.0,0.0,0.0,2.7,0.0,0.0,0.0,4.64,11.36,0.0,0.0,0.0,14.88,0.0,11.86,7.56,0.0,6.09,0.0,0.0,0.0,0.0,0.0,4.3,0.0,0.0,0.0,8.84,0.0,0.0,0.0
1.12,0.0,0.0,0.0,3.51,0.0,0.0,5.22,0.0,4.43,0.0,0.0,0.0,0.0,0.0,4.96,3.22,4.84,7.98,0.0,0.0,0.0,4.03,0.0,0.0,0.0,0.0,0.0,0.0,0.69,0.0,0.0,0.0,0.0,0.0,0.0,0.0,0.0,0.0,0.0,0.0,7.53,25.26,0.0,0.0,3.61,0.0,0.0,11.34,1.26,4.89,0.0,0.0,0.0,0.9,0.0,5.22,0.0,0.0,0.0
0.0,5.2,0.0,0.0,0.0,0.0,0.0,0.0,0.0,11.53,0.0,1.38,0.0,0.0,11.47,0.0,0.0,0.0,0.0,0.0,0.0,8.09,0.48,12.82,0.0,0.0,4.37,0.0,0.0,5.75,0.0,0.59,0.0,0.0,1.88,0.0,4.21,0.0,9.93,0.0,0.0,0.0,15.34,0.0,0.0,0.0,0.0,0.0,0.0,0.0,0.0,2.06,0.0,0.0,0.0,0.0,2.93,1.42,0.56,0.0
0.0,0.0,0.55,2.72,0.0,0.0,0.0,0.0,0.0,5.67,0.0,0.0,0.0,0.0,0.0,7.78,0.0,4.45,0.0,0.0,0.0,0.0,0.0,12.67,0.0,0.0,5.68,0.0,0.0,0.0,0.0,0.0,0.0,0.0,0.0,0.0,0.0,0.0,0.0,3.3,0.0,14.24,0.0,0.0,0.0,9.92,0.0,4.02,0.0,11.08,0.0,8.35,0.0,0.0,4.81,0.0,2.31,0.79,1.65,0.0
0.36,0.0,2.97,0.0,0.0,0.0,0.0,0.0,0.0,18.25,0.0,2.65,0.0,0.0,0.0,0.0,0.0,0.0,6.13,0.0,0.0,0.0,0.0,4.14,0.0,0.0,7.92,0.0,0.0,0.0,6.94,0.0,0.0,0.0,0.0,26.01,0.0,0.0,0.0,0.0,0.0,0.0,0.0,0.0,0.0,0.0,0.0,10.1,2.32,0.0,4.17,0.0,0.0,0.15,3.15,0.0,0.0,0.0,4.74,0.0
5.22,0.0,6.23,0.0,10.19,0.0,0.0,0.0,0.0,0.0,1.9,0.0,26.3,0.0,0.0,0.0,0.0,0.0,0.0,0.0,0.0,0.0,8.56,4.0,0.0,0.0,0.0,2.7,0.0,0.0,0.0,0.0,0.0,0.0,0.0,0.0,0.0,0.0,0.0,0.0,0.0,0.0,0.0,0.0,33.51,0.0,0.0,0.0,0.0,0.0,0.0,1.39,0.0,0.0,0.0,0.0,0.0,0.0,0.0,0.0
0.0,14.28,0.0,0.0,0.0,0.0,0.0,0.0,0.0,0.0,12.2,0.0,0.0,5.38,0.0,0.0,0.0,0.0,0.0,0.0,0.0,0.0,0.0,0.0,0.0,0.0,0.0,0.0,2.36,0.0,6.99,0.0,0.0,0.0,0.0,0.14,0.0,0.0,0.0,0.0,0.0,29.08,1.65,0.0,4.31,0.0,0.0,0.0,0.0,0.0,0.0,11.29,0.0,1.24,0.0,9.77,1.31,0.0,0.0,0.0
0.0,0.0,0.0,0.0,6.26,0.0,0.0,13.36,0.0,0.0,0.0,0.0,0.0,0.0,0.0,0.0,0.0,0.07,0.0,0.0,4.34,0.0,0.0,0.0,0.0,0.0,0.0,0.0,0.0,2.5,0.0,0.0,0.0,26.99,0.0,0.0,3.6,0.0,0.0,13.76,0.0,0.0,0.0,7.91,0.0,0.0,0.0,5.54,0.0,4.74,0.0,0.0,0.0,0.0,0.0,0.0,0.0,0.0,0.0,10.94
10.88,0.0,0.0,0.0,0.0,1.42,0.0,12.85,0.0,4.78,0.0,0.0,0.0,0.0,0.0,0.0,0.0,0.0,0.0,0.0,0.0,7.57,1.53,15.52,0.0,0.0,0.0,0.0,0.0,0.0,0.0,0.0,0.0,7.06,0.0,0.0,0.0,1.98,0.0,0.0,0.0,0.0,15.25,0.0,0.0,0.0,0.0,0.0,5.79,3.92,0.0,0.0,0.0,0.0,0.0,11.45,0.0,0.0,0.0,0.0
0.0,4.6,0.0,0.0,0.0,0.0,16.62,0.0,0.0,9.45,0.0,2.05,0.89,0.0,0.0,0.0,0.0,17.81,0.0,0.0,0.0,0.0,0.0,0.0,0.0,0.0,0.0,11.93,0.0,6.22,0.0,0.0,0.0,0.0,0.0,4.47,0.0,0.0,0.0,0.0,4.8,0.0,0.0,0.0,0.0,1.96,0.0,0.0,0.0,0.0,0.0,0.0,0.0,0.0,0.0,0.0,19.21,0.0,0.0,0.0
0.43,0.0,0.0,1.9,0.0,0.0,0.0,12.82,0.0,0.0,0.0,0.0,0.0,7.2,0.0,0.0,0.0,0.0,8.19,12.33,0.0,6.01,0.0,0.0,0.0,0.0,9.12,2.91,0.0,1.57,0.0,0.0,0.0,0.0,0.0,0.0,0.0,0.0,0.0,0.0,0.0,0.0,13.29,0.0,0.31,0.0,0.0,0.0,9.4,1.24,3.2,1.26,2.13,0.0,5.57,0.0,0.0,0.0,1.11,0.0
3.33,0.0,0.0,0.0,0.0,0.0,0.0,7.93,0.0,0.0,0.0,0.0,4.05,0.0,11.02,0.0,0.0,7.37,0.0,1.39,0.0,1.51,15.18,0.0,0.0,0.0,0.0,7.66,0.0,0.0,0.0,0.0,0.0,0.0,0.0,0.05,0.0,0.0,0.0,0.0,0.0,0.0,7.6,0.0,0.0,1.95,6.2,1.14,0.0,0.0,10.4,5.28,0.0,0.0,0.0,1.67,0.0,6.27,0.0,0.0
