0,1,2,3,4,5,6,7,8,9,10,11,12,13,14,15,16,17,18,19,20,21,22,23,24,25,26,27,28,29,30,31,32,33,34,35,36,37,38,39,40,41,42,43,44,45,46,47,48,49
6.78,2.69,0.0,9.02,0.0,0.0,0.0,0.32,0.0,0.0,9.36,0.0,3.1,0.0,0.0,0.0,0.0,0.0,0.0,13.06,0.0,0.0,0.0,0.0,27.58,0.0,0.0,0.0,0.0,0.0,1.18,0.0,0.0,0.0,0.0,0.0,0.0,15.21,0.0,0.0,0.0,0.0,0.0,7.43,0.0,0.0,0.0,0.0,0.63,3.62
0.0,0.0,0.0,0.0,0.0,0.0,0.0,0.0,0.0,0.0,0.0,0.0,0.0,0.0,0.0,0.0,16.23,0.0,0.0,9.61,0.0,0.0,0.0,0.0,0.0,0.0,0.0,0.0,0.0,1.31,12.53,0.0,0.0,2.26,6.38,0.0,0.0,0.0,0.0,25.03,0.0,10.53,6.99,0.0,0.0,0.0,5.12,4.01,0.0,0.0
0.0,0.0,0.0,1.98,0.0,0.0,0.0,0.0,0.0,0.0,0.0,8.67,0.0,0.0,0.0,16.3,2.17,0.0,34.81,0.0,0.0,0.0,0.0,0.0,0.0,0.0,0.0,0.0,0.0,0.0,0.0,0.0,0.0,0.0,0.0,0.0,9.34,13.3,0.0,13.44,0.0,0.0,0.0,0.0,0.0,0.0,0.0,0.0,0.0,0.0
0.0,0.0,5.19,0.0,3.69,0.0,0.0,0.0,0.45,0.0,0.0,10.25,0.0,0.0,0.0,0.0,4.57,0.0,0.0,0.0,0.0,0.0,0.0,0.0,0.07,0.0,27.33,0.0,0.0,6.23,3.1,8.68,0.0,0.0,10.77,3.2,0.0,0.0,8.41,0.0,8.07,0.0,0.0,0.0,0.0,0.0,0.0,0.0,0.0,0.0
12.25,0.0,0.0,8.3,5.61,0.0,13.49,0.0,0.0,0.0,0.0,0.0,0.0,0.0,0.0,6.61,0.0,1.56,0.0,0.71,0.0,0.0,0.0,6.82,0.0,0.0,0.0,0.0,0.0,0.0,0.0,0.0,0.0,7.87,1.22,0.0,0.0,0.0,0.0,0.0,29.78,0.13,0.0,4.84,0.0,0.82,0.0,0.0,0.0,0.0
0.0,0.0,0.0,0.0,0.0,0.0,16.47,0.0,0.0,2.88,5.1,2.65,4.0,10.2,0.0,0.0,0.0,3.0,0.0,0.0,0.0,0.0,0.0,0.0,0.0,4.48,0.0,0.0,0.0,0.0,0.0,0.0,0.0,0.0,0.0,18.83,2.62,0.0,0.0,0.0,0.0,25.83,0.0,0.0,0.0,0.0,0.0,3.95,0.0,0.0
3.6,0.68,0.0,0.0,0.0,4.91,0.0,0.0,0.0,0.0,0.0,0.0,0.0,0.0,0.0,8.34,0.0,0.0,0.0,15.55,0.0,0.0,0.0,0.0,0.0,4.42,0.0,0.0,0.0,0.0,0.0,0.0,0.0,0.0,0.0,1.13,19.7,0.0,4.8,5.54,1.9,2.04,0.0,27.38,0.0,0.0,0.0,0.0,0.0,0.0
0.0,0.0,0.0,0.0,0.0,0.0,0.0,0.0,0.0,0.0,0.0,1.63,13.89,0.0,0.0,0.0,0.0,0.0,0.0,0.0,0.0,0.0,0.0,0.0,5.57,0.0,0.0,4.78,0.0,0.0,10.36,0.0,0.0,0.0,0.0,20.3,4.62,0.0,0.0,0.0,0.0,0.0,0.0,0.0,0.0,0.0,33.86,0.0,0.0,4.99
2.06,16.11,0.0,11.37,0.0,0.0,0.0,0.0,0.0,0.0,0.0,3.88,0.0,0.0,0.0,0.0,0.0,0.0,0.0,10.81,10.31,2.74,0.0,0.0,0.0,2.99,0.0,0.0,0.0,0.0,0.0,0.0,0.0,0.0,0.0,0.0,9.02,0.62,0.0,0.0,0.0,6.7,0.0,0.0,0.0,0.0,14.36,0.0,9.02,0.0
0.0,0.0,0.0,5.87,0.0,4.06,8.35,0.0,0.0,0.0,3.58,0.0,5.27,0.0,0.0,0.0,0.0,0.0,0.0,0.0,0.0,0.0,0.0,0.0,0.0,0.0,0.0,1.75,0.0,0.0,0.0,6.3,0.0,0.0,0.0,5.39,0.0,0.0,10.62,8.63,0.0,0.0,0.0,0.0,23.92,0.0,0.0,0.0,16.25,0.0
0.0,0.0,0.0,0.0,0.0,0.0,0.0,0.0,0.0,0.0,0.0,0.0,0.0,0.0,0.0,0.0,0.0,0.0,0.0,0.0,0.0,6.87,0.0,0.0,0.0,0.0,0.0,0.0,20.24,7.89,0.0,0.0,0.0,0.0,20.42,0.0,0.0,0.0,27.16,0.0,0.0,0.0,0.0,0.0,0.0,0.0,2.63,9.6,0.0,5.19
0.0,0.0,0.0,0.0,0.0,0.0,0.0,0.0,0.0,6.61,0.0,0.0,8.4,0.0,0.0,0.0,11.29,0.0,8.06,4.74,6.51,0.0,0.0,0.0,11.87,0.0,5.09,0.0,6.05,0.0,9.88,5.63,15.88,0.0,0.0,0.0,0.0,0.0,0.0,0.0,0.0,0.0,0.0,0.0,0.0,0.0,0.0,0.0,0.0,0.0
0.0,0.0,0.0,0.0,0.0,0.0,0.0,0.0,0.0,0.0,0.0,0.0,11.92,11.3,0.0,0.0,0.0,0.0,0.0,0.0,0.0,0.0,0.0,0.0,0.0,0.0,0.0,12.34,2.87,0.0,27.93,0.0,0.0,0.0,0.0,0.0,14.87,0.0,0.0,0.0,17.21,0.0,0.0,0.0,1.56,0.0,0.0,0.0,0.0,0.0
0.0,9.78,0.0,0.0,0.0,13.76,0.0,0.0,0.0,0.0,0.0,0.0,8.26,0.0,0.0,0.0,0.0,0.0,0.0,15.45,0.0,0.0,6.12,0.0,0.0,16.94,5.45,0.0,5.91,0.0,4.46,0.0,0.0,0.0,0.0,0.0,0.0,0.0,1.84,0.0,0.0,0.0,0.0,0.0,0.0,4.84,0.0,7.2,0.0,0.0
0.0,0.0,0.0,0.0,0.0,0.0,0.0,0.0,0.0,0.28,0.0,0.0,0.0,0.0,13.3,34.68,0.0,0.5,0.0,0.0,0.0,0.0,0.0,0.0,0.0,2.68,0.0,7.79,0.0,0.0,0.0,0.0,0.0,0.0,0.0,0.0,0.0,0.0,0.0,0.0,0.0,0.0,0.0,17.87,16.9,0.0,0.0,0.0,6.01,0.0
0.0,0.0,0.0,1.79,0.07,0.0,0.0,0.47,0.0,9.67,0.0,0.0,0.0,0.0,0.0,0.0,19.07,15.47,0.0,0.0,0.0,0.0,0.0,14.04,0.0,8.48,0.0,11.35,0.0,0.0,0.0,0.0,0.0,0.0,0.6,0.0,0.0,0.0,0.0,0.0,0.0,0.0,0.0,18.07,0.92,0.0,0.0,0.0,0.0,0.0
0.0,0.0,0.0,0.0,12.29,2.92,0.0,0.0,0.0,12.82,0.0,0.0,0.0,0.0,9.55,15.94,0.0,8.18,3.38,0.0,0.0,0.0,0.0,0.0,0.0,3.42,0.0,0.0,0.0,1.64,0.0,0.0,4.13,0.0,5.01,0.0,0.0,0.0,0.0,0.0,0.0,0.0,0.0,0.0,4.65,0.0,0.0,16.08,0.0,0.0
0.0,0.0,0.0,15.64,0.0,0.0,0.0,0.0,0.0,4.78,0.0,0.0,0.0,0.0,0.0,0.0,25.18,0.0,0.6,0.0,0.0,0.0,0.0,0.0,0.0,0.0,0.0,0.0,0.0,11.69,0.0,0.0,0.0,0.0,0.0,0.0,5.18,0.0,9.87,0.0,0.0,0.0,4.99,4.09,0.0,1.37,16.61,0.0,0.0,0.0
0.0,0.0,0.0,0.0,4.04,3.78,0.0,0.0,0.0,6.95,12.46,0.0,9.62,0.0,0.0,11.55,0.0,0.0,0.0,0.0,0.0,0.0,0.0,28.73,0.0,8.37,0.0,0.0,0.0,0.0,0.0,0.0,0.0,0.0,0.0,0.0,0.0,0.0,11.84,0.0,0.0,0.0,0.0,0.0,0.0,2.67,0.0,0.0,0.0,0.0
0.0,14.17,0.0,0.0,0.0,0.0,0.0,1.13,9.94,1.4,0.0,0.0,0.0,0.0,0.0,0.0,0.0,4.86,0.0,0.0,12.28,0.0,0.0,0.0,0.0,0.0,0.0,0.0,0.0,10.33,6.13,0.0,0.0,30.28,0.0,0.0,0.0,0.0,0.0,0.0,0.0,0.0,0.0,0.0,0.0,0.0,2.57,0.0,0.0,6.93
0.0,15.66,6.36,0.0,0.0,0.0,0.0,21.9,9.19,4.68,0.0,0.0,0.0,0.0,0.0,0.0,0.0,0.0,0.0,0.0,7.54,0.0,0.0,0.0,0.0,0.0,0.0,2.46,5.2,9.35,7.17,0.0,0.0,1.37,0.0,7.09,0.0,0.0,0.0,0.0,0.0,0.0,0.0,0.83,0.0,1.18,0.0,0.0,0.0,0.0
0.0,0.0,0.0,0.0,0.0,0.0,0.0,0.0,0.0,0.0,24.14,0.0,0.0,0.93,8.32,17.04,0.0,0.0,0.0,0.0,0.0,16.82,0.0,2.16,0.0,18.78,6.81,0.0,0.0,0.0,0.0,0.0,0.0,0.0,0.0,0.0,0.0,0.0,0.0,0.0,0.0,0.0,4.62,0.0,0.0,0.0,0.0,0.0,0.0,0.39
0.0,3.31,0.0,0.0,0.0,0.0,0.0,0.0,0.0,0.0,3.93,0.0,0.0,0.0,0.0,0.0,0.0,0.0,0.0,7.64,0.0,0.0,0.0,5.2,0.0,0.0,22.75,0.0,0.0,0.0,0.0,0.0,0.19,0.0,0.0,0.45,0.0,0.0,0.0,2.89,32.42,8.65,0.0,0.0,12.59,0.0,0.0,0.0,0.0,0.0
0.0,0.0,0.0,0.0,0.0,0.0,0.0,10.74,0.0,0.0,0.0,0.0,0.31,6.18,0.0,0.0,0.0,0.0,0.0,0.0,0.0,0.0,0.0,0.0,0.0,0.0,0.0,16.05,0.0,0.0,0.0,0.0,0.0,0.0,2.7,0.0,0.0,0.0,10.67,13.48,0.0,9.81,0.0,0.0,0.0,0.0,0.0,0.0,30.05,0.0
0.0,0.0,0.0,0.0,0.0,0.0,2.8,0.0,0.0,0.0,0.21,11.07,46.05,8.52,0.0,1.96,2.08,2.7,0.0,0.0,0.0,0.0,3.74,0.0,0.0,12.4,0.0,0.0,0.0,0.0,2.62,0.0,1.54,1.96,0.0,0.0,0.0,2.35,0.0,0.0,0.0,0.0,0.0,0.0,0.0,0.0,0.0,0.0,0.0,0.0
