0,1,2,3,4,5,6,7,8,9,10,11,12,13,14,15,16,17,18,19,20,21,22,23,24,25,26,27,28,29,30,31,32,33,34,35,36,37,38,39
6.78,2.69,9.02,0.0,0.0,0.0,0.32,0.0,9.36,,0.0,0.0,0.0,0.0,13.06,0.0,0.0,27.58,0.0,0.63,0.0,0.0,0.0,0.0,1.18,0.0,0.0,0.0,0.0,15.21,0.0,0.0,0.0,0.0,7.43,0.0,0.0,0.0,0.0,3.62
0.0,0.0,0.0,0.0,0.0,0.0,0.0,0.0,0.0,0.0,0.0,0.0,16.23,0.0,0.0,9.61,0.0,0.0,0.0,0.0,0.0,0.0,0.0,12.53,2.26,0.0,4.01,,0.0,,0.0,10.53,0.0,6.99,0.0,,5.12,0.0,0.0,0.0
0.0,0.0,1.98,0.0,0.0,0.0,0.0,0.0,0.0,,0.0,0.0,,0.0,,0.0,0.0,0.0,0.0,0.0,0.0,0.0,0.0,0.0,0.0,0.0,0.0,0.0,0.0,13.3,0.0,13.44,0.0,0.0,0.0,0.0,9.34,16.3,0.0,0.0
0.0,5.19,0.0,3.69,0.0,0.0,0.45,0.0,10.25,0.0,0.0,0.0,,0.0,0.0,0.0,0.0,0.0,0.0,27.33,0.0,0.0,,0.0,8.68,10.77,3.2,0.0,0.0,0.0,8.41,8.07,0.0,0.0,0.0,0.0,0.0,0.07,3.1,0.0
,0.0,8.3,5.61,0.0,13.49,0.0,0.0,0.0,0.0,0.0,0.0,6.61,,0.0,,0.0,0.0,,0.0,0.0,0.0,0.0,0.0,0.0,7.87,1.22,0.0,0.0,0.0,29.78,0.13,0.0,0.0,4.84,,0.0,0.0,0.0,0.0
0.0,0.0,0.0,0.0,16.47,0.0,2.88,0.0,5.1,10.2,3.95,0.0,0.0,3.0,0.0,0.0,0.0,0.0,0.0,4.48,0.0,0.0,0.0,0.0,0.0,0.0,0.0,2.62,0.0,0.0,0.0,25.83,0.0,0.0,0.0,18.83,4.0,0.0,2.65,0.0
3.6,,0.0,0.0,4.91,0.0,0.0,0.0,0.0,0.0,0.0,,0.0,0.0,15.55,0.0,0.0,0.0,0.0,4.42,0.0,0.0,0.0,0.0,0.0,0.0,0.0,19.7,0.0,4.8,0.0,2.04,0.0,27.38,1.13,0.0,1.9,,0.0,0.0
0.0,0.0,0.0,0.0,0.0,0.0,0.0,0.0,1.63,13.89,0.0,0.0,0.0,0.0,0.0,0.0,0.0,0.0,0.0,5.57,0.0,0.0,4.78,0.0,,0.0,0.0,20.3,4.62,0.0,0.0,0.0,0.0,0.0,0.0,0.0,33.86,4.99,0.0,0.0
,16.11,,0.0,0.0,0.0,0.0,0.0,3.88,0.0,0.0,0.0,0.0,0.0,,10.31,2.74,0.0,0.0,2.99,14.36,0.0,0.0,0.0,0.0,0.0,0.0,0.0,,0.62,0.0,6.7,0.0,0.0,0.0,0.0,0.0,0.0,0.0,9.02
0.0,0.0,5.87,0.0,4.06,0.0,0.0,0.0,3.58,5.27,0.0,0.0,0.0,0.0,0.0,0.0,0.0,0.0,0.0,0.0,0.0,1.75,0.0,6.3,0.0,0.0,5.39,0.0,0.0,10.62,8.63,0.0,0.0,0.0,23.92,0.0,0.0,8.35,16.25,0.0
0.0,0.0,0.0,0.0,0.0,0.0,0.0,0.0,0.0,0.0,0.0,0.0,0.0,0.0,0.0,0.0,6.87,0.0,0.0,0.0,0.0,0.0,20.24,7.89,0.0,0.0,20.42,0.0,0.0,0.0,27.16,0.0,0.0,0.0,0.0,0.0,,9.6,0.0,5.19
0.0,0.0,0.0,0.0,0.0,0.0,0.0,6.61,0.0,8.4,0.0,0.0,11.29,0.0,8.06,,0.0,0.0,,0.0,0.0,5.09,9.88,6.05,,,0.0,0.0,0.0,0.0,0.0,0.0,0.0,0.0,0.0,0.0,0.0,,0.0,0.0
0.0,0.0,0.0,0.0,0.0,0.0,0.0,0.0,0.0,0.0,11.3,0.0,0.0,0.0,0.0,0.0,0.0,0.0,0.0,0.0,0.0,0.0,2.87,27.93,0.0,0.0,0.0,0.0,14.87,0.0,0.0,17.21,0.0,0.0,0.0,11.92,0.0,0.0,,
0.0,9.78,0.0,13.76,4.84,0.0,0.0,0.0,0.0,0.0,8.26,0.0,0.0,0.0,15.45,0.0,6.12,0.0,0.0,16.94,5.45,5.91,0.0,4.46,0.0,0.0,0.0,0.0,0.0,0.0,1.84,0.0,0.0,0.0,0.0,0.0,0.0,,0.0,0.0
0.0,0.0,0.0,0.0,0.0,0.0,0.0,,0.0,0.0,0.0,34.68,0.0,0.5,0.0,0.0,0.0,0.0,0.0,0.0,2.68,7.79,0.0,0.0,0.0,0.0,0.0,0.0,0.0,0.0,0.0,0.0,0.0,13.3,16.9,17.87,0.0,0.0,6.01,0.0
0.0,0.0,1.79,0.07,0.0,0.47,0.0,9.67,0.0,0.0,0.0,0.0,0.0,19.07,15.47,0.0,0.0,14.04,0.0,8.48,0.0,11.35,0.0,0.0,0.0,0.0,0.0,,0.0,0.0,0.0,0.0,0.0,0.0,0.92,0.0,18.07,0.0,0.0,0.0
0.0,0.0,0.0,12.29,2.92,0.0,0.0,,0.0,0.0,0.0,15.94,8.18,3.38,,0.0,0.0,0.0,0.0,,0.0,0.0,0.0,1.64,0.0,,0.0,16.08,0.0,0.0,0.0,0.0,0.0,4.13,0.0,0.0,0.0,0.0,,0.0
0.0,0.0,15.64,0.0,0.0,0.0,0.0,4.78,0.0,0.0,0.0,0.0,0.0,25.18,0.6,0.0,0.0,0.0,0.0,0.0,0.0,0.0,11.69,0.0,0.0,0.0,0.0,0.0,5.18,,0.0,0.0,0.0,4.99,4.09,1.37,0.0,16.61,0.0,0.0
0.0,0.0,0.0,,3.78,0.0,0.0,6.95,,0.0,9.62,11.55,0.0,0.0,0.0,0.0,0.0,0.0,28.73,,0.0,0.0,0.0,0.0,0.0,0.0,0.0,0.0,0.0,0.0,11.84,0.0,0.0,0.0,0.0,,0.0,0.0,0.0,0.0
0.0,14.17,0.0,0.0,0.0,0.0,1.4,,0.0,0.0,0.0,0.0,0.0,4.86,0.0,12.28,0.0,0.0,0.0,0.0,0.0,0.0,10.33,6.13,0.0,30.28,6.93,0.0,0.0,0.0,0.0,0.0,0.0,0.0,,0.0,,0.0,0.0,0.0
0.0,,0.83,0.0,0.0,0.0,9.19,,0.0,0.0,0.0,0.0,0.0,0.0,0.0,0.0,7.54,0.0,0.0,0.0,2.46,0.0,,7.17,,0.0,0.0,7.09,15.66,0.0,0.0,21.9,0.0,0.0,0.0,1.18,,0.0,0.0,0.0
0.0,0.0,0.0,0.0,0.0,0.0,0.0,0.0,24.14,0.0,0.93,,0.0,0.0,0.0,0.0,16.82,0.0,,18.78,0.0,6.81,0.0,0.0,0.0,0.0,0.0,0.0,0.0,0.0,0.0,0.0,4.62,0.0,0.0,0.0,8.32,0.0,0.0,0.39
0.0,3.31,0.0,0.0,0.0,0.0,0.0,0.0,3.93,0.0,0.0,0.0,0.0,0.0,0.0,,0.0,0.0,5.2,0.0,22.75,0.0,0.0,0.0,0.0,0.0,0.45,0.0,0.0,0.0,32.42,,8.65,0.0,12.59,0.0,0.0,0.0,0.0,0.19
0.0,0.0,0.0,0.0,0.0,0.0,10.74,0.0,0.0,,6.18,0.0,0.0,0.0,0.0,0.0,0.0,0.0,0.0,0.0,0.0,16.05,0.0,0.0,0.0,0.0,2.7,0.0,0.0,,13.48,,0.0,0.0,0.0,0.0,0.0,0.0,30.05,0.0
0.0,0.0,0.0,0.0,0.0,,0.0,0.0,0.21,11.07,8.52,0.0,2.7,0.0,0.0,0.0,3.74,0.0,0.0,0.0,12.4,0.0,0.0,0.0,1.96,,0.0,2.35,0.0,0.0,,0.0,0.0,0.0,0.0,0.0,,0.0,46.05,1.96
0.0,0.0,0.0,24.78,0.0,0.0,0.0,0.0,0.0,7.26,4.35,5.74,0.0,0.0,0.0,6.06,0.0,0.0,5.08,0.0,0.07,12.27,4.24,,0.0,0.0,,0.0,1.89,12.63,0.0,0.0,0.0,0.0,0.0,0.0,2.29,0.0,0.0,0.0
16.14,0.0,0.0,0.0,3.62,0.0,0.0,0.0,0.0,0.0,0.0,0.0,0.0,19.49,0.0,0.0,35.5,0.0,0.0,5.13,0.0,0.0,0.0,0.0,12.05,0.0,0.0,0.0,0.0,0.0,0.0,2.23,0.0,0.0,0.0,5.85,0.0,0.0,0.0,0.0
0.0,0.0,0.0,0.0,10.76,0.0,1.83,14.15,0.0,0.0,3.87,0.0,16.09,0.94,28.22,0.0,0.0,0.0,0.0,0.0,0.0,0.0,8.42,0.0,0.0,0.0,,1.32,0.0,0.0,0.0,0.0,0.0,0.0,0.0,13.32,0.0,0.0,0.0,0.0
0.0,0.0,0.0,0.0,0.0,0.0,,,0.0,0.0,0.0,0.0,,,0.0,4.22,0.0,0.0,0.0,8.33,0.0,0.0,0.0,0.0,0.0,0.0,6.92,0.0,0.0,0.0,47.37,0.0,0.0,,1.63,0.12,0.0,,12.73,0.0
0.0,,5.86,0.0,0.0,2.16,0.0,0.0,0.0,0.0,9.89,4.0,0.0,0.0,12.91,0.0,,0.0,3.9,0.0,0.0,0.0,0.0,0.0,0.0,16.95,0.0,5.64,0.0,0.0,0.0,2.61,0.0,1.73,0.0,0.0,0.0,0.0,,4.4
