0,1,2,3,4,5,6,7
13.664596273291925,4.4980965738329,1.1019835704267682,71.90943698657584,,8.76577840112202,0.0,0.0
13.905295825407949,3.6039643607968763,1.3614976474121532,72.81009110021023,0.4805285814395835,7.8386224847332056,0.0,0.0
13.559831629585089,,1.5433954700340753,73.15093205051113,0.39085989176187624,7.797153738224094,0.0,0.0
13.26438397429461,3.705191284265489,1.295310774174114,,0.5723466211467015,8.25384074706296,0.0,0.0
13.292597415606533,3.6261644796153467,1.2421115897024944,73.20444756085345,0.5509365922067516,8.083742362015428,0.0,0.0
12.795118047218887,3.611444577831133,1.6206482593037217,72.99919967987195,0.6402561024409764,8.073229291716688,0.0,0.2601040416166467
13.315979175010012,3.604325190228274,1.1413696435722864,,0.580696836203444,8.17981577893472,0.0,0.0
13.168435810134191,3.615061085519728,1.0514720608852395,73.34267975165231,0.5707991187662729,8.25155217304226,0.0,0.0
14.049834884419093,3.582507755428801,1.3709596717702393,72.13049134394076,,8.305814069848894,0.0,0.0
12.996101169649107,3.5989203239028296,,72.96810956712987,0.5698290512846147,8.39748075577327,0.0,0.1099670098970309
12.72763658194917,3.462077246347809,1.5609365619371625,73.2439463678207,,,0.0,0.24014408645187113
12.812812812812812,3.663663663663664,1.2712712712712713,73.0830830830831,0.6006006006006005,8.568568568568569,0.0,0.0
12.883865159547867,,1.4004201260378113,73.30199059717916,0.6902070621186356,8.052415724717415,0.0,0.24007202160648194
12.861286128612862,3.56035603560356,1.27012701270127,73.21732173217322,,8.380838083808383,0.0,0.17001700170017003
12.625150180216258,3.5943131758109725,1.3115738886663997,73.37805366439729,0.580696836203444,8.510212254705646,0.0,0.0
12.836957610983065,3.5474496442529313,,73.39412766810301,,8.407656077763303,0.0,0.0
12.688882217552285,3.6725707995596912,1.1608125687981585,73.1612128489943,0.6104272991093765,8.70609426598619,0.0,0.0
14.394546912590215,3.85926222935044,0.892141138732959,,0.15036086607858856,9.172012830793904,0.0,0.0
13.916700040048058,3.7344813776531836,1.1814177012414895,72.20664797757308,0.06007208650380456,,0.0,0.0
13.016095171448566,3.5389383185044485,1.6894931520543837,72.70818754373688,0.5398380485854244,8.437468759372187,0.0,0.06997900629811057
12.8379731624274,3.5549769677548566,1.492088924494292,,0.5407570598838374,8.531944722611657,0.0,0.19026637292209092
14.790706989785699,3.7552573603044257,0.29040656919687563,72.12096935709994,0.03004205888243541,9.012617664730623,0.0,0.0
12.80946176205272,3.628345193946076,1.2929738398316126,72.95780294677758,0.5913601282950787,8.720056129096921,0.0,0.0
12.815126050420167,3.571428571428571,1.3505402160864346,,0.6202480992396958,8.593437374949978,0.0,0.0
13.405470393748123,3.506662659052199,1.1521891594028655,72.98867848912934,0.5009518084360285,8.44604749023144,0.0,0.0
12.991692523270942,3.543188869982984,1.2110899809828843,73.06575918326493,,8.53768391552397,0.0,0.0
13.241780272654369,3.488372093023255,1.4133921411387327,72.81475541299116,0.5914194065757817,8.450280673616678,0.0,0.0
12.907431551499347,3.4901213519205694,1.3338682178317118,73.25243205295357,0.561628723297563,8.454518102497241,0.0,0.0
12.58895459556981,3.5281146637265706,,73.3186328555678,0.5713140222511776,8.559687280745713,0.0,0.0
13.1062124248497,3.496993987975952,1.282565130260521,73.00601202404809,0.6012024048096193,8.507014028056114,0.0,0.0
12.646206138158552,3.558932320303909,1.2996101169649106,73.05808257522743,0.609817054883535,8.68739378186544,0.0,0.13995801259622115
12.858001201682356,3.5049068696174643,1.1415982375325455,73.37272181053474,0.5607850991387944,8.561986781494092,0.0,0.0
12.84871512848715,3.47965203479652,,72.96270372962704,0.6099390060993901,8.559144085591441,0.08999100089991001,0.21997800219978
12.56748650269946,3.4693061387722457,1.3797240551889622,73.375324935013,0.599880023995201,,0.0,0.05998800239952009
,3.5456730769230766,1.342147435897436,73.06690705128204,0.5709134615384615,8.764022435897436,0.0,0.0
,3.4562211981566824,1.212181927469445,72.87116810258465,0.5610098176718094,8.585453816870366,0.0,0.0
13.896948474237117,3.5317658829414698,1.3206603301650823,,0.5102551275637819,,0.11005502751375686,0.0
12.759138708062093,3.485227841762644,1.3520280420630948,73.06960440660991,0.6409614421632449,8.693039559339008,0.0,0.0
14.217108554277141,3.821910955477739,0.4702351175587794,71.80590295147574,0.11005502751375688,9.57478739369685,0.0,0.0
14.217108554277141,3.821910955477739,0.4702351175587794,71.80590295147574,0.11005502751375688,9.57478739369685,0.0,0.0
