0,1,2,3,4,5,6,7,8
0.0,0.0,25.0,25.0,25.0,0.0,0.0,25.0,0.0
20.0,0.0,20.0,0.0,0.0,20.0,20.0,0.0,20.0
20.0,0.0,20.0,0.0,0.0,20.0,20.0,0.0,20.0
20.0,0.0,20.0,0.0,0.0,20.0,20.0,0.0,20.0
30.0,0.0,15.0,0.0,0.0,15.0,0.0,0.0,40.0
25.0,0.0,0.0,0.0,0.0,25.0,0.0,0.0,50.0
37.5,0.0,0.0,0.0,0.0,25.0,0.0,0.0,37.5
25.0,0.0,25.0,25.0,0.0,0.0,0.0,25.0,0.0
0.0,25.0,25.0,0.0,25.0,0.0,0.0,25.0,0.0
25.0,25.0,25.0,25.0,0.0,0.0,0.0,0.0,0.0
45.0,15.0,20.0,0.0,0.0,20.0,0.0,0.0,0.0
0.0,25.0,25.0,25.0,25.0,0.0,0.0,0.0,0.0
20.0,0.0,20.0,20.0,20.0,0.0,0.0,20.0,0.0
0.0,20.0,20.0,20.0,20.0,0.0,0.0,20.0,0.0
25.0,0.0,25.0,25.0,25.0,0.0,0.0,0.0,0.0
30.0,25.0,30.0,0.0,0.0,15.0,0.0,0.0,0.0
25.0,25.0,25.0,0.0,0.0,0.0,0.0,25.0,0.0
25.0,25.0,0.0,25.0,25.0,0.0,0.0,0.0,0.0
20.0,20.0,20.0,20.0,0.0,0.0,0.0,20.0,0.0
0.0,33.33333333333333,0.0,0.0,33.33333333333333,0.0,0.0,33.33333333333333,0.0
25.0,0.0,25.0,0.0,25.0,25.0,0.0,0.0,0.0
20.0,20.0,20.0,20.0,20.0,0.0,0.0,0.0,0.0
25.0,25.0,0.0,25.0,0.0,25.0,0.0,0.0,0.0
25.0,25.0,25.0,0.0,25.0,0.0,0.0,0.0,0.0
0.0,0.0,25.0,0.0,25.0,25.0,0.0,25.0,0.0
0.0,0.0,25.0,25.0,25.0,25.0,0.0,0.0,0.0
20.0,20.0,0.0,20.0,20.0,0.0,0.0,20.0,0.0
25.0,0.0,25.0,25.0,0.0,25.0,0.0,0.0,0.0
25.0,25.0,0.0,0.0,0.0,25.0,0.0,25.0,0.0
25.0,0.0,0.0,25.0,25.0,0.0,0.0,25.0,0.0
25.0,25.0,25.0,0.0,0.0,25.0,0.0,0.0,0.0
0.0,25.0,25.0,0.0,25.0,25.0,0.0,0.0,0.0
25.0,0.0,25.0,0.0,25.0,0.0,0.0,25.0,0.0
33.33333333333333,0.0,0.0,33.33333333333333,33.33333333333333,0.0,0.0,0.0,0.0
20.0,20.0,20.0,0.0,20.0,20.0,0.0,0.0,0.0
20.0,20.0,20.0,20.0,0.0,20.0,0.0,0.0,0.0
20.0,0.0,20.0,20.0,0.0,20.0,0.0,20.0,0.0
20.0,0.0,20.0,20.0,20.0,20.0,0.0,0.0,0.0
20.0,0.0,20.0,0.0,20.0,20.0,0.0,20.0,0.0
20.0,20.0,20.0,0.0,20.0,0.0,0.0,20.0,0.0
33.33333333333333,33.33333333333333,0.0,0.0,33.33333333333333,0.0,0.0,0.0,0.0
25.0,0.0,0.0,25.0,0.0,25.0,0.0,25.0,0.0
0.0,0.0,20.0,20.0,20.0,20.0,0.0,20.0,0.0
25.0,0.0,25.0,0.0,0.0,25.0,0.0,25.0,0.0
20.0,20.0,20.0,0.0,0.0,20.0,0.0,20.0,0.0
25.0,25.0,0.0,0.0,25.0,0.0,0.0,25.0,0.0
20.0,20.0,0.0,20.0,0.0,20.0,0.0,20.0,0.0
25.0,25.0,0.0,0.0,25.0,25.0,0.0,0.0,0.0
20.0,20.0,0.0,0.0,20.0,20.0,0.0,20.0,0.0
0.0,20.0,20.0,0.0,20.0,20.0,0.0,20.0,0.0
0.0,0.0,0.0,33.33333333333333,33.33333333333333,0.0,0.0,33.33333333333333,0.0
20.0,20.0,0.0,20.0,20.0,20.0,0.0,0.0,0.0
25.0,0.0,0.0,0.0,25.0,25.0,0.0,25.0,0.0
25.0,0.0,0.0,25.0,25.0,25.0,0.0,0.0,0.0
0.0,25.0,0.0,25.0,25.0,0.0,0.0,25.0,0.0
33.33333333333333,0.0,0.0,0.0,33.33333333333333,0.0,0.0,33.33333333333333,0.0
20.0,0.0,0.0,20.0,20.0,20.0,0.0,20.0,0.0
0.0,20.0,20.0,20.0,20.0,20.0,0.0,0.0,0.0
33.33333333333333,33.33333333333333,0.0,0.0,0.0,0.0,0.0,33.33333333333333,0.0
0.0,33.33333333333333,0.0,33.33333333333333,33.33333333333333,0.0,0.0,0.0,0.0
20.0,20.0,0.0,25.0,0.0,15.0,0.0,20.0,0.0
33.33333333333333,33.33333333333333,0.0,33.33333333333333,0.0,0.0,0.0,0.0,0.0
25.0,25.0,0.0,25.0,0.0,0.0,0.0,25.0,0.0
0.0,16.66666666,16.66666666,16.66666667,16.66666667,16.66666667,0.0,16.66666667,0.0
0.0,25.0,0.0,0.0,25.0,25.0,0.0,25.0,0.0
33.33333333333333,0.0,0.0,33.33333333333333,0.0,0.0,0.0,33.33333333333333,0.0
32.08021268320802,0.0,0.0,41.770948204177095,0.0,0.0,0.0,26.148839112614887,0.0
0.0,45.53384141,14.08136181,0.0,0.0,0.0,40.38479678,0.0,0.0
0.0,25.0,0.0,25.0,25.0,25.0,0.0,0.0,0.0
0.0,0.0,0.0,25.0,25.0,25.0,0.0,25.0,0.0
0.0,20.0,0.0,20.0,20.0,20.0,0.0,20.0,0.0
0.0,25.0,25.0,25.0,0.0,0.0,0.0,25.0,0.0
0.0,25.0,25.0,25.0,0.0,25.0,0.0,0.0,0.0
0.0,45.0,0.0,27.500000000000004,0.0,0.0,0.0,27.500000000000004,0.0
0.0,0.0,25.0,25.0,0.0,25.0,0.0,25.0,0.0
0.0,33.33333333333333,0.0,33.33333333333333,0.0,0.0,0.0,33.33333333333333,0.0
0.0,25.0,25.0,0.0,0.0,25.0,0.0,25.0,0.0
0.0,25.0,25.0,0.0,0.0,25.0,0.0,25.0,0.0
0.0,25.0,25.0,0.0,0.0,25.0,0.0,25.0,0.0
0.0,20.0,20.0,20.0,0.0,20.0,0.0,20.0,0.0
0.0,0.0,41.16274569,0.0,0.0,43.3730509,0.0,15.46420341,0.0
0.0,40.933336485906665,0.0,32.95509720670449,0.0,26.111566307388838,0.0,0.0,0.0
0.0,41.62627096,0.0,15.36438041,0.0,0.0,0.0,43.00934863,0.0
0.0,0.0,0.0,38.98965675,0.0,44.89002835,0.0,0.0,16.1203149
0.0,0.0,0.0,39.412468486058756,0.0,38.1850343361815,0.0,0.0,22.402497177759752
0.0,25.0,0.0,25.0,0.0,25.0,0.0,25.0,0.0
