0,1,2,3,4,5,6,7,8,9,10,11,12
0.050632911392405076,0.1265822784810127,0.1265822784810127,0.025316455696202538,49.87341772151899,7.468354430379749,0.025316455696202538,0.0,0.025316455696202538,37.97468354430381,0.0,0.37974683544303806,3.9240506329113933
0.4613018964633521,,0.0256278831368529,34.443874935930296,0.0256278831368529,7.713992824192722,1.1788826242952335,,0.0256278831368529,49.87186058431574,6.022552537160431,0.1025115325474116,0.0
0.0,0.026427061310782235,0.026427061310782235,,35.544397463002106,2.167019027484143,,0.0,0.026427061310782235,36.733615221987314,0.0,1.0306553911205072,1.5063424947145874
0.02604845011721802,0.1302422505860901,0.1302422505860901,0.02604845011721802,46.10575670747589,10.28913779630112,0.02604845011721802,0.0,0.02604845011721802,39.07267517582703,0.0,0.3386298515238343,3.8291221672310494
,0.13308490817141339,0.13308490817141339,0.026616981634282673,,3.8594623369709877,0.026616981634282673,0.0,0.026616981634282673,39.65930263508118,0.0,0.34602076124567477,4.1256321533138145
0.5232718259432663,0.05508124483613329,1.3494904984852656,34.59102175709171,,5.397961993941062,0.027540622418066645,0.0,0.027540622418066645,55.356651060313965,0.0,,0.0
0.0,0.13444474321054045,0.13444474321054045,0.026888948642108088,48.66899704221564,9.680021511158913,,0.0,0.026888948642108088,34.95563323474052,0.0,,6.05001344447432
0.26824034334763946,1.528969957081545,,,0.02682403433476395,23.873390557939913,0.02682403433476395,0.0536480686695279,0.02682403433476395,40.7725321888412,0.0,,0.0
,0.029824038174768867,5.934983596779004,52.192066805845506,6.263048016701461,0.05964807634953773,0.029824038174768867,0.0,0.029824038174768867,35.19236504622726,0.0,0.08947211452430659,0.14912019087384432
0.44655316773653364,,0.027909572983533353,40.636338264024566,0.027909572983533353,13.675690761931344,,0.1395478649176668,0.027909572983533353,43.53893385431203,0.0,,0.0
0.02724795640326975,0.13623978201634876,0.13623978201634876,0.02724795640326975,49.046321525885546,,0.02724795640326975,0.0,0.02724795640326975,35.42234332425067,0.0,0.217983651226158,5.122615803814712
0.0,0.1371742112482853,0.1371742112482853,0.02743484224965706,49.65706447187929,9.602194787379972,0.02743484224965706,0.0,0.02743484224965706,35.66529492455418,0.0,0.2743484224965706,4.444444444444445
0.45532157085941954,0.02845759817871372,0.02845759817871372,38.58850313033581,0.02845759817871372,13.37507114399545,1.1383039271485489,0.11383039271485489,0.02845759817871372,46.101309049516225,0.0,0.11383039271485489,0.0
0.0,0.13835085777531822,0.13835085777531822,0.02767017155506364,49.806308799114554,9.96126175982291,1.3835085777531821,0.0,0.02767017155506364,33.20420586607637,0.0,0.05534034311012728,5.257332595462091
0.448556209700028,0.02803476310625175,0.02803476310625175,39.92150266330249,0.02803476310625175,20.044855620970004,1.1494252873563215,,0.02803476310625175,38.12727782450238,0.0,0.112139052425007,0.0
0.5817335660267597,0.029086678301337987,0.029086678301337987,41.09947643979058,2.6759744037230946,5.788248981966259,0.029086678301337987,0.0,,49.44735311227457,0.0,,0.0
0.05564830272676684,0.1391207568169171,0.1391207568169171,,47.30105731775181,,1.9198664440734556,0.0,0.02782415136338342,34.223706176961606,0.0,0.4451864218141347,4.39621591541458
,0.02912904165452957,1.951645790853481,42.23711039906787,0.02912904165452957,14.826682202155549,1.1942907078357121,,0.02912904165452957,39.06204485872415,0.0,,0.0
0.027374760470845878,0.027374760470845878,,0.027374760470845878,41.06214070626882,16.479605803449218,0.027374760470845878,0.0,,,0.0,,1.6972351491924447
0.030978934324659233,0.030978934324659233,,48.32713754646839,,,0.030978934324659233,0.0,0.030978934324659233,32.52788104089219,0.0,0.09293680297397769,0.18587360594795538
0.028256569652444195,0.14128284826222096,0.14128284826222096,,,11.726476405764341,0.028256569652444195,0.0,,32.49505510031082,0.0,,4.181972308561741
0.028169014084507043,0.14084507042253522,0.14084507042253522,0.028169014084507043,48.45070422535211,11.126760563380282,0.028169014084507043,0.0,,34.36619718309859,0.0,0.647887323943662,5.014084507042254
0.20278099652375434,0.028968713789107762,0.028968713789107762,45.01738122827346,0.028968713789107762,14.455388180764771,1.1877172653534183,0.08690614136732328,0.028968713789107762,38.84704519119351,0.0,0.08690614136732328,0.0
0.46742623429739993,1.6359918200408996,0.029214139643587496,42.243645924627515,0.029214139643587496,14.957639497516798,1.197779725387087,0.08764241893076248,,39.176161262050826,0.0,0.14607069821793747,0.0
0.46403712296983757,0.029002320185614848,0.08700696055684454,40.574245939675166,,14.35614849187935,0.029002320185614848,0.0,0.7830626450116009,40.429234338747094,0.0,0.08700696055684454,0.0
0.6000600060006,0.030003000300030006,1.5301530153015301,37.53375337533754,2.8502850285028503,,,0.0,0.24002400240024005,51.18511851185118,0.0,0.09000900090009001,0.0
0.02937720329024677,0.02937720329024677,0.02937720329024677,32.7262044653349,23.53113983548766,14.659224441833137,0.02937720329024677,0.0,,25.32314923619271,0.0,3.5840188014101058,0.02937720329024677
,0.027940765576976802,,0.027940765576976802,42.190556021234976,14.24979044425817,0.027940765576976802,0.0,0.027940765576976802,42.74937133277451,0.0,0.0838222967309304,0.5588153115395361
,0.029515938606847703,0.029515938606847703,42.73907910271547,0.029515938606847703,14.935064935064938,1.3577331759149944,0.4427390791027155,0.029515938606847703,39.817001180637554,0.0,0.1475796930342385,0.0
0.47003525264394846,0.02937720329024678,0.02937720329024678,42.12690951821387,,14.952996474735608,2.5558166862514695,,0.02937720329024678,39.51233842538191,0.0,0.1468860164512339,0.0
0.028530670470756064,0.1426533523537803,0.1426533523537803,0.028530670470756064,49.928673323823105,11.126961483594863,0.028530670470756064,0.0,0.028530670470756064,,0.0,0.48502139800285304,
0.6207508128879693,0.02955956251847473,0.02955956251847473,43.1569612769731,0.02955956251847473,,1.2119420632574638,0.05911912503694946,0.02955956251847473,39.846290274903936,0.0,0.14779781259237365,0.0
0.6207508128879693,0.02955956251847473,,43.097842151936156,,14.83890038427431,1.3597398758498376,0.05911912503694946,0.02955956251847473,39.75761158734851,0.0,,0.0
0.02962962962962963,0.02962962962962963,0.02962962962962963,32.474074074074075,23.614814814814814,14.814814814814813,,0.0,0.02962962962962963,25.333333333333336,0.0,3.585185185185185,0.02962962962962963
0.6381039197812214,,,38.07353388027954,3.5855363111516247,,0.030385900941962928,0.0,0.030385900941962928,48.46551200243086,0.0,0.09115770282588878,0.0
0.0,0.029673590504451036,,32.55192878338279,,14.777448071216618,,0.0,0.029673590504451036,25.25222551928783,0.0,3.531157270029673,
,,0.9315866084425035,34.23580786026201,0.029112081513828235,18.39883551673945,,0.1455604075691412,0.029112081513828235,44.25036390101892,0.0,0.08733624454148471,0.0
0.6049606775559588,0.03024803387779794,0.09074410163339382,42.6194797338173,0.03024803387779794,5.9891107078039925,0.03024803387779794,0.0,0.2419842710223835,50.27223230490018,0.0,0.09074410163339382,0.0
0.6622516556291391,,6.275622831914222,39.67202775149795,,6.244087038789025,0.031535793125197095,0.0,0.25228634500157676,43.771680857773575,0.0,0.09460737937559129,0.0
0.2485501242750621,1.822700911350456,0.7456503728251864,,,0.055233360950013806,0.027616680475006903,0.08285004142502071,0.027616680475006903,40.87268710301022,22.093344380005522,0.08285004142502071,0.0
0.3556609365737996,,0.02963841138114997,43.03497332542975,0.02963841138114997,15.085951393005335,,0.0889152341434499,0.02963841138114997,39.95257854179016,0.0,0.0889152341434499,0.0
0.5049005049005049,0.029700029700029697,0.029700029700029697,42.35224235224235,0.029700029700029697,15.117315117315117,1.2177012177012174,0.08910008910008908,,40.51084051084051,0.0,0.08910008910008908,0.0
0.02979737783075089,0.14898688915375446,,,43.80214541120381,4.469606674612634,,0.0,0.02979737783075089,45.589988081048865,0.0,2.264600715137068,3.4564958283671032
0.11733646230566148,1.6133763567028454,0.792021120563215,36.05162804341448,,17.16045761220299,0.02933411557641537,0.0880023467292461,0.02933411557641537,44.00117336462305,0.0,,0.0
0.23731830317413233,0.02966478789676654,0.02966478789676654,42.95461287451795,0.02966478789676654,14.802729160486502,,0.20765351527736578,0.02966478789676654,40.22545238801543,0.0,0.0889943636902996,0.0
0.6151953245155336,1.5687480775146108,1.5995078437403873,38.94186404183328,3.1374961550292215,6.121193478929559,0.03075976622577668,0.0,0.03075976622577668,47.86219624730851,0.0,0.09227929867733003,0.0
0.29472443265546716,1.5030946065428823,,35.36693191865606,0.02947244326554671,18.56763925729443,0.02947244326554671,,,43.0297671676982,0.0,0.08841732979664013,0.0
0.35831591519856676,0.02985965959988057,0.02985965959988057,42.99790982382802,0.02985965959988057,14.899970140340402,1.224246043595103,0.08957897879964169,0.02985965959988057,40.16124216183936,0.0,0.14929829799940283,0.0
0.029248318221702256,0.029248318221702256,0.029248318221702256,0.029248318221702256,43.287510968119335,7.312079555425563,0.029248318221702256,0.0,0.029248318221702256,43.87247733255338,0.0,0.08774495466510676,5.264697279906406
,,,0.02928257686676427,54.17276720351391,14.055636896046849,1.2591508052708635,0.0,0.02928257686676427,,0.0,2.7818448023426057,2.1083455344070274
0.06430868167202572,0.03215434083601286,5.980707395498392,51.12540192926045,,,0.03215434083601286,0.0,0.03215434083601286,29.581993569131832,0.0,,0.1607717041800643
,,0.030057108506161705,43.16200781484821,,15.479410880673278,0.030057108506161705,,0.030057108506161705,40.42681094078749,0.0,,0.0
0.6197706848466067,1.5804152463588472,1.5804152463588472,39.014564611093896,,6.135729779981406,0.030988534242330334,0.0,0.030988534242330334,47.72234273318872,0.0,,0.0
0.7339449541284402,0.030581039755351674,0.030581039755351674,27.217125382262992,26.605504587155952,4.587155963302751,0.8562691131498469,0.0,0.030581039755351674,,0.0,0.09174311926605502,0.06116207951070335
0.4511278195488721,0.03007518796992481,0.03007518796992481,43.609022556390975,,15.037593984962406,0.03007518796992481,0.0,0.03007518796992481,40.6015037593985,0.0,0.15037593984962408,0.0
0.029594554601953236,0.029594554601953236,0.029594554601953236,0.029594554601953236,54.74992601361348,13.909440662918021,0.029594554601953236,0.0,0.029594554601953236,26.043208049718846,0.0,3.01864456939923,
0.02929115407147041,0.02929115407147041,0.02929115407147041,0.02929115407147041,43.64381956649091,9.226713532513179,0.02929115407147041,0.0,0.02929115407147041,44.81546572934973,0.0,0.08787346221441122,
0.6408202499198975,0.03204101249599487,4.806151874399231,40.46779878244153,3.011855174623518,6.344120474206985,0.03204101249599487,0.0,,44.31272028196091,0.0,0.0961230374879846,0.0
,0.031113876789047916,0.031113876789047916,25.326695706285,37.181082762912254,0.06222775357809583,0.031113876789047916,0.0,0.031113876789047916,32.60734287492222,0.0,1.2134411947728687,3.4536403235843185
,1.9289650949173298,1.1328842620943047,37.66074709124311,0.030618493570116347,12.15554194733619,0.030618493570116347,,0.030618493570116347,46.54011022657685,0.0,0.09185548071034905,0.0
0.4570383912248628,0.030469226081657523,0.030469226081657523,43.05301645338208,,14.625228519195609,0.6398537477148079,0.0,0.030469226081657523,40.61547836684947,0.0,0.09140767824497256,0.0
0.0,,0.031172069825436414,36.938902743142144,31.951371571072322,4.582294264339152,0.031172069825436414,0.0,0.031172069825436414,23.316708229426435,0.0,1.3403990024937658,1.7456359102244392
0.0,,,30.038701994641258,20.779994045846976,16.314379279547484,0.029770765108663288,0.029770765108663288,,,0.0,0.08931229532598986,0.0
0.029673590504451043,,,,54.89614243323443,14.54005934718101,1.1572700296735907,0.0,0.029673590504451043,25.816023738872406,0.0,1.5133531157270033,1.928783382789318
0.5007824726134585,0.03129890453834116,0.03129890453834116,44.9452269170579,0.03129890453834116,9.420970266040687,3.035993740219092,0.09389671361502347,0.03129890453834116,,0.0,0.1564945226917058,0.0
0.6050955414012738,1.464968152866242,1.560509554140127,40.35031847133757,3.0254777070063685,4.745222929936305,0.031847133757961776,0.0,0.031847133757961776,48.08917197452228,0.0,0.09554140127388533,0.0
0.34055727554179566,0.03095975232198142,0.03095975232198142,28.482972136222905,,,1.547987616099071,0.0,0.03095975232198142,51.70278637770897,0.0,0.09287925696594426,0.09287925696594426
0.6072227548737616,0.06391818472355384,1.5659955257270695,40.076701821668266,3.0680728667305845,,1.4701182486417388,0.0,0.03195909236177692,48.25822946628316,0.0,0.09587727708533077,0.0
,0.031806615776081425,1.6221374045801527,39.79007633587786,3.021628498727735,6.297709923664121,0.031806615776081425,0.0,0.2544529262086514,48.218829516539444,0.0,,0.0
0.46367851622874806,0.030911901081916538,0.030911901081916538,44.38948995363214,0.030911901081916538,15.734157650695515,1.267387944358578,0.0927357032457496,0.030911901081916538,37.805255023183925,0.0,0.12364760432766615,0.0
0.49689440993788814,0.03105590062111801,,44.72049689440993,0.03105590062111801,16.39751552795031,1.2732919254658384,0.40372670807453415,0.03105590062111801,36.45962732919254,0.0,0.12422360248447203,0.0
0.6387735547748322,0.06387735547748323,1.5649952091983392,,3.0022357074417116,6.291919514532098,0.031938677738741615,0.0,0.06387735547748323,48.16352603002235,0.0,,0.0
0.473186119873817,0.031545741324921134,0.031545741324921134,45.299684542586746,0.031545741324921134,9.589905362776024,1.2933753943217663,0.0946372239747634,0.031545741324921134,43.028391167192424,0.0,0.0946372239747634,0.0
0.5315822388993121,0.031269543464665414,0.031269543464665414,45.27829893683552,0.031269543464665414,16.322701688555348,1.282051282051282,0.37523452157598497,0.031269543464665414,,0.0,,0.0
,,3.244646333549643,40.88254380272551,,,0.6813757300454251,0.0,0.25957170668397145,44.678780012978585,0.0,0.0973393900064893,0.0
0.6132989025177534,,1.5816655907036798,40.44544867656552,3.0987734021949644,4.777275661717237,1.0652033570045192,0.0,,48.256939961265324,0.0,0.09683666881859264,0.0
0.71731333550701,0.032605151613955004,3.2931203130094553,41.11509618519726,,6.455820019563091,0.032605151613955004,0.0,,44.92989892402999,0.0,,0.0
0.7592534008225243,0.031635558367605184,0.031635558367605184,28.155646947168613,,5.37804492249288,0.8857956342929453,0.0,,41.12622587788673,0.0,0.09490667510281554,0.09490667510281554
0.7989773090444232,0.03195909236177692,,45.03036113774369,2.972195589645254,6.391818472355386,0.03195909236177692,0.0,0.2556727388942154,44.359220198146375,0.0,0.09587727708533077,0.0
0.03171582619727244,0.03171582619727244,0.03171582619727244,28.036790358388835,34.28480811925151,3.77418331747542,1.30034887408817,0.0,0.03171582619727244,29.305423406279736,0.0,1.3637805264827148,
0.031269543464665414,0.12507817385866166,,30.95684803001876,21.857410881801126,8.59912445278299,0.0,0.0,0.0,,7.598499061913697,5.628517823639775,0.0
0.03002101471029721,0.03002101471029721,0.03002101471029721,0.03002101471029721,43.83068147703392,9.306514560192134,0.03002101471029721,0.0,0.03002101471029721,46.2323626538577,0.0,0.09006304413089163,
0.06700167504187604,0.03350083752093802,,46.566164154103845,17.085427135678387,0.06700167504187604,0.03350083752093802,0.0,,29.815745393634835,0.0,0.06700167504187604,0.13400335008375208
,0.03163555836760519,0.03163555836760519,24.485922176526415,37.67795001581777,3.100284720025308,0.03163555836760519,0.0,0.03163555836760519,31.477380575767157,0.0,0.8541600759253402,2.246124644099968
,0.032061558191728116,0.032061558191728116,45.14267393395318,2.9817249118307148,6.412311638345623,0.032061558191728116,0.0,0.25649246553382493,44.34113497915998,0.0,0.09618467457518433,0.0
,0.03202049311559398,0.03202049311559398,28.818443804034583,4.803073967339097,6.404098623118797,0.9606147934678193,0.0,0.03202049311559398,57.636887608069166,0.0,0.09606147934678194,
0.0,0.031918289179699966,0.031918289179699966,35.46121927864666,31.918289179699965,3.925949569103096,,0.0,0.031918289179699966,23.970635173954673,0.893712097031599,1.819342483242898,1.883179061602298
0.6182883176049464,0.03254149040026034,1.627074520013017,,3.0914415880247317,4.816140579238529,,0.0,0.03254149040026034,48.87731858119102,0.0,0.09762447120078101,0.0
,,0.030543677458766037,30.910201588271224,21.411117898594988,16.737935247403787,0.030543677458766037,0.0,,30.696395846059865,0.0,0.0916310323762981,0.0
0.11951000896325069,0.029877502240812672,0.029877502240812672,0.029877502240812672,56.16970421272782,17.9265013444876,0.029877502240812672,0.0,0.029877502240812672,23.902001792650136,0.0,0.47804003585300275,1.2548550941141319
,0.03227888960619755,0.03227888960619755,45.22272433828277,3.0019367333763722,6.423499031633312,0.03227888960619755,0.0,0.2582311168495804,44.41575209812783,0.0,,0.0
0.5564648117839608,,2.5531914893617023,41.04746317512275,3.1096563011456633,,0.03273322422258593,0.0,0.2618657937806874,45.793780687397714,0.0,0.09819967266775778,0.0
0.6887504099704822,0.03279763857002296,1.8366677599212862,41.12823876680879,3.2469662184322736,6.461134798294524,1.115119711380781,0.0,,45.1295506723516,0.0,0.09839291571006889,0.0
0.5846053913608315,0.3572588502760637,0.2923026956804157,0.032478077297823975,57.81097759012667,0.06495615459564795,,0.0,0.032478077297823975,26.17733030204612,0.0,,0.2598246183825918
0.6935270805812417,,2.4108322324966975,41.31439894319683,3.1043593130779388,6.53896961690885,0.03302509907529723,0.0,0.26420079260237783,45.508586525759576,0.0,0.09907529722589167,0.0
0.034435261707988975,0.034435261707988975,5.922865013774104,54.063360881542685,14.11845730027548,0.06887052341597795,,0.0,0.034435261707988975,25.482093663911844,0.0,0.06887052341597795,0.1377410468319559
0.628514720476348,0.03307972213033411,2.4148197155143896,41.25041349652663,,6.5497849818061535,0.03307972213033411,0.0,0.2646377770426729,45.5838570956004,0.0,,0.0
,0.032268473701193935,0.032268473701193935,,,,0.9035172636334302,0.0,0.032268473701193935,49.37076476282672,1.6134236850596964,,
,0.0332667997338656,1.66333998669328,41.74983366600133,3.1270791749833657,6.586826347305388,,0.0,0.2661343978709248,45.741849634065204,0.0,0.09980039920159679,0.0
0.7653910149750417,0.03327787021630616,1.7304492512479204,41.497504159733786,3.1613976705490847,6.555740432612313,,0.0,0.2662229617304493,45.856905158069885,0.0,0.09983361064891848,0.0
0.09287925696594426,0.03095975232198142,0.03095975232198142,,56.96594427244581,15.170278637770899,0.03095975232198142,0.0,,21.671826625386995,0.0,,5.479876160990711
0.6333333333333333,0.03333333333333333,1.6666666666666667,42.13333333333333,3.266666666666666,,,0.0,0.06666666666666667,45.56666666666666,0.0,0.1,0.0
0.666000666000666,0.0333000333000333,,46.02064602064602,3.7629037629037625,3.296703296703297,0.0333000333000333,0.0,0.29970029970029965,,0.0,0.0999000999000999,0.0
0.6958250497017893,,0.03313452617627568,46.52087475149106,0.03313452617627568,6.59377070907886,,0.0,0.26507620941020543,45.692511597084156,0.0,0.09940357852882703,0.0
0.7002334111370456,0.03334444814938312,1.2337445815271757,41.980660220073354,3.2010670223407796,6.60220073357786,0.03334444814938312,0.0,0.266755585195065,45.8486162054018,0.0,0.10003334444814936,0.0
0.03129890453834116,0.03129890453834116,0.03129890453834116,0.03129890453834116,53.20813771517996,15.023474178403754,1.0641627543035994,0.0,,27.2300469483568,0.0,1.2206572769953052,
0.06383657835939993,0.031918289179699966,0.031918289179699966,0.031918289179699966,46.28151931056495,2.936482604532397,0.031918289179699966,0.0,0.031918289179699966,49.15416533673795,0.0,0.0957548675390999,1.3086498563676985
0.03121098626716604,0.15605493133583018,0.15605493133583018,0.03121098626716604,54.3071161048689,15.51186017478152,,0.0,0.03121098626716604,24.65667915106117,0.0,0.4057428214731585,4.681647940074905
,,1.0080645161290323,41.86827956989247,,6.619623655913978,0.033602150537634407,0.0,0.26881720430107525,46.202956989247305,0.0,0.10080645161290322,0.0
0.5251066622907777,0.03281916639317361,0.03281916639317361,46.80013127666557,0.03281916639317361,16.17984903183459,1.509681654085986,,0.03281916639317361,34.62422054479816,0.0,,0.0
0.06504065040650406,0.03252032520325203,0.03252032520325203,0.03252032520325203,47.80487804878049,0.06504065040650406,,0.0,0.03252032520325203,,0.0,0.0975609756097561,1.3983739837398372
0.6709158000670915,0.03354579000335458,0.03354579000335458,41.69741697416974,4.059040590405904,6.742703790674269,,0.0,0.26836632002683664,46.36028178463603,0.0,,0.0
0.0,,0.03318951211417192,47.46100232326584,27.547295054762692,8.629273149684698,0.03318951211417192,0.0,,14.271490209093923,0.0,0.33189512114171915,1.6262860935944239
0.0,0.03318951211417192,0.03318951211417192,47.461002323265845,,8.29737802854298,0.03318951211417192,0.0,,,0.0,,1.55990706936608
,,6.897784131522515,49.6783416726233,,0.0714796283059328,,0.0,0.0357398141529664,,0.0,0.10721944245889918,0.17869907076483202
0.21074815595363536,7.341060765718297,,57.67474534597822,18.05409202669476,5.3038285914998236,0.03512469265893923,0.0,0.03512469265893923,7.130312609764662,0.0,3.090972953986652,0.0
0.6399461098012799,,0.033681374200067365,42.47221286628494,3.3344560458066685,,0.033681374200067365,0.0,,46.44661502189289,0.0,0.10104412260020208,0.0
0.6800408024481468,0.03400204012240734,,40.598435906154364,,3.3662019721183265,0.03400204012240734,0.0,0.3400204012240734,46.378782726963614,0.0,0.10200612036722202,0.0
0.032092426187419774,,0.032092426187419774,,48.78048780487806,16.367137355584084,0.032092426187419774,0.0,0.032092426187419774,29.52503209242619,0.0,,2.246469833119384
0.032175032175032175,0.032175032175032175,0.032175032175032175,0.032175032175032175,48.58429858429858,,0.032175032175032175,0.0,0.032175032175032175,29.601029601029598,0.0,2.9601029601029603,2.2522522522522523
0.07272727272727274,0.03636363636363637,6.981818181818182,56.36363636363636,14.181818181818182,0.07272727272727274,0.03636363636363637,0.0,,21.818181818181817,0.0,0.14545454545454548,0.2545454545454546
0.7928300586004827,,1.2409513960703207,43.43329886246122,3.2747328507411235,6.790761806273698,0.03447087211306446,0.0,0.2757669769045157,44.01930368838332,0.0,0.1034126163391934,0.0
,,,30.68530514831231,,4.432321854756222,0.9887487214456188,0.0,0.03409478349812479,,0.0,0.10228435049437436,0.10228435049437436
0.06353240152477763,,0.03176620076238881,0.03176620076238881,59.0851334180432,,0.03176620076238881,0.0,0.03176620076238881,21.283354510800507,0.0,0.38119440914866576,2.8271918678526045
,0.03181673560292714,,0.03181673560292714,59.17912822144448,16.22653515749284,0.03181673560292714,0.0,0.03181673560292714,21.953547566019726,0.0,,2.036271078587337
0.8185538881309684,0.03410641200545702,,30.35470668485675,17.39427012278308,5.798090040927693,,0.0,,44.33833560709412,0.0,0.10231923601637105,0.10231923601637105
0.7439972945552925,0.033818058843422386,0.033818058843422386,10.246871829556982,37.7747717281028,3.990530943523841,0.033818058843422386,0.0,0.033818058843422386,46.973283733513696,0.0,,0.033818058843422386
,0.03242542153047989,,0.03242542153047989,49.610894941634236,16.536964980544745,0.03242542153047989,0.0,0.03242542153047989,29.5071335927367,0.0,1.9455252918287935,2.2049286640726327
,,0.03444712366517396,31.00241129865656,16.5346193592835,5.167068549776094,,0.0,0.03444712366517396,44.78126076472615,0.0,0.10334137099552188,0.06889424733034792
0.6889424733034791,0.034447123665173954,0.034447123665173954,36.272821219428174,,6.820530485704443,0.034447123665173954,0.0,0.34447123665173957,47.0892180502928,0.0,0.10334137099552188,0.0
0.78418002045687,0.03409478349812479,0.03409478349812479,10.603477667916808,38.3907262188885,4.057279236276849,0.03409478349812479,0.0,0.03409478349812479,45.95976815547221,0.0,0.03409478349812479,0.03409478349812479
0.09897723523589572,0.03299241174529857,,0.03299241174529857,49.48861761794786,16.496205872649288,0.03299241174529857,0.0,0.6598482349059716,29.03332233586275,0.0,3.2332563510392607,0.857802705377763
0.0968054211035818,0.032268473701193935,,0.032268473701193935,59.05130687318489,16.456921587608903,0.032268473701193935,0.0,0.032268473701193935,21.619877379799934,0.0,0.35495321071313324,2.258793159083575
0.336417157275021,2.0857863751051298,1.2447434819175776,41.02607232968881,0.033641715727502096,20.68965517241379,0.033641715727502096,0.10092514718250628,,34.31455004205214,0.0,0.10092514718250628,0.0
0.7505970658478334,,,10.610713067212554,38.28045035823951,4.060047765267826,0.03411804844762879,0.0,0.03411804844762879,46.0934834527465,0.0,,
,0.034176349965823645,0.034176349965823645,10.594668489405331,38.20915926179084,4.0669856459330145,,0.0,0.034176349965823645,46.206425153793575,0.0,0.034176349965823645,0.034176349965823645
0.7890222984562607,,0.03430531732418524,10.634648370497427,38.01029159519725,4.082332761578044,0.03430531732418524,0.0,0.03430531732418524,46.277873070325896,0.0,0.03430531732418524,0.03430531732418524
0.7876712328767123,0.03424657534246575,0.03424657534246575,10.650684931506847,38.21917808219178,4.041095890410959,0.03424657534246575,0.0,0.03424657534246575,46.0958904109589,0.0,0.03424657534246575,0.03424657534246575
0.8238928939237898,0.03432887058015791,0.03432887058015791,10.710607621009268,37.967730861654644,4.085135599038791,0.03432887058015791,0.0,,46.20665980089255,0.0,,0.03432887058015791
,2.1691973969631233,1.0845986984815617,52.42227042660882,30.73029645697758,9.038322487346347,,0.0,0.03615328994938539,,0.0,4.338394793926247,0.0
0.7201646090534978,0.034293552812071325,,,,4.080932784636487,0.034293552812071325,0.0,0.034293552812071325,46.22770919067215,0.0,0.034293552812071325,0.034293552812071325
0.7903780068728522,,,10.721649484536082,37.90378006872852,,0.034364261168384876,0.0,0.034364261168384876,46.21993127147766,0.0,,
0.27081922816519965,1.9972918077183475,1.0155721056194988,41.16452268111035,0.03385240352064996,21.327014218009474,0.03385240352064996,0.1692620176032498,0.03385240352064996,33.85240352064996,0.0,,0.0
0.06544502617801047,,,0.032722513089005235,59.22774869109947,15.70680628272251,,0.0,0.9816753926701569,22.251308900523554,0.0,0.29450261780104703,1.3416230366492143
0.03409478349812479,0.03409478349812479,0.10228435049437436,,34.16297306512104,,0.0,0.03409478349812479,0.0,27.75315376747358,7.807705421070576,0.6818956699624958,
0.26697177726926014,2.2883295194508007,1.1441647597254003,64.83600305110602,26.697177726926007,0.07627765064836002,0.03813882532418001,0.0,0.03813882532418001,0.03813882532418001,0.0,4.576659038901601,0.0
0.06823609689525759,0.03411804844762879,0.03411804844762879,17.400204708290683,38.21221426134424,17.400204708290683,0.03411804844762879,0.0,0.03411804844762879,21.15319003752985,0.0,2.422381439781644,3.207096554077107
0.06805035726437565,0.034025178632187826,0.034025178632187826,17.352841102415788,38.10820006805036,17.352841102415788,1.6672337529772034,0.0,,,0.0,1.3950323239197007,2.517863218781899
0.3450920245398772,,1.2269938650306746,67.0245398773006,17.02453987730061,0.07668711656441717,,0.0,0.03834355828220858,0.03834355828220858,0.0,3.4509202453987724,0.0
,0.033840947546531296,0.033840947546531296,17.25888324873096,,17.25888324873096,3.1810490693739415,0.0,0.033840947546531296,21.319796954314718,0.0,0.3045685279187817,2.639593908629441
0.06697923643670461,,0.03348961821835231,0.03348961821835231,48.894842598794376,16.744809109176156,1.4400535833891492,0.0,0.6697923643670463,29.80576021433356,0.0,1.6075016744809107,
0.06713662302786169,0.033568311513930846,0.033568311513930846,,50.016784155756966,16.112789526686804,,0.0,0.033568311513930846,29.204431017119838,0.0,1.2084592145015105,2.38335011748909
,1.514629948364888,1.1015490533562822,41.308089500860575,0.03442340791738382,21.20481927710843,0.03442340791738382,0.10327022375215145,0.03442340791738382,34.42340791738381,0.0,,0.0
0.1341381623071764,,0.0335345405767941,,50.30181086519114,16.76727028839705,0.0335345405767941,0.0,0.670690811535882,29.51039570757881,0.0,,0.8048289738430583
,,2.184200946487077,29.850746268656714,9.464870768110668,4.732435384055334,1.0556971241354205,0.0,0.036403349108117954,51.692755733527484,0.0,0.10921004732435385,0.07280669821623591
0.034071550255536626,,0.034071550255536626,17.035775127768314,,17.035775127768314,0.034071550255536626,0.0,0.034071550255536626,21.12436115843271,0.0,0.30664395229982966,6.166950596252129
0.5996472663139331,0.5643738977072311,0.17636684303350975,10.476190476190478,35.34391534391534,4.268077601410935,0.035273368606701945,0.0,,48.46560846560847,0.0,0.035273368606701945,0.0
0.2646502835538752,2.268431001890359,1.1342155009451795,56.71077504725898,26.46502835538752,8.506616257088846,,0.0,0.03780718336483932,0.03780718336483932,0.0,4.536862003780718,0.0
0.10779734099892199,0.17966223499820336,,0.03593244699964067,58.929213079410694,0.07186489399928134,14.372978799856268,0.0,0.03593244699964067,24.79338842975206,0.0,,0.5030542579949694
1.4730639730639725,0.29461279461279455,19.991582491582488,0.04208754208754208,77.86195286195284,,0.04208754208754208,0.0,,0.04208754208754208,0.0,0.12626262626262624,0.0
,0.03455425017277125,0.03455425017277125,17.277125086385624,38.35521769177608,17.622667588113337,0.03455425017277125,0.0,0.03455425017277125,21.769177608845887,0.0,0.3455425017277125,4.457498272287491
0.3435114503816793,,,66.79389312977098,16.030534351145036,10.496183206106869,0.038167938931297704,0.38167938931297707,0.038167938931297704,0.038167938931297704,0.0,0.11450381679389308,0.0
0.6773618538324422,0.035650623885918005,,24.242424242424242,9.982174688057041,8.556149732620321,0.9982174688057044,0.0,0.035650623885918005,50.623885918003566,,,
,1.9040365575019036,,65.19421172886518,,7.692307692307692,,0.0,0.03808073115003808,,0.0,0.1142421934501142,0.0
0.3439972480220158,1.823185414516684,0.8943928448572412,42.38046095631235,0.03439972480220158,0.06879944960440317,0.03439972480220158,0.10319917440660474,0.03439972480220158,33.539731682146545,20.639834881320947,0.10319917440660474,0.0
0.5860805860805861,0.5860805860805861,,7.216117216117215,36.81318681318682,3.6630036630036633,,0.0,0.03663003663003663,50.84249084249084,0.0,0.03663003663003663,0.0
0.5886681383370124,0.22075055187637965,,7.174392935982339,37.34363502575423,3.6055923473142006,0.03679175864606327,0.0,,50.77262693156732,0.0,0.03679175864606327,0.03679175864606327
0.07125044531528321,0.035625222657641606,,17.8126113288208,39.54399714998218,17.10010687566797,0.035625222657641606,0.0,,22.087638047737794,0.0,0.32062700391877447,2.9212682579266116
0.4080118694362017,,,,,,0.037091988130563795,0.07418397626112759,0.037091988130563795,37.83382789317506,0.0,0.11127596439169138,0.0
0.9125475285171101,0.03802281368821292,0.03802281368821292,34.600760456273754,10.646387832699618,4.94296577946768,1.4068441064638781,0.0,0.03802281368821292,,0.0,0.11406844106463876,0.11406844106463876
0.8771929824561401,0.038138825324180003,0.038138825324180003,34.324942791762005,,4.958047292143402,1.1441647597254,0.0,,47.67353165522501,0.0,0.11441647597254002,0.11441647597254002
0.07057163020465773,0.035285815102328866,0.035285815102328866,0.035285815102328866,45.87155963302752,17.642907551164434,1.6584333098094564,0.0,0.035285815102328866,31.40437544107269,0.0,0.7057163020465773,2.505292872265349
0.6854531607006855,,0.038080731150038086,34.65346534653466,10.662604722010663,4.9504950495049505,1.1043412033511044,0.0,0.038080731150038086,,0.0,0.11424219345011424,0.11424219345011424
0.9191880505553428,,0.038299502106472615,34.469551895825354,10.723860589812332,,1.1106855610877058,0.0,0.038299502106472615,47.491382612026044,0.0,0.11489850631941785,0.07659900421294523
,12.155591572123175,,68.88168557536466,17.017828200972446,0.08103727714748785,,0.0,0.04051863857374392,,0.0,0.12155591572123176,0.0
,0.6044578768417076,0.1888930865130336,11.220249338874197,,3.7778617302606716,0.037778617302606725,0.0,0.037778617302606725,45.5232338496411,0.0,0.037778617302606725,0.0
0.3642250101173613,8.741400242816672,0.7284500202347226,68.47430190206394,17.23998381222177,4.208822339133953,0.040469445568595705,0.0,0.040469445568595705,0.040469445568595705,0.0,0.1214083367057871,0.0
0.12135922330097082,0.04045307443365694,,51.13268608414238,34.14239482200646,9.061488673139156,0.04045307443365694,0.0,0.04045307443365694,0.04045307443365694,0.0,5.299352750809059,
0.08806693086745926,0.4403346543372963,18.80228974020255,0.04403346543372963,79.70057243505063,0.08806693086745926,0.04403346543372963,0.0,,0.04403346543372963,0.0,0.3082342580361074,0.3963011889035666
0.5800464037122969,0.6187161639597833,0.23201856148491873,7.772621809744777,38.97911832946635,4.717710750193349,0.03866976024748646,0.0,0.03866976024748646,,0.0,0.03866976024748646,0.0
0.1233552631578947,0.04111842105263157,0.04111842105263157,51.4391447368421,34.37499999999999,9.12828947368421,0.04111842105263157,0.0,,,0.0,4.358552631578947,
0.16427104722792604,0.04106776180698151,0.08213552361396302,51.41683778234085,,8.624229979466119,0.04106776180698151,0.0,0.04106776180698151,,0.0,4.106776180698151,0.0
0.12371134020618553,0.04123711340206185,0.04123711340206185,51.505154639175245,34.268041237113394,9.113402061855668,0.04123711340206185,0.04123711340206185,,0.04123711340206185,0.0,4.371134020618555,0.37113402061855655
0.12386457473162672,0.04128819157720891,0.04128819157720891,51.56895127993393,34.3104872006606,9.165978530140379,0.04128819157720891,0.0,,0.04128819157720891,0.0,4.417836498761353,0.20644095788604455
0.12376237623762372,,0.04125412541254125,51.65016501650164,34.405940594059395,,0.04125412541254125,0.04125412541254125,,0.04125412541254125,0.0,4.372937293729373,0.0825082508250825
0.12381345439537758,0.04127115146512586,0.04127115146512586,51.87783739166322,,9.162195625257942,0.04127115146512586,,0.04127115146512586,0.04127115146512586,0.0,4.333470903838216,0.04127115146512586
0.12355848434925859,0.041186161449752866,0.041186161449752866,51.6474464579901,34.51400329489291,9.225700164744644,0.041186161449752866,0.0,0.041186161449752866,,0.0,4.242174629324546,0.041186161449752866
,0.041339396444811896,0.041339396444811896,51.632906159570055,34.31169904919387,9.218685407193052,0.041339396444811896,0.0,,0.041339396444811896,0.0,4.423315419594872,
0.16494845360824742,0.041237113402061855,0.041237113402061855,51.587628865979376,34.30927835051546,9.154639175257731,0.041237113402061855,0.0,0.041237113402061855,,0.0,4.371134020618556,0.20618556701030924
0.1652209830648492,0.0413052457662123,0.0413052457662123,51.425030978934316,,9.087154068566706,,0.0,0.0413052457662123,,0.0,4.29574555968608,0.41305245766212306
0.4692999608916699,0.7039499413375049,0.23464998044583496,7.86077434493547,39.38208838482597,3.910833007430583,,0.0,0.03910833007430583,47.32107938991005,0.0,0.03910833007430583,0.0
0.12406947890818854,0.04135649296939618,0.04135649296939618,51.736972704714624,34.243176178660036,9.09842845326716,0.04135649296939618,0.04135649296939618,0.04135649296939618,0.04135649296939618,0.0,,0.20678246484698093
,0.04132231404958677,0.04132231404958677,51.69421487603305,,9.173553719008263,0.04132231404958677,0.0,0.04132231404958677,0.04132231404958677,0.0,4.3801652892561975,
0.12396694214876029,0.041322314049586764,,51.90082644628098,,9.173553719008263,,0.0,,0.041322314049586764,0.0,4.21487603305785,
,0.041322314049586764,,51.61157024793387,34.297520661157016,9.132231404958675,0.041322314049586764,0.0,0.041322314049586764,0.041322314049586764,0.0,4.21487603305785,0.37190082644628086
,0.04135649296939618,0.04135649296939618,51.53019023986764,34.491315136476416,9.263854425144746,0.04135649296939618,0.0,0.04135649296939618,,0.0,4.301075268817203,0.04135649296939618
0.12442969722107006,0.04147656574035669,,51.72127747822479,34.46702613023641,9.124844462878471,0.04147656574035669,0.0,,0.04147656574035669,0.0,4.27208627125674,0.08295313148071339
0.8140008140008141,0.0407000407000407,,33.37403337403337,8.547008547008547,5.291005291005291,1.1803011803011803,0.0,0.0407000407000407,50.46805046805047,0.0,0.1221001221001221,0.0814000814000814
0.1667361400583576,0.0416840350145894,0.0416840350145894,51.479783243017906,34.47269695706544,9.212171738224258,0.0416840350145894,0.0,0.0416840350145894,0.0416840350145894,0.0,4.335139641517298,0.1250521050437682
0.5418924551896622,4.16840350145894,1.042100875364735,64.61025427261357,17.50729470612755,11.463109629012086,0.0416840350145894,0.41684035014589405,0.0416840350145894,0.0416840350145894,0.0,0.1250521050437682,0.0
0.60111635895234,12.881064834692998,1.0304851867754399,,17.775869471876334,0.08587376556462,0.04293688278231,0.0,0.04293688278231,0.04293688278231,0.0,0.12881064834692998,0.0
0.16632016632016627,0.04158004158004157,0.04158004158004157,52.3076923076923,,9.147609147609147,0.04158004158004157,0.0,0.04158004158004157,0.04158004158004157,0.0,3.201663201663201,0.08316008316008314
0.5056890012642223,2.2756005056890007,5.056890012642224,50.65318162663295,8.428150021070374,12.68436578171091,1.4749262536873153,0.21070375052675933,1.7277707543194263,,0.0,,0.0
,0.2875924404272802,0.45193097781429736,46.42563681183237,42.31717337715694,8.422350041084632,0.04108463434675431,0.0,0.04108463434675431,0.04108463434675431,0.0,0.9860312243221033,
,0.042016806722689065,,52.2689075630252,34.70588235294117,9.201680672268905,,0.0,,0.042016806722689065,0.0,3.2352941176470584,
1.633986928104575,0.65359477124183,,49.59150326797385,0.04084967320261437,23.856209150326794,3.92156862745098,0.0,,20.09803921568627,0.0,0.12254901960784312,0.0
,0.039123630672926436,0.039123630672926436,43.81846635367761,37.5978090766823,,0.039123630672926436,0.0,0.039123630672926436,0.039123630672926436,,1.525821596244131,1.0172143974960874
0.16835016835016833,0.04208754208754208,,52.1043771043771,,9.259259259259258,,0.0,0.04208754208754208,,0.0,3.4090909090909087,0.12626262626262624
,0.03968253968253968,0.03968253968253968,0.03968253968253968,83.33333333333333,8.333333333333332,,0.0,0.03968253968253968,0.03968253968253968,0.0,0.5158730158730158,7.539682539682538
0.04518752824220515,,14.9118843199277,,83.59692724807952,0.0903750564844103,0.04518752824220515,0.0,0.04518752824220515,0.04518752824220515,0.0,0.22593764121102575,0.49706281066425656
0.04093327875562832,,,42.97994269340973,42.16127711829717,12.68931641424478,,0.0,0.04093327875562832,0.04093327875562832,0.0,1.4735980352026194,0.4502660663119116
0.08406893652795291,3.1105506515342576,,42.87515762925598,42.87515762925598,8.322824716267338,0.04203446826397646,0.0,0.04203446826397646,,0.0,1.2610340479192936,
0.04199916001679966,,0.08399832003359932,44.519109617807636,44.519109617807636,8.651826963460731,,0.0,0.04199916001679966,0.04199916001679966,0.0,1.5119697606047877,0.3359932801343973
0.38505968425105896,1.9252984212552948,1.1551790527531767,46.20716211012707,7.701193685021179,0.07701193685021179,0.038505968425105896,0.0,0.038505968425105896,19.252984212552946,23.103581055063536,0.11551790527531768,0.0
0.0,0.4233700254022014,,43.18374259102454,44.03048264182895,8.46740050804403,0.042337002540220145,0.0,0.042337002540220145,0.042337002540220145,0.0,1.0584250635055037,0.9737510584250634
0.041718815185648725,,0.4171881518564872,,50.89695452649144,12.72423863162286,0.041718815185648725,0.0,0.041718815185648725,,0.0,2.6282853566958697,0.8343763037129744
,0.5069124423963133,14.654377880184327,,84.33179723502302,0.0921658986175115,0.04608294930875575,0.0,,0.04608294930875575,0.0,0.13824884792626724,0.0
0.0,0.29548332629801605,0.42211903756859437,43.90037990713381,43.90037990713381,9.286618826509075,,0.0,0.04221190375685943,0.04221190375685943,0.0,1.0552975939214857,1.0130856901646264
0.0,,1.2760527435133986,43.38579327945554,44.23649510846448,8.719693747341555,0.042535091450446615,0.0,0.042535091450446615,,0.0,0.8507018290089324,0.9357720119098255
0.04173622704507512,0.33388981636060094,0.20868113522537562,39.23205342237061,44.65776293823037,13.35559265442404,0.04173622704507512,0.0,0.04173622704507512,0.04173622704507512,0.0,1.1268781302170283,0.9181969949916525
0.1280409731113956,0.042680324370465206,,45.667947076397766,40.37558685446009,,0.042680324370465206,0.0,0.042680324370465206,0.042680324370465206,0.0,1.9632949210413995,1.1950490823730258
0.0,0.21114864864864863,0.08445945945945943,47.29729729729728,41.80743243243242,8.657094594594591,,0.0,0.042229729729729715,,0.0,0.5489864864864863,1.2668918918918914
0.0,,0.34013605442176864,43.367346938775505,43.79251700680272,8.588435374149658,,0.0,0.04251700680272108,,0.0,,0.977891156462585
0.0,1.8747337025990622,0.3408606731998295,43.03365999147847,43.88581167447805,8.521516829995738,0.042607584149978686,0.0,0.042607584149978686,0.042607584149978686,0.0,1.2782275244993604,
0.042789901583226354,,0.7702182284980743,43.64569961489087,44.07359863072314,8.771929824561402,0.042789901583226354,0.0,0.042789901583226354,,0.0,1.1553273427471116,0.9413778348309797
0.04260758414997869,0.12782275244993607,,43.45973583297826,44.737963357477625,,0.04260758414997869,0.0,0.04260758414997869,0.04260758414997869,0.0,0.9799744354495099,1.0225820195994886
,0.51524259338772,0.25762129669386,44.2249892657793,,8.80206097037355,0.042936882782310004,0.0,0.042936882782310004,0.042936882782310004,0.0,,0.90167453842851
0.04212299915754001,0.21061499578770007,0.37910699241786006,32.224094355518105,,12.8475147430497,0.04212299915754001,0.0,0.04212299915754001,0.04212299915754001,0.0,1.9376579612468403,0.8424599831508003
0.08583690987124462,1.0300429184549356,0.4291845493562231,43.77682403433475,44.20600858369098,,0.04291845493562231,0.0,0.04291845493562231,0.04291845493562231,0.0,1.0300429184549356,0.9871244635193132
0.0,0.21542438604049974,0.0861697544161999,44.808272296423944,43.08487720809995,8.83239982766049,0.04308487720809995,0.0,0.04308487720809995,0.04308487720809995,0.0,1.5079707022834983,1.3356311934510983
,0.04205214465937762,0.04205214465937762,0.04205214465937762,73.59125315391083,8.8309503784693,,0.0,,0.04205214465937762,0.0,,8.410428931875524
0.08676789587852492,2.082429501084598,0.43383947939262457,43.383947939262455,43.383947939262455,,0.04338394793926246,0.0,0.04338394793926246,0.04338394793926246,0.0,,0.9110629067245116
0.0,0.21570319240724758,0.08628127696289903,,,8.8869715271786,0.043140638481449514,0.0,0.043140638481449514,0.043140638481449514,0.0,1.5099223468507328,0.7333908541846418
0.0,0.5179110919292187,0.3021148036253776,42.72766508416054,45.317220543806634,9.063444108761328,0.043159257660768224,0.0,0.043159257660768224,0.043159257660768224,0.0,,0.9495036685369009
1.528013582342954,,0.042444821731748725,28.650254668930387,0.042444821731748725,24.405772495755514,,0.0,0.042444821731748725,40.1528013582343,0.0,0.12733446519524616,0.0
0.08729812309035355,0.26189436927106063,0.567437800087298,45.39502400698384,43.21257092972501,9.384548232213005,0.043649061545176775,0.0,0.043649061545176775,0.043649061545176775,0.0,0.3928415539065909,0.567437800087298
0.12864493996569465,0.21440823327615777,0.47169811320754707,32.16123499142366,51.88679245283018,13.078902229845625,0.04288164665523155,0.0,0.04288164665523155,0.04288164665523155,0.0,1.0720411663807887,0.8576329331046311
0.0,,0.130718954248366,44.88017429193899,44.88017429193899,8.976034858387798,,0.0,0.04357298474945533,,0.0,0.3921568627450979,
,,0.43346337234503685,,52.015604681404426,13.090593844820111,0.043346337234503686,0.0,0.043346337234503686,0.043346337234503686,0.0,,0.26007802340702213
,0.04436557231588287,0.04436557231588287,50.133096716947634,38.33185448092279,0.08873114463176573,0.04436557231588287,0.0,,,8.163265306122447,1.7302573203194318,1.1978704525288373
0.04520795660036166,0.36166365280289325,,40.68716094032549,38.426763110307405,14.692585895117539,0.04520795660036166,0.0,0.04520795660036166,0.04520795660036166,0.0,4.068716094032549,1.039783001808318
0.0897666068222621,0.2692998204667863,0.3590664272890484,33.213644524236976,,14.58707360861759,0.04488330341113105,0.0,0.04488330341113105,0.04488330341113105,0.0,4.084380610412926,1.0323159784560143
0.0,0.538841490794791,0.3592276605298607,46.6995958688819,41.31118096093399,,0.04490345756623259,0.0,0.04490345756623259,0.04490345756623259,0.0,1.1674898967220475,0.9429726088908845
0.08532423208191127,0.042662116040955635,0.042662116040955635,0.042662116040955635,,13.225255972696246,3.839590443686007,0.0,0.042662116040955635,,0.0,0.2986348122866894,5.972696245733788
0.13876040703052728,,,49.491211840888056,47.64107308048103,0.09250693802035151,0.046253469010175755,0.0,0.046253469010175755,0.046253469010175755,0.0,0.9713228492136908,1.4338575393154485
0.13049151805132664,0.043497172683775544,0.043497172683775544,0.043497172683775544,78.72988255763374,9.56937799043062,,0.0,0.043497172683775544,0.043497172683775544,0.0,0.4349717268377555,10.874293170943886
0.13043478260869562,0.043478260869565216,0.043478260869565216,0.043478260869565216,78.69565217391303,9.565217391304346,0.043478260869565216,0.0,0.043478260869565216,0.043478260869565216,0.0,0.4782608695652173,10.869565217391303
0.04847309743092582,,12.506059137178863,0.04847309743092582,86.28211342704797,0.09694619486185165,0.04847309743092582,0.0,0.04847309743092582,0.04847309743092582,0.0,0.24236548715462913,0.33931168201648076
0.04518752824220514,0.5422503389064617,,44.283777677361044,45.18752824220514,7.6818798011748735,,0.0,0.04518752824220514,0.04518752824220514,0.0,,0.8585630366018976
0.04498425551057129,0.22492127755285646,0.4498425551057129,34.63787674313989,46.78362573099414,13.810166441745384,0.04498425551057129,0.0,0.04498425551057129,0.04498425551057129,0.0,3.0139451192082762,0.8996851102114258
0.04266211604095562,0.04266211604095562,,,75.93856655290101,13.225255972696242,4.266211604095562,0.0,0.04266211604095562,,1.4078498293515356,0.2133105802047781,4.692832764505119
0.1312335958005249,,,0.04374453193350831,75.67804024496937,0.08748906386701662,,0.0,10.936132983377076,0.04374453193350831,0.0,0.43744531933508307,4.680664916885389
1.6108520559559132,,0.04239084357778719,,0.04239084357778719,40.991945739720215,4.06952098346757,0.0,0.04239084357778719,20.81390419669351,0.0,0.12717253073336157,0.0
1.8181818181818181,0.8181818181818181,0.04545454545454545,44.04545454545454,0.04545454545454545,26.54545454545454,4.363636363636362,0.0,0.04545454545454545,22.136363636363633,0.0,0.13636363636363633,0.0
0.09694619486185166,,9.791565681047018,0.04847309743092583,89.19049927290352,0.09694619486185166,0.04847309743092583,0.0,0.04847309743092583,0.04847309743092583,0.0,0.14541929229277747,0.0
0.04576659038901601,0.22883295194508005,0.41189931350114406,,,13.958810068649882,0.04576659038901601,0.0,0.04576659038901601,0.04576659038901601,0.0,2.3798627002288324,0.9153318077803202
0.09242144177449169,0.04621072088724584,0.04621072088724584,,80.86876155268023,,8.780036968576708,0.0,0.04621072088724584,,0.0,0.41589648798521256,9.519408502772643
,0.2266545784224841,0.27198549410698086,,58.70353581142337,13.281958295557567,0.04533091568449681,0.0,0.04533091568449681,,0.0,2.3118766999093374,0.9066183136899364
,0.13175230566534912,0.04391743522178304,0.04391743522178304,79.53447518664909,13.482652613087392,,0.0,,0.04391743522178304,0.0,0.3952569169960474,6.192358366271408
0.04407227853680035,0.0881445570736007,0.04407227853680035,0.04407227853680035,80.21154693697662,13.486117232260906,,0.0,0.04407227853680035,0.04407227853680035,0.0,0.39665050683120306,
1.2952210808396603,,0.04466279589102277,,46.71728450200982,8.932559178204553,0.4466279589102278,0.0,0.04466279589102277,32.02322465386332,,0.1339883876730683,0.04466279589102277
0.0,0.04403346543372962,0.04403346543372962,0.04403346543372962,79.70057243505062,13.650374284456182,0.04403346543372962,0.0,0.04403346543372962,0.04403346543372962,0.0,0.2201673271686481,
0.12981393336218086,0.04327131112072695,0.04327131112072695,0.04327131112072695,80.05192557334486,0.0865426222414539,0.04327131112072695,0.0,0.04327131112072695,,,0.4327131112072695,6.057983556901773
0.0,0.31934306569343063,0.3649635036496349,34.21532846715328,47.90145985401459,,,0.0,0.045620437956204365,0.045620437956204365,0.0,0.9580291970802917,1.0492700729927005
0.04642525533890436,0.18570102135561745,,36.90807799442897,47.353760445682454,,0.04642525533890436,0.0,0.04642525533890436,0.04642525533890436,0.0,0.3714020427112349,0.23212627669452185
,0.3775365738555922,0.5663048607833883,42.000943841434626,39.405379896177436,,0.047192071731949024,0.0,0.047192071731949024,0.047192071731949024,0.0,1.1798017932987257,0.9438414346389805
0.046490004649000466,0.2789400278940028,0.23245002324500233,36.262203626220355,47.419804741980464,14.876801487680149,0.046490004649000466,0.0,0.046490004649000466,0.046490004649000466,0.0,0.2789400278940028,0.46490004649000466
,,0.18912529550827417,42.080378250591004,39.95271867612292,,0.04728132387706854,0.0,,0.04728132387706854,0.0,0.7092198581560282,1.0874704491725766
,0.04750593824228028,,0.04750593824228028,85.9857482185273,,0.04750593824228028,0.0,0.04750593824228028,0.04750593824228028,0.0,0.3800475059382422,8.55106888361045
,0.998573466476462,0.9034712315739417,,58.297669995244874,14.12268188302425,0.047551117451260096,0.0,0.047551117451260096,,0.0,1.0936757013789822,0.6657156443176414
,0.3840614498319731,0.2400384061449832,22.323571771483437,58.13730196831492,15.026404224675947,0.04800768122899664,0.0,0.04800768122899664,0.04800768122899664,0.0,2.736437830052808,0.9601536245799328
,12.0889748549323,,0.048355899419729204,87.04061895551256,0.09671179883945841,0.048355899419729204,0.0,0.048355899419729204,0.048355899419729204,0.0,,0.19342359767891681
,0.2409638554216867,0.578313253012048,23.13253012048192,58.6024096385542,14.409638554216864,0.04819277108433734,0.0,0.04819277108433734,,0.0,1.9277108433734935,
0.04786979415988511,0.04786979415988511,0.04786979415988511,0.04786979415988511,83.2934418382001,6.893250359023456,0.04786979415988511,0.0,0.04786979415988511,0.04786979415988511,0.0,0.3829583532790809,9.09526089037817
0.04748338081671414,0.04748338081671414,0.04748338081671414,0.04748338081671414,81.19658119658119,9.496676163342828,0.04748338081671414,0.0,0.04748338081671414,0.04748338081671414,0.0,0.332383665716999,8.641975308641973
0.09694619486185165,0.04847309743092582,0.04847309743092582,0.04847309743092582,86.28211342704797,3.1022782355792526,0.04847309743092582,0.0,0.04847309743092582,0.04847309743092582,0.0,0.3877847794474066,9.840038778477942
0.04814636494944631,0.2888781896966779,0.14443909484833894,22.48435243139143,58.449687048627815,15.26239768897448,0.04814636494944631,0.0,0.04814636494944631,0.04814636494944631,0.0,2.2628791526239764,
0.04844961240310077,0.48449612403100767,0.8720930232558137,23.594961240310074,58.52713178294573,14.389534883720929,,0.0,0.04844961240310077,0.04844961240310077,0.0,1.211240310077519,0.7267441860465115
0.04814636494944631,0.09629272989889262,0.14443909484833894,24.073182474723154,58.545979778526714,14.443909484833892,0.04814636494944631,0.0,0.04814636494944631,0.04814636494944631,0.0,1.4925373134328357,
0.09837678307919329,0.04918839153959664,0.04918839153959664,0.04918839153959664,88.04722085587798,1.4756517461878993,,0.0,0.04918839153959664,0.04918839153959664,0.0,,9.591736350221346
,0.3857280617164898,0.1928640308582449,22.806171648987466,58.24493731918997,15.188042430086787,0.04821600771456123,0.0,0.04821600771456123,0.04821600771456123,0.0,1.8322082931533268,1.1089681774349083
,0.24557956777996073,0.29469548133595286,,,14.489194499017682,0.04911591355599215,0.0,0.04911591355599215,0.04911591355599215,0.0,2.848722986247544,1.080550098231827
0.04842615012106535,,0.5326876513317189,,59.128329297820805,14.673123486682801,0.04842615012106535,0.0,,,0.0,1.2590799031476994,0.9685230024213072
1.7865765330758085,0.8691453404152583,0.048285852245292124,35.77981651376147,0.048285852245292124,33.07580878802511,4.635441815548044,0.0,0.048285852245292124,23.56349589570256,0.0,0.14485755673587639,0.0
0.0,0.1947419668938656,,24.391431353456667,57.59493670886076,14.508276533592987,0.0486854917234664,0.0,0.0486854917234664,,0.0,1.8987341772151896,0.973709834469328
0.05316321105794789,0.21265284423179157,9.941520467836257,0.05316321105794789,88.78256246677297,0.10632642211589578,0.05316321105794789,0.0,0.05316321105794789,0.05316321105794789,0.0,0.26581605528973945,
,,0.19379844961240303,22.771317829457356,59.10852713178292,15.164728682170537,0.04844961240310076,0.0,0.04844961240310076,,0.0,1.2596899224806197,0.9205426356589145
1.7874875868917575,1.0427010923535251,,38.331678252234354,0.04965243296921549,28.351539225422044,5.710029791459781,0.0,0.04965243296921549,24.478649453823234,0.0,0.14895729890764647,0.0
1.811949069539667,1.1263467189030363,,35.21057786483839,0.04897159647404505,27.962781586679725,5.386875612144956,0.0,3.819784524975514,24.43682664054848,0.0,0.14691478942213512,0.0
0.0,,0.2961500493583415,23.74136229022704,56.762092793682115,,0.04935834155972358,0.0,0.04935834155972358,0.04935834155972358,0.0,3.2576505429417564,0.9871668311944717
1.6642891107941034,1.0936757013789824,0.0475511174512601,33.99904897765097,,27.484545886828336,4.85021398002853,0.0,0.0475511174512601,23.30004755111745,7.322872087494056,0.1426533523537803,0.0
,0.34296913277804986,0.19598236158745708,22.39098481136697,59.03968642822144,15.286624203821649,0.04899559039686427,0.0,0.04899559039686427,0.04899559039686427,0.0,1.665850073493385,0.8819206271435568
0.04995004995004994,8.591408591408587,0.09990009990009988,0.04995004995004994,90.4095904095904,0.09990009990009988,0.04995004995004994,0.0,0.04995004995004994,0.04995004995004994,0.0,0.24975024975024968,0.29970029970029954
1.5490533562822717,0.7314974182444062,,30.59380378657487,0.043029259896729774,1.0757314974182444,4.647160068846816,0.0,0.043029259896729774,21.643717728055076,39.50086058519793,,0.0
0.049751243781094516,,0.5472636815920396,22.985074626865668,60.09950248756218,13.88059701492537,0.049751243781094516,0.0,0.049751243781094516,0.049751243781094516,0.0,,0.9950248756218903
2.2085259373394965,1.078582434514638,0.05136106831022085,36.67180277349769,0.05136106831022085,28.864920390344125,5.238828967642528,0.0,,25.629173086800204,0.0,0.15408320493066258,0.0
0.10070493454179252,0.05035246727089626,0.05035246727089626,0.05035246727089626,79.05337361530712,10.070493454179251,,0.0,0.05035246727089626,0.05035246727089626,0.0,0.5035246727089626,9.969788519637458
2.0113460546673543,1.1346054667354306,0.0515729757607014,36.04951005673027,0.0515729757607014,29.654461062403296,5.569881382155751,0.0,,25.270758122743686,0.0,0.15471892728210415,0.0
0.10443864229765012,0.36553524804177545,,24.543080939947778,53.263707571801554,16.18798955613577,,0.0,0.05221932114882506,0.05221932114882506,0.0,3.655352480417754,
2.088772845953003,0.731070496083551,0.052219321148825076,38.69451697127938,0.052219321148825076,30.026109660574413,2.924281984334204,0.0,0.052219321148825076,,0.0,0.1566579634464752,0.0
